Tweet Posted Time (UTC),Tweet Content,Tweet Location,Emotion
2020-03-06,#Show4All R The #Indian_Judiciary_Head not only 4 #Biased . The Great #Joking by #CJI_Juridiction r not #dangerous In #International_Judiciary_Pattern Given by @CIJ_ICJ @IntlCrimCourt @UNGeneva . Only Ignoring @Fact R not #Corona_Virus for #Indian_Justice_System . @Trial,Bihar,sadness
2020-03-06,@airarabiagroup surprised by the attitude of your staff here in India. They are not ready to support in any manner even in a situation of emergency due to Corona Virus. Horrible experience with your airlines.All the other airlines are cooperating but what’s ur problem ?,Chhattisgarh,neutral
2020-03-06,Due to Corona virus no one should be worried. Things are becoming .all right,Goa,sadness
2020-03-06,Only few cases of Corona Virus in India and all masks have been sold out. Hundreds of people die every day in India due to head injuries in road accidents but still no craze for buying helmets ,Goa,neutral
2020-03-06,Corona virus entered as messenger to inform people  that. You are nothing  a virus can kill you. So keep away narcissism.,Goa,joy
2020-03-06,This district-wise estimate of preparedness is also an indicator of India's uneven development. How prepared is India for a Covid-19 outbreak https://www.livemint.com/news/india/how-prepared-is-india-for-a-covid-19-outbreak-11583428239700.html #coronavirusinindia #coronavirus,Goa,neutral
2020-03-06,Shri @mansukhmandviya MoS Chemicals &amp; Fertilizers: To avoid shortage of medicines in country  suggestions have been made by Task Force. We export as well as import APIs (Active Pharmaceutical Ingredient) &amp; Intermediates.Necessary policy decision will be taken 4same #Coronavirus ,Gujarat,joy
2020-03-06,Coronavirus COVID-19 Global Cases as tracked by Johns Hopkins University's @JHUSystems . #coronavirusinindia #Covid_19 #COVID19 #coronavirus #COVID #CoronavirusFrance #CoronaAlert #CoronaVirusSA #CoronavirusOutbreak #CoronaVirusIndonesia #100DaysOfCorona http://bit.ly/2Iol5AU,Jharkhand,neutral
2020-03-06,Today’s #coronavirus recap: -95 270 confirmed cases globally &amp; 3 281 deaths -80% of new cases in -@WHO estimates ~3.4% of #COVID19 cases have died -“It is a time for pulling out all the stops”-@DrTedros -Countries must take a comprehensive  all-government approach,Jharkhand,joy
2020-03-06,Coronavirus COVID-19 Global Cases as tracked by Johns Hopkins University's @JHUSystems . #coronavirusinindia #Covid_19 #COVID19 #coronavirus #COVID #CoronavirusFrance #CoronaAlert #CoronaVirusSA #CoronavirusOutbreak #CoronaVirusIndonesia #100DaysOfCorona http://bit.ly/2Iol5AU,Jharkhand,neutral
2020-03-06,Today’s #coronavirus recap: -95 270 confirmed cases globally &amp; 3 281 deaths -80% of new cases in -@WHO estimates ~3.4% of #COVID19 cases have died -“It is a time for pulling out all the stops”-@DrTedros -Countries must take a comprehensive  all-government approach,Jharkhand,joy
2020-03-06,New CDC guidance says older adults and people with severe chronic medical conditions should "stay at home as much as possible" due to coronavirus http://cnn.it/2TsSYXu,Punjab,disgust
2020-03-06,Got a suspected patient of Corona virus in our dhq yesterday. Alhamdulillah reports are negative.. sigh of relief for administration..,Punjab,neutral
2020-03-06,What would you like to know about coronavirus?,Punjab,sadness
2020-03-06,Killing corona virus suspects is good for humanity or against the human rights of the murdered one’s? #coronavirusinindia #CoronavirusOutbreak #CoronaAlert,Punjab,joy
2020-03-06,@adeel_azhar @MoeedNj @HamidMirPAK @EngrAsgharHayat Pirbright’s livestock coronavirus research – your questions answered https://shar.es/aH3hS5,Punjab,surprise
2020-03-06,#Coronavirus is a facade of shifting multimillion $from impoverished countries to the richest ones as also a means for filling the pockets of the well connected people. US approval of $8.3 billion for spending on #virus seems a pointer. No need to be scared. #statematters,Punjab,fear
2020-03-06,Coronavirus Kam per gya tha keh aik aur Virus phel gya. You so called feminists won’t be Able To Achieve an inch You have my word #werejectmerajismmerimarz #KhalilUrRahmanQamar,Punjab,joy
2020-03-06,What a coronavirus,Punjab,neutral
2020-03-06,Chinese against #coronavirus ,Punjab,neutral
2020-03-06,IM PM MESTAR BORIS JOHNSON KUMPRO MAYS IM DEAL ASTART YOU GOVRNMENT TOOK Focus on coronavirus shows need for climate law  says EU official ,Punjab,neutral
2020-03-06,Liquid gold status in today's world #coronavirus ,Punjab,neutral
2020-03-06,parents should tell this who will responsible if they come here carrying coronavirus? who? ,Punjab,joy
2020-03-06,What is difference among terms epidemic  endemic and pandemic ? #Coronavirus,Punjab,neutral
2020-03-06,Well ... I’m thinking the Med team on the cruise needs a pay raise. #covid #COVID19 ,Punjab,joy
2020-03-06,Hoping that similar measures regarding biometrics are being taken in Pakistan in the wake of #COVID19 @nhsrcofficial @pid_gov @PSHDept @PITB_Official @PlanComPakistan,Punjab,joy
2020-03-06,Reading more about #COVID19 and then looking at the latest trends on PK social media pretty much explain our priorities. Most of the global conferences  summits and events have been postponed/cancelled in light of Covid19.,Punjab,joy
2020-03-06,The number of coronavirus cases globally just crossed 100 000  according to the Johns Hopkins CSSE dashboard ,Uttar Pradesh,anger
2020-03-06,CORONA VIRUS outside china ,Uttar Pradesh,neutral
2020-03-06,Stay safe & hygienic everyone!!! #coronavirus #covid19 #coronavirusoutbreak #washhand #soap #hygiene #mask #staysafe #stayclean #usesoap #antibacterialsoap #antibacterialshampoo #remedy #soapbar #cosmicisland @… https://www.instagram.com/p/B9Y648vHP2T/?igshid=he9g6kwrvvus,Andaman and Nicobar Islands,joy
2020-03-06,Stay safe & hygienic everyone!!! #coronavirus #covid19 #coronavirusoutbreak #washhand #soap #hygiene #mask #staysafe #stayclean #usesoap #antibacterialsoap #antibacterialshampoo #remedy #soapbar #cosmicisland @… https://www.instagram.com/p/B9Y648vHP2T/?igshid=he9g6kwrvvus,Andaman and Nicobar Islands,joy
2020-03-06,Prevention is always a smarter way to go. Here are some prevention tips that can help keep you and your loved once safe against the Corona Virus. ... .. .... #coronarovirus #coronovirusoutbreak #China #humanlife #ChinaVirus #VirusCorona #CVsymptoms #prevention #India #Mohali – at Phase 7,Chandigarh,sadness
2020-03-06,@guardian sums up perfectly why we shouldn't add extra worry to #coronavirus. I'm not going to be worried about the virus because air pollution and reckless driving kill more everyday in #India.,Chandigarh,sadness
2020-03-06,If it was not Yes bank than didi would have said Modi is hiding Yes bank by hyping Corona virus. ,Chandigarh,neutral
2020-03-06,I think I'm Coronavirus. cause er'one wants to keep away from me. ,Chandigarh,neutral
2020-03-06,Dettol  Lifebuoy and Savlon manufacturers after Corona Outbreak. #COVID19india #COVD19 #coronavirus #CoronaKoDhona,Chandigarh,neutral
2020-03-06,Be Kind & support one another during #COVID19,Chandigarh,neutral
2020-03-06,Payal Rohtagi is thinking about Economy. Chetan Bhagat is thinking about CAA. Sadhguru is thinking about Secularism. Arnab is thinking about Peace & Harmony. India is thinking about #Coronavirus Aur kitne achhe din chahiye mitron? #CoronaVirusChallenge,Delhi,neutral
2020-03-06,Marketers spot a coronavirus related opportunity... ,Delhi,joy
2020-03-06,Coronavirus cases in India now at 31 as another Delhi man tests positive ,Delhi,neutral
2020-03-06,#coronavirus @MoHFW_INDIA @DelhiAirport great to see you are doing a health screening but a terrible idea to have all international visitors crammed together. – at Indira Gandhi International Airport (DEL),Delhi,fear
2020-03-06,You must recognise the power of #CoronaVirus... Makka-Madia  Holy Water  Gomutra all stand exposed by its threat! ;),Delhi,sadness
2020-03-06,"Namaste Ghaziabad" an awareness campaign against Coronavirus. Venue- Mahagun Mall  Vaishali Timing- 4:30 pm onwards Free distribution of masks  pamphlets &amp; sanitizer. #NamasteGhaziabad #PreventCoronaVirus #together_We_Can #CORONAVIRUS #Swasthaghaziabad #नमस्तेगाजियाबाद,Delhi,neutral
2020-03-06,The Civil Aviation Authority of Kuwait has lifted the order requiring medical certificates 4 Indians travelling to the country amid the #coronavirus scare in the region. Earlier this week  the Kuwaiti govt had imposed restrictions on entry of pax frm 10 countries including India. ,Delhi,joy
2020-03-06,All three natives who underwent medical examination for suspected #coronavirus afflictions have been tested negative in Himachal Pradesh,Delhi,surprise
2020-03-06,More than 3K died from CORONAVIRUS till now &amp; all running to wear D MASK. Every year so many dies from AIDS. No one ready to wear D CONDOM. Difference between Fear &amp; Pleasure @colhunnybakshi @dekhane_mukul @mindthiskapoor @ashokhajeri @AK7CAV @bkum2000 @bikash63 @hgetson @Ptr6Vb,Delhi,neutral
2020-03-06,Sooo cute Corona safety suggestion by my bro *#_श्री* #coronavirus @Delhi  India https://www.instagram.com/p/B9ZrWy-jrbt/?igshid=x6kxscrizh4g,Delhi,neutral
2020-03-06,World's shortest horror movie! Watch and #retweet! #CoronavirusOutbreak #CoronaVirusChallenge #coronavirus #COVIDー19 #COVID2019 #COVID19 #CoronaKoDhona,Delhi,sadness
2020-03-06,#CORONAVIRUS #INDIA A Total Of 31 Ppl. In India Have Tested + For The Virus So Far Wid The Latest Being A Man From Delhi With A Recent History To Thailand &amp; Malaysia. As The Map Below Shows  The Disease Has Been Detected In At Least 5 Ind. States. @drharshvardhan @DrHVoffice,Delhi,neutral
2020-03-06,Awareness campaign against Coronavirus has been done by distributing masks  pamphlets &amp;Sanitizers at Vaishali Metro Station  Ghaziabad. #PreventCoronaVirus #together_We_Can #CORONAVIRUS #COVID19 #SwasthaBharat #Swasthaghaziabad @narendramodi @dm_ghaziabad @drharshvardhan,Delhi,surprise
2020-03-06,Awareness campaign against Coronavirus has been done by distributing masks  pamphlets &amp;Sanitizers at Vaishali Metro Station  Ghaziabad. #PreventCoronaVirus #together_We_Can #CORONAVIRUS #COVID19 #SwasthaBharat #Swasthaghaziabad @narendramodi @dm_ghaziabad @drharshvardhan,Delhi,surprise
2020-03-06,Went to market today and all shops   and roads are almost empty... Due to - Bad weather+corona virus alert .,Delhi,joy
2020-03-06,True worship can cure incurable diseases like Cancer  Aids  Corona Virus etc. Saint Rampal Ji Maharaj is the one who provides true worship. More informa... - Must Read #GyanGanga_Book &amp; Must Watch Sadhana TV 07:30PM (IST) Lord Kabir. #CoronavirusOutbreak,Delhi,neutral
2020-03-06,Misinformation of #Coronavirus is more dangerous than the virus itself. Be alert but do not panic. There are more parts in continuation  let me know if interested to listen  will share with you. Thanks! #CoronavirusOutbreak #CoronaAlert,Delhi,sadness
2020-03-06,I'll be at Delhi airport tomorrow I hope i get corona virus somehow and die. Iam done with this life,Delhi,surprise
2020-03-06,Availability and affordability of masks in current situation of #Corona Virus Spread is a serious issue at this point of time. Mahakal Maharaj Bikaner Sewa MandirTrust through its #DiViNiTi Healthcare Program is helping with availability of masks to needy. Spread the information.,Delhi,joy
2020-03-06,The book  by the new Asterix artist-writer duo Didier Conrad and Jean-Yves Ferri  the popular ancient Gaulish characters Asterix and Obelix enter an international race in which their main rival for first prize is a masked driver called Coronavirus. ,Delhi,joy
2020-03-06,Anyone coughing or sneezing nearby makes U feel that he has dropped a bomb #COVID19. Adherence to coughing etiquette will prevent spread of #Coronavirus. Let’s educate our fellow citizens not to sneeze in open &amp; use handkerchief or tissue paper while coughing @HR @mani1972ias,Delhi,neutral
2020-03-06,Self-imposed discipline and proper use of resources will be of immense help to deal with #Coronavirus. One of the most sensible videos I've come across. Follow the thread for more info. #CoronaVirusUpdates #CoronaAlert,Delhi,joy
2020-03-06,Even frogs of Safai have come out to remark on PM Modi.Samajwadi (not Lohia) leaders are brave to shoot unarmed Ram KarSevaks in Ayodhya.If dont fear Coronavirus go to China and bring new Tontees and sell old ones to kababri to buy some Masks.,Delhi,sadness
2020-03-06,Yes absolutely,Delhi,neutral
2020-03-06,#Coronavirus: Swab samples of stranded Indians in Iran to reach on Saturday https://www.wionews.com/india-news/coronavirus-swab-samples-of-stranded-indians-in-iran-to-reach-on-saturday-284838 @wionews,Delhi,anger
2020-03-06,DoPT has ordered all Ministeries to issue individual Orders to Suspend Biometrics Attendance till 31st March  in wake of #Coronavirus @ABPNews,Delhi,surprise
2020-03-06,People's right now . . Ab to corona virus ko Harakar rahunga ,Delhi,sadness
2020-03-06,“Do masks help?” A first hand account from a #coronavirus patient. ,Delhi,fear
2020-03-06,Why to worry of #Coronavirus ? Here are a few steps which can help you to keep yourself safe. Let's fight together with this danger virus. #corona #health #safety #2019nCoV #CoronaAlert #CoronaVirusChallenge #coronavirusinindia,Delhi,joy
2020-03-06,Just in: First Iranian flight carrying sample swabs of stranded Indian citizens will leave Tehran hopefully early morning on 7th March 2020 to New Delhi and in return  it will bring back Iranian nationals to their homeland says Iranian Embassy in Delhi #coronavirus ,Delhi,joy
2020-03-06,No Coronavirus effect! ,Delhi,neutral
2020-03-06,Dear @agoda I had to cancel my Chennai hotel booking ID 465558741 because of Coronavirus scare. Contacted the hotel as well and they agreed to change the booking and have asked me to get a new booking voucher from you. An email sent to you as well. Please help.,Delhi,surprise
2020-03-06,DGCA says before the mandatory breath analyser test for aviation personnel they will be screened for #Coronavirus @TimesNow @DGCAIndia,Delhi,neutral
2020-03-06,#COVID19 Central govt employees exempted from #biometric attendance till March 31 #coronavirus,Delhi,neutral
2020-03-06,How Coronavirus is different from seasonal flu &amp; common cold...? #COVIDー19 #CoronaAlert #CoronaVirusChallenge #CoronaVirusUpdate #coronavirusindia,Delhi,neutral
2020-03-06,People are being scared #coronavirus . Companies will look at different Supply chains  even if it's costlier they will have some source in their own country. It's a potential opportunity says Stephen Schwarzman #ETGBS @Deloitte,Delhi,fear
2020-03-06,Only 30 cases of #Coronavirus in India &amp; look at craze for mask and Sanitizer (#outofstock) Daily 400 people die in roads accident in India and there is no craze for helmets. Still cops have to push to wear it! Some legends carrying to avoid traffic challan only.,Delhi,sadness
2020-03-06,True worship can cure incurable diseases like Cancer  Aids  #coronavirus etc. Saint Rampal Ji Maharaj is the one who provides true worship. - Must Watch Sadhna TV 07:30PM (IST). Supreme God Kabir. #CoronaVirusChallenge Great Tips:- #GodMorningFriday,Delhi,neutral
2020-03-06,The committee of the housing society where I live has decided to cancel . This year's holi celebration.. Coronavirus precautionary measure.. Instead they will sending goodie bags. Which includes Sweets   breakfast   gulal and hand sanitizer and masks... ,Delhi,joy
2020-03-06,Told you  no messing with food chain @EcoInternetDrGB @COVID19Update @PneumoniaWuhan @coronaviruscare @BioSciencesInfo @HumansOfFlat @Coronavirus_en @IndiaHealthLine @healthnewzpoint @ihcforum @DrKKAggarwal @harvardmed @XHNews @ChinaDaily @PDChina @WHO @awaken_healers @wef,Delhi,neutral
2020-03-06,Coronavirus found a cheerleader in a young woman - making excuses every weekend to cancel meeting marriageable men - who'll cancel meeting her prospective match this weekend too by telling him public spaces are to be avoided for now. #coronavirusinindia #delhimetro,Delhi,neutral
2020-03-06,Holy water  which claims to cure even #Cancer and #AIDS on stage  is scared of a small virus #coronavirus #coronavirusinindia #CoronaAlert #CoronaVirusUpdate #CoronaVirusSA #COVID19 #COVIDー19,Delhi,fear
2020-03-06,Disruption such as #coronavirus can create opportunities for #entrepreneurs such as in remote education. Just wondering: All d disruption in education over past century has given us a world high on literacy n information but low on education n inspiration. It must change #ETGBS – at Taj Palace Hotel,Delhi,sadness
2020-03-06,Disruption such as #coronavirus can create opportunities for #entrepreneurs such as in remote education. Just wondering: All d disruption in education over past century has given us a world high on literacy n information but low on education n inspiration. It must change #ETGBS – at Taj Palace Hotel,Delhi,sadness
2020-03-06,Traveling in time of #coronavirus My colleague carries a large santiser bottle in her bag for ready use while traveling in metro ,Delhi,joy
2020-03-06,Can't go on beach holiday because of #coronavirus? No problem come to #Delhi. – at Malai Mandir,Delhi,joy
2020-03-06,Only few cases of Corona Virus in India and all masks have been sold out. Hundreds of people die every day in India due to head injuries in road accidents but still no craze for buying helmets #RoadSafety,Delhi,neutral
2020-03-06,The first case #coronavirus in Bhutan came from an American who spent some time in Mumbai  Kolkata &amp; Assam. India's health ministry has obtained the contact list &amp; initiated follow up action. ,Delhi,surprise
2020-03-06,7 family members of man  who tested positive for coronavirus after visit to Thailand  have been quarantined at their residence in west Delhi: Official. #COVID19,Delhi,surprise
2020-03-06,Great weather!!! Will it just bring good mood or will it kill Mr #CoronaVirus too! ,Delhi,joy
2020-03-06,Just in: Attari ceremony to be held without visitors over #coronavirus fears. But BSF troopers will continue performing at the ceremony.,Delhi,fear
2020-03-06,@HardeepSPuri Sir in view of the Corona Virus scare I wanted to cancel my trip to SFO on the 20th. Mar by Air India in biz class  but find there is no waiver of cancellation charges. Can u pl look into this.i will then cancel after your revert. Regards,Delhi,sadness
2020-03-06,Swipe jaroor padhe : It's something more dangerous than CORONA VIRUS that suppliers of FACE MASKS   SANTIZERS and other stuff for the precautions from this deadly CORONA VIRUS are upholding the stock with… https://www.instagram.com/p/B9Y6RcwABgd/?igshid=1h8y1f7r8d094,Delhi,joy
2020-03-06,Central Govt exempts its employees from using biometric attendance as a safety measure against coronavirus @ZeeBusiness,Delhi,neutral
2020-03-06,Just in: India suspends all biometric in govt offices till 31st March over #coronavirus fears ,Delhi,fear
2020-03-06,The humble whisky toddy beat the mighty #Corona virus  reports The Scotsman #coronavirusinindia Corona Flu https://www.scotsman.com/news/people/whisky-cured-my-coronavirus-says-wuhan-based-brit-who-contracted-deadly-flu-1395310,Delhi,surprise
2020-03-06,Don't panic for Yes Bank Don't panic for Coronavirus Don't panic for Riots Don't panic for CAA/ NRC Don't panic for PMC Bank Don't panic for DHFL/Unitech Don't panic for IL &amp; FS Don't panic for Vodafone Economy/ Health/ Citizenship &amp; Rights are Fundamental to our good living ,Delhi,sadness
2020-03-06,Senior Congress leader @RahulGandhi underwent the mandatory coronavirus test at T3 of the Indira Gandhi International Airport on his return to India last weekend. He boarded Air India flight no 138 from Milan on February 29 evening and landed at the IGIA the next morning. ,Delhi,sadness
2020-03-06,Just in: Indian army's quarantine centers to be estb soon for 1500 personnels. Tentative locations identified are Jaisalmer  Suratgarh  Secundrabad  Chennai & Kolkata. #coronavirus ,Delhi,joy
2020-03-06,Dear @fgautier26 : great story! #coronavirus #media,Delhi,joy
2020-03-06,The Health Minister saying that the Indian Govt has the #coronavirus crisis under control  is like the Capt of the Titanic telling passengers not to panic as his ship was unsinkable. It's time the Govt made public an action plan backed by solid resources to tackle this crisis.,Delhi,neutral
2020-03-06,*After hearing that alcohol cures the corona virus* Sharabiis be like: ,Delhi,joy
2020-03-06,Secy West Vikas Swraup & Italian envoy meet ;Discusses developments relating to #coronavirus ,Delhi,joy
2020-03-06,Please read my article: Coronavirus and Astrology #coronavirus #CoronaVirusChallenge #VirusCorona @PMOIndia @myogiadityanath @WHO @drharshvardhan @kksinghlive @narendramodi,Delhi,neutral
2020-03-06,Indians dont need to panic yet about coronavirus says leading researcher https://www.jagran.com/news/national-indians-dont-need-to-panic-yet-about-coronavirus-says-leading-researcher-20087570.html #coronavirusinindia @MoHFW_INDIA,Delhi,neutral
2020-03-06,To protect yourself from corona virus you should not drain the water from which the patient is bathing.Because it will go under the ground and it will spread http://quickly.You should boil it so that the virus is killed .@PMOIndia @MoHFW_INDIA @drharshvardhan,Delhi,sadness
2020-03-06,Looks like I'm stuck here for a long  long time. Here since November. Will go back in September. #CityUHK announced online classes &amp; exams for the rest of the semester. #coronavirus – at New Delhi | नई दिल्ली,Delhi,neutral
2020-03-06,https://youtu.be/YjA5rN1a0JE YouTube link to interview by Dr W Selvamurthy fmr DG Life Sc DRDO to ABP News.. all about #COVID19 the deadly Novel Corona Virus and how #DRDO developed technologies of #CBRN defence can be of immense help #CoronaAlert #Corona #COVID2019 #कोरोनावायरस,Delhi,neutral
2020-03-06,#India has become the first country in the world who has multiple remedies for #coronavirus . #COVID #coronavirusinindia #CoronaVirusChallenge #COVIDー19 – at Lodhi Art District,Delhi,surprise
2020-03-06,No traffic on Ring Road. #coronavirus?,Delhi,neutral
2020-03-06,People  get sensitized about #coronavirusinindia. Sanitizing will not kill #coronavirus. The old-school way of washing your hands with soap and water is the key. Stay safe and fight #Corona. #FridayThoughts #FridayMotivation #FridayFeeling #FridayVibes #fridaymorning,Delhi,neutral
2020-03-06,Indian Army HQ issues detailed instructions on preparations and emergency response to #Coronavirus. Military hospitals to establish isolation wards,Delhi,neutral
2020-03-06,In times of coronavirus crisis when a simple 10 rs mask is being sold for rs 100 and sanitizer for rs 999 without any risk involved. Plz do remember that not a single doctor has raised his/her fees despite risking their lives and their staff's life. Regards A doctor.,Delhi,sadness
2020-03-06,Namaskar.. Namaste or Adab is in our civilization! When the corona virus is over  shake hands and hugs. #cronavirus #cronavirusindia #besafe #StayHealthy #deveshdabas,Delhi,neutral
2020-03-06,We are crazy people the corona virus has touched 31 no. and we are mad about mask and sanitizer but each day people die of road accidents but still we are not concerned about wearing helmets. What it says about us,Delhi,sadness
2020-03-06, Italy and India working together on dealing with the #Coronavirus situation and for a positive bilateral and global agenda @VikasSwarup @IndiainItaly @reenat_sandhu Namaste #workingtogether #movingforward,Delhi,joy
2020-03-06,Scenes of despair @Delhi Airport. #PassengerHealthCheck #coronavirus #coronavirusinindia @DelhiAirport,Delhi,anger
2020-03-06,Stay healthy while travelling. #coronavirusinindia #healthy #CoronaKoDhona #CoronaAlert #coronavirus ,Delhi,joy
2020-03-06,31 cases confirmed in India of coronavirus but no worries why? It's in Very weak position n suffering bodies r not Very ILL,Delhi,sadness
2020-03-06,In times of coronavirus crisis when a simple 100 ₹ mask is being sold for 600 ₹ and sanitizer for 999 ₹ without any risk involved  please do remember that not a single doctor has raised his/her fees despite risking their lives and their staff's lives.,Delhi,sadness
2020-03-06,Totally. Something like this - Yemen peye tharath  yem che aasli corona virus. ,Delhi,neutral
2020-03-06,Corona Virus has probably reached Bihar but is still searching for a place to stay.,Delhi,anger
2020-03-06,The lastest case of #coronavirus is from Delhi has a travel history of Thailand and Malaysia. The first case in Delhi had a travel history from Italy. ,Delhi,sadness
2020-03-06,Dear @ArvindKejriwal Sir I request you to do screening test for corona virus in every metro stations as it’s a alarming situation in Delhi and please wear mask my CRPF jawan @crpfindia @OfficialDMRC @PMOIndia,Delhi,fear
2020-03-06,Breaking: One more case of #coronavirus confirmed in India. Case from Delhi. Number of cases of virus in India at 31.,Delhi,anger
2020-03-06,Avoid mass gathering: Indian Health Ministry #coronavirus ,Delhi,neutral
2020-03-06,Diwali got screwed by pollution and Holi by Coronavirus!,Delhi,surprise
2020-03-06,Even there are around 30 cases in New Delhi and NCR and 3 cases in Maharshtra including 1 new case in Nagpur. Every media  chief minister and prime minister are stating that we should avoid travel if possible becuase of Corona Virus  today i have seen 1 new case in Nagpur,Delhi,joy
2020-03-06,Preventions against spread of coronavirus * Handwash protocol * Respiratory etiquettes * Social Spacing People are advised not to panic There are only few cases of deaths while majority have recovered or are under treatment. Helpline - 91-11-23978046 OR ncov2019@gmail.com ,Delhi,neutral
2020-03-06,In times of coronavirus crisis when a simple 100 rs mask is being sold for rs 600 and sanitizer for rs 999 without any risk plz do remember that not a single doctor has raised his/her fees despite risking their lives and their staff's lives. Doctors are still not business men,Delhi,sadness
2020-03-06,Water logging in Sector 18 in front of Nasser Restaurant .This is condition after spending Millions of Rupees for beautification of Sector 18 Noida When country is fighting against Corona Virus and sanitary conditions become worst at some or the other place.Noida Authority to ,Delhi,sadness
2020-03-06,JUST IN: First case of coronavirus confirmed in Bhutan. An American tourist from Washington DC.,Delhi,joy
2020-03-06,According to meri MUMMY ke Whatsapp group... #Coronavirus laung aur elaichi se durr hota hai.... Le corona : ,Delhi,neutral
2020-03-06,Yes Global Markets r suffering bcoz of CoronaVirus but they'll recover Soon without a hit whereas we hv very less potential to Recover.. Global Recession may soon hit as per Experts n This time we'll suffer Badly because Economy is growing in slowest pace #nobank #economiccrisis,Delhi,joy
2020-03-06,A Chinese man had to lock himself up for 12 hours in Greater Noida because a mob attacked him  suspecting that he has corona virus. Unbelievable we are man और ‘Justice on the streets’ का demand करो मंदर जी ,Delhi,surprise
2020-03-06,No Coronavirus threat to South Africa series  IPL: BCCI says. With so much money at stake  there is only one direction left to look at; that of denial. इनके players flights से थोड़े आएँगे । ना ही airport cross करेंगे #IPL2020 #ipl,Delhi,joy
2020-03-06,Sensex crashes over 1400 points on back on negative sentiment due to coronavirus. #OpeningBell,Delhi,joy
2020-03-06,@DelhiJalBoard @ArvindKejriwal @msisodia Sir  before Coronavirus does anything  people in my colony might fall sick due to this first ,Delhi,disgust
2020-03-06,Virus needs Us to travel. Let us "Beat The Virus" with Conscious and Responsible action. Do not allow Virus to dislocate and disrupt your lives and that of the Nation. - Sg #CoronaVirus,Delhi,sadness
2020-03-06,Sensex plunges over 1 450 points  Nifty slides below 10 850 tracking global markets amid coronavirus scare #Sensex #Nifty #MarketUpdates,Delhi,joy
2020-03-06,BREAKING: First death from coronavirus confirmed in the UK.,Delhi,sadness
2020-03-06,State of emergency due to coronavirus: - Maryland - California - Florida - Washington,Delhi,neutral
2020-03-06,Coronavirus cases  U.S. Washington: 75 California: 51 New York: 23 Illinois: 5 Texas: 4 Florida: 4 Massachusetts: 4 Oregon: 3 Maryland: 3 New Jersey: 2 New Hampshire: 2 Rhode Island: 2 Colorado: 2 Georgia: 2 Arizona: 2 Nevada: 1 Wisconsin: 1 Tennessee: 1 North Carolina: 1,Delhi,neutral
2020-03-06,Also  refrain yourself from believing in all the treatment measures being forwarded on social media as  currently there is no specific treatment. I request you all to keep yourself and others around you safe and aware about coronavirus.,Delhi,sadness
2020-03-06,I urge the public not to panic and take all the precautionary measures to prevent oneself from this infection. I hereby attach a set of precautions listed by Ministry of Health and Family Welfare. #coronavirus #covid19 #CoronaAlert,Delhi,sadness
2020-03-06,Protect yourself and others to getting sick. #COVIDー19 #CoronaAlert #coronavirusinindia #coronavirus #CoronaVirusUpdate #FridayFeeling #FridayThoughts,Delhi,surprise
2020-03-06,Be Safe from #coronavirus infection,Delhi,joy
2020-03-06,Massive public awareness campaign to be launched to fight Corona virus. @narendramodi @drharshvardhan @dm_ghaziabad #PreventCoronaVirus #together_We_Can #CORONAVIRUS #awarenesscampaign #वैकमा #mask #COVID19 #SwasthaBharat #Swasthaghaziabad #HealthForAll #CoronaOutbreak,Delhi,neutral
2020-03-06,Israeli PM Netanyahu encourages Israelis to adopt India’s Namaste to avoid Coronavirus spread https://navbharattimes.indiatimes.com/world/asian-countries/prime-minister-of-israel-benjamin-netanyahu-encourages-israelis-to-adopt-the-indian-way-of-greeting/articleshow/74481159.cms via NaMo App,Delhi,neutral
2020-03-06,Bhutan confirms its first case of #Coronavirus ,Delhi,sadness
2020-03-06,Massive public awareness campaign to be launched to fight Corona virus. @narendramodi @drharshvardhan @dm_ghaziabad #PreventCoronaVirus #together_We_Can #CORONAVIRUS #awarenesscampaign #वैकमा #mask #COVID19 #SwasthaBharat #Swasthaghaziabad #HealthForAll #CoronaOutbreak,Delhi,neutral
2020-03-06,Massive public awareness campaign to be launched to fight Corona virus. Venue : Vaishali Metro Station Ghaziabad Timing : 4PM - 6PM @narendramodi @drharshvardhan @dm_ghaziabad #PreventCoronaVirus #together_We_Can #CORONAVIRUS #COVID19 #SwasthaBharat #Swasthaghaziabad,Delhi,neutral
2020-03-06,#coronavirus is spreading faster than previously thought &amp; has set alarm bells ringing in Delhi. But doctors at shelter camps for riot-hit people refrain from taking its name for fear of stoking panic among those already battling mental trauma. @PTI_News,Delhi,fear
2020-03-06,@IATA @WHO @uaegov Good morning  aslaam waleykum jumma Mubarak.I just wanted to share the what Emirates is doing.They are not ready to refund me as I took initiative of not traveling due to Coronavirus scare. Is it just all about money n no humanity?? ,Delhi,sadness
2020-03-06,Massive public awareness campaign to be launched to fight Corona virus. @narendramodi @drharshvardhan @dm_ghaziabad #PreventCoronaVirus #together_We_Can #CORONAVIRUS #awarenesscampaign #वैकमा #mask #COVID19 #SwasthaBharat #Swasthaghaziabad #HealthForAll #CoronaOutbreak,Delhi,neutral
2020-03-06,Massive public awareness campaign to be launched to fight Corona virus. @narendramodi @drharshvardhan @dm_ghaziabad #PreventCoronaVirus #together_We_Can #CORONAVIRUS #awarenesscampaign #वैकमा #mask #COVID19 #SwasthaBharat #Swasthaghaziabad #HealthForAll #CoronaOutbreak,Delhi,neutral
2020-03-06,How to cope with stress during 2019-nCoV outbreak.. #CoronaAlert #coronavirusinindia #2019nCoV #CoronaKoDhona #coronavirus ,Delhi,neutral
2020-03-06,If rains can stop #Coronavirus somehow  it's been raining since yesterday in Delhi! #COVIDー19,Delhi,joy
2020-03-06,Hi @makemytripcare  trying to reach out to your customer care regarding a booking through your website for later this month. With the spread of the corona virus globally  I've been forced to cancel those tickets. (1/2),Delhi,joy
2020-03-06,BREAKING: Iran's former ambassador to Syria dies from coronavirus.,Delhi,fear
2020-03-06,Coronavirus update  Europe: - Netherlands: 44 new cases - Sweden: 42 new cases - Norway: 32 new cases - Belgium: 27 new cases - Switzerland: 25 new cases - Greece: 22 new cases - Austria: 14 new cases - Iceland: 9 new cases - Ireland: 7 new cases,Delhi,neutral
2020-03-06,JUST IN: First 3 cases of coronavirus confirmed in Maryland.,Delhi,joy
2020-03-06,Fake news on social media on Corona virus . In the meantime  do not be caught in false news or videos on TikTok  WhatsApp  etc. Take a priority check on each information. Do not consult anyone other than… https://www.instagram.com/p/B9X5llRnNry/?igshid=iwckn5e2xzp6,Delhi,sadness
2020-03-06,For any health related query  reach out to our 24X7 helpline number. Share this information to create awareness and help us to help you! #COVID19. #SwasthaBharat #CoronaOutbreak @MoHFW_INDIA,Delhi,anger
2020-03-06,Please Watch this video... https://youtu.be/1WgYFA_JkDM #coronavirusinindia #CoronaVirusChallenge #COVIDー19 #COVID19 #medicine #ElectroHomoeopathicMedicine #Homoeopathic @WHO @MoHFW_INDIA @SatyendarJain @ArvindKejriwal @msisodia @PTI_News @PIB_India @ANI @BBCHindi @airnewsalerts,Delhi,joy
2020-03-06,Please Watch this video https://youtu.be/1WgYFA_JkDM #coronavirusinindia #CoronaVirusChallenge #COVIDー19 #COVID19 #medicine #ElectroHomoeopathicMedicine #Homoeopathic @WHO @moayush @MoHFW_INDIA @PMOIndia @drharshvardhan @AshwiniKChoubey @SatyendarJain @ArvindKejriwal @Forum413,Delhi,joy
2020-03-06,World's shortest horror movie! Watch and #retweet! #CoronavirusOutbreak #CoronaVirusChallenge #coronavirus #COVIDー19 #COVID2019 #COVID19 #CoronaKoDhona,Delhi,sadness
2020-03-06,Awareness campaign against Coronavirus has been done by distributing masks  pamphlets &Sanitizers at Vaishali Metro Station  Ghaziabad. #PreventCoronaVirus #together_We_Can #CORONAVIRUS #COVID19 #SwasthaBharat #Swasthaghaziabad @narendramodi @dm_ghaziabad @drharshvardhan,Delhi,surprise
2020-03-06,Awareness campaign against Coronavirus has been done by distributing masks  pamphlets &Sanitizers at Vaishali Metro Station  Ghaziabad. #PreventCoronaVirus #together_We_Can #CORONAVIRUS #COVID19 #SwasthaBharat #Swasthaghaziabad @narendramodi @dm_ghaziabad @drharshvardhan,Delhi,surprise
2020-03-06,Anyone coughing or sneezing nearby makes U feel that he has dropped a bomb #COVID19. Adherence to coughing etiquette will prevent spread of #Coronavirus. Let’s educate our fellow citizens not to sneeze in open &amp; use handkerchief or tissue paper while coughing @HR @mani1972ias,Delhi,neutral
2020-03-06,CORONA ALERT! Avoid close contact with people who are sick or are showing symptoms like runny nose or coughing. #COVID19 #COVID19india #coronavirusinindia #CoronaAlert,Delhi,disgust
2020-03-06,Our analysis: Nature of the #COVID19 outbreak in most countries (other than China) looks similar but (1) Japan seems to have managed relatively better and (2) India curiously low cases (testing capacity?). @drharshvardhan @muditkapoor,Delhi,sadness
2020-03-06,#COVID19 Central govt employees exempted from #biometric attendance till March 31 #coronavirus,Delhi,neutral
2020-03-06,Holy water  which claims to cure even #Cancer and #AIDS on stage  is scared of a small virus #coronavirus #coronavirusinindia #CoronaAlert #CoronaVirusUpdate #CoronaVirusSA #COVID19 #COVIDー19,Delhi,fear
2020-03-06,7 family members of man  who tested positive for coronavirus after visit to Thailand  have been quarantined at their residence in west Delhi: Official. #COVID19,Delhi,surprise
2020-03-06,Shit's getting real. Stay safe everyone. #COVID19 ,Delhi,surprise
2020-03-06,@msisodia @ArvindKejriwal @PMOIndia @AtishiAAP @ndtv @DelhiPolice @narendramodi As instructed by the Govt of Delhi all primary school are supposed to stay shut till 31March as precaution for #COVID19 but Rahimia P.S. remains open. Kindly take the necessary action. Kids suffering! ,Delhi,joy
2020-03-06,Help us to help you #COVID19. Helpline No. +91-11-23978046. #CoronaOutbreak @PMOIndia @MoCA_GoI @MOS_MEA,Delhi,neutral
2020-03-06,https://youtu.be/YjA5rN1a0JE YouTube link to interview by Dr W Selvamurthy fmr DG Life Sc DRDO to ABP News.. all about #COVID19 the deadly Novel Corona Virus and how #DRDO developed technologies of #CBRN defence can be of immense help #CoronaAlert #Corona #COVID2019 #कोरोनावायरस,Delhi,neutral
2020-03-06,#COVID19 #coronavirusinindia be clean and be distance ,Delhi,neutral
2020-03-06,Update on #coronavirusinindia One suspected COVID19 case has been confirmed as POSITIVE. The patient is from Delhi. The case has travel history of Thailand and Malaysia. The patient is stable and being monitored. Total number now- 31,Delhi,neutral
2020-03-06,Update: One suspected COVID19 case has been confirmed as POSITIVE. The patient is from Delhi. The case has travel history of Thailand and Malaysia. The patient is stable and being monitored. Total number now- 31 @ZeeBusiness,Delhi,neutral
2020-03-06,Are these idiots who share lunch from each others 'tiffin boxes' at work places going to stop doing so? It's a filthy practice & now even more so in view of #COVID19 . I hope @drharshvardhan &amp; @ArvindKejriwal put out advisories against this practise. ,Delhi,sadness
2020-03-06,I urge the public not to panic and take all the precautionary measures to prevent oneself from this infection. I hereby attach a set of precautions listed by Ministry of Health and Family Welfare. #coronavirus #covid19 #CoronaAlert,Delhi,sadness
2020-03-06,Massive public awareness campaign to be launched to fight Corona virus. @narendramodi @drharshvardhan @dm_ghaziabad #PreventCoronaVirus #together_We_Can #CORONAVIRUS #awarenesscampaign #वैकमा #mask #COVID19 #SwasthaBharat #Swasthaghaziabad #HealthForAll #CoronaOutbreak,Delhi,neutral
2020-03-06,Massive public awareness campaign to be launched to fight Corona virus. @narendramodi @drharshvardhan @dm_ghaziabad #PreventCoronaVirus #together_We_Can #CORONAVIRUS #awarenesscampaign #वैकमा #mask #COVID19 #SwasthaBharat #Swasthaghaziabad #HealthForAll #CoronaOutbreak,Delhi,neutral
2020-03-06,Massive public awareness campaign to be launched to fight Corona virus. Venue : Vaishali Metro Station Ghaziabad Timing : 4PM - 6PM @narendramodi @drharshvardhan @dm_ghaziabad #PreventCoronaVirus #together_We_Can #CORONAVIRUS #COVID19 #SwasthaBharat #Swasthaghaziabad,Delhi,neutral
2020-03-06,Massive public awareness campaign to be launched to fight Corona virus. @narendramodi @drharshvardhan @dm_ghaziabad #PreventCoronaVirus #together_We_Can #CORONAVIRUS #awarenesscampaign #वैकमा #mask #COVID19 #SwasthaBharat #Swasthaghaziabad #HealthForAll #CoronaOutbreak,Delhi,neutral
2020-03-06,Massive public awareness campaign to be launched to fight Corona virus. @narendramodi @drharshvardhan @dm_ghaziabad #PreventCoronaVirus #together_We_Can #CORONAVIRUS #awarenesscampaign #वैकमा #mask #COVID19 #SwasthaBharat #Swasthaghaziabad #HealthForAll #CoronaOutbreak,Delhi,neutral
2020-03-06,BREAKING: There have now been more than 100 000 #coronavirus cases worldwide. 3 398 people have died of #COVID19 and 55 672 people have recovered.,Jaipur,neutral
2020-03-06,@narendramodi @PMOIndia @narendramodi Sir  It's high time you address nation through Mann ki Baat on "CORONAVIRUS"  our rural &amp; semi-urban India is defenceless &amp; unaware. Thanks,Jaipur,neutral
2020-03-06,It's been almost a week me and wife are working from home due to Corona Virus situation. I think we will kill each other before the Virus does! #COVIDー19,Jaipur,joy
2020-03-06,If you’ve survived the wook flu you’re immune to the coronavirus,Jaipur,neutral
2020-03-06,The global outbreak of the COVID-19  which has affected 90 countries. #Vaccines development by modifying previously identified strains of Coronavirus such as #MERS. #research #innovation #patents #covid19 #2019nCoV #WuhanCoronavirus #coronavirusoutbreak #WuhanVirus #nCoV2019,Jaipur,sadness
2020-03-06,#coronavirusinindia #FridayThoughts #corona #JummahMubarak please follow this step to save your family and friends to corona virus ,Jaipur,joy
2020-03-06,Drinking Alcohol is not a good idea  as Alcohol will kill the good bacteria present in your gut. This will make you more prone or available for Coronavirus to attack. There are many falso news going on like alcohol drinking and smoking will help in prevention which is not so true,Jaipur,sadness
2020-03-06,BREAKING: There have now been more than 100 000 #coronavirus cases worldwide. 3 398 people have died of #COVID19 and 55 672 people have recovered.,Jaipur,neutral
2020-03-06,The global outbreak of the COVID-19  which has affected 90 countries. #Vaccines development by modifying previously identified strains of Coronavirus such as #MERS. #research #innovation #patents #covid19 #2019nCoV #WuhanCoronavirus #coronavirusoutbreak #WuhanVirus #nCoV2019,Jaipur,sadness
2020-03-06,Panic outbreak in Bhutan and the first Coronavirus case confirmed. The patient is from US. Prayers for his quick recovery. I've been here in India  close to the State where first case of COVID-19 was confirmed. Take care and stay safe. I am still safe. ,Chennai,joy
2020-03-06,Israeli scientists Finally discovered vaccine for #CoronaVirus #COVID19 #COVID #Coronavirusflorida #CoronaOutbreak #Delhi #Israel #CoronaVirusUpdate #CoronaOutbreak #coronavirusfr #Coronavirusnyc,Chennai,joy
2020-03-06,said Gagandeep Kang as the number of coronavirus cases in India rose to 29  including 16 Italian tourists as well as three patients in Kerala who have recovered.,Chennai,joy
2020-03-06,Four of five people who have tested positive for coronavirus will get better on their own and there is no need for Indians to panic about the viral outbreak yet  says a leading Indian researcher and scientist. Testing for the disease should also be done only when recommended  ,Chennai,neutral
2020-03-06,Indian economy which has already crashed due to BJP's ineptitude is now at the brink of a larger setback due to the Coronavirus outbreak. Does the BJP have a comprehensive plan to deal with this massive health crisis? #NoBank #yesbankcrisis @INCTamilNadu @jothims @s_palani,Chennai,sadness
2020-03-06,Media people are over acting with Corona virus. This may create nervous to the people. So many viruses came and gone. Corona is also one among them.,Chennai,joy
2020-03-06,In his 1981 book "The eyes of darkness " Dean Koontz did mention of a virus #Wuhan400 which is similar to the Corona Virus. According to his book this virus was actually developed in China  and was used as a weapon of biological warfare.,Chennai,joy
2020-03-06,While the whole world is considering work from home option as precautionary effect to over come corona virus effect  @iitm asks to work on saturdays!,Chennai,joy
2020-03-06,Be Safe from #coronavirus infection,Chennai,joy
2020-03-06,Wanted to hug her but you know: coronavirus ,Chennai,sadness
2020-03-06,Protect ur self from #corona #virus as your Health is import for ur family... Be Safe Be Healthy Be Happy... @Car King Accessories https://www.instagram.com/p/B9YeWoTpqJu/?igshid=13g9jcaorf7f1,Chennai,joy
2020-03-06,To all those who are concerned about the markets: It’s not in a day you’ll get profits. They take time and you need to trust on your investments & firms. In crisis like market slowdown  #Coronavirus impact we need to stop panicking. #BankNifty Invest responsibly.,Chennai,neutral
2020-03-06,The Corona virus scare is so much so that people are absolutely panicky and emptying mask stocks and buying sanitisers in hoardes . @MoHFW_INDIA should do something to disseminate dos and don'ts through multiple channels to prevent misinformation and to pass on the right info.,Chennai,fear
2020-03-06,When you call a patient for an RCT appointment and she says vendam ma corona virus vandudum nu bayama iruku Please shut down the Whatsapp These forwards are making people scary ,Chennai,sadness
2020-03-06,This "avoid crowds" coronavirus advice is so US centric. Us developed countries use public transport  not tiny metal boxes you can seal off.,Chennai,neutral
2020-03-06,Israeli scientists Finally discovered vaccine for #CoronaVirus #COVID19 #COVID #Coronavirusflorida #CoronaOutbreak #Delhi #Israel #CoronaVirusUpdate #CoronaOutbreak #coronavirusfr #Coronavirusnyc,Chennai,joy
2020-03-06,31 people have been found #coronavirus positive in india so far &amp; 28k+ people are under government supervision (mainly those who are close to those 31 people). Stay Aware #India   #CoronaVirus is entering. #coronavirusindia .,Kolkata,joy
2020-03-06,#What about the Pets?  #Coronavirus: 10 things you must do to prevent your smartphone  laptop from spreading infection https://www.gadgetsnow.com/slideshows/coronavirus-10-things-you-must-do-to-prevent-your-smartphone-laptop-from-spreading-infection/photolist/74498692.cms?utm_campaign=andapp&amp;utm_medium=referral&amp;utm_source=native_share_tray Download the TOI app now: https://timesofindia.onelink.me/efRt/installtoi,Kolkata,neutral
2020-03-06,#Thank God! At last PM Sir find a topic to talk. #Live: World needs to collaborate to defeat coronavirus  says PM Modi https://timesofindia.indiatimes.com/india/coronavirus-in-india-live-updates-delhi-resident-tests-positive-total-cases-in-india-rise-to-31/liveblog/74502537.cms?utm_campaign=andapp&amp;utm_medium=referral&amp;utm_source=native_share_tray Download the TOI app now: https://timesofindia.onelink.me/efRt/installtoi,Kolkata,neutral
2020-03-06,14 Americans stuck in Bethlehem hotel; Palestinians declare Coronavirus state of emergency ,Kolkata,surprise
2020-03-06,The staff r anxious about their own life too due to handling #coronavirus patients;with shortage of resources &amp; equipment.Mighty God will save all;as they r not at all responsible for the external barriers of shortage&amp;on the contrary their enjoyment will act as tonic/medicine.,Kolkata,sadness
2020-03-06,I am actually seeing people in colour coordinated masks at the airport. Astounded but also amused. Fashion is indeed EVERYWHERE! #CoronaAlert #Masks #Fashion #Airport #CoronaVirus – at Netaji Subhash Chandra Bose International Airport (CCU),Kolkata,surprise
2020-03-06,Coronavirus Panic: 700 Percent Increase in Calls to Israeli Medical Center | United with Israel ,Kolkata,neutral
2020-03-06,#IIFA2020 #IIFAAwards Postponed because of #CoronaVirus ,Kolkata,neutral
2020-03-06,Friends  with your best wishes just finished my post Doctorate on Corona Virus disease from WhatsApp University. grateful to all who provided allopathic  homeopathic  ayurvedic  Bheru Baba technic  taabiz jaadu to eradicate the virus. Even Govt of China is now in touch with me ,Kolkata,sadness
2020-03-06,There is a misconception that coronavirus will spread through chicken  mutton and seafood : FSSAI Chief https://m.economictimes.com/news/politics-and-nation/coronavirus-does-not-spread-through-chicken-mutton-seafood-fssai-chief/articleshow/74492046.cms Due to some false rumours poultry breeders having a loss of ₹1750 crores. #coronavirusindia #coronavirus,Kolkata,neutral
2020-03-06,that reschedule is not possible as airline partner refused to reschedule my trip for any upcoming dates . I have with me my mother who is 70 years old and looking at the possible outbreak of Corona Virus   I am bit scared to travel. Please be informed that makemytrip is only,Kolkata,neutral
2020-03-06, *Imagine! Detol can help in fighting Corona virus and we're ignorant of it... It's written on the container Zoom and read.* ,Kolkata,neutral
2020-03-06,Trump does not agree with WHO's global death rate of 3.4% suffering from coronavirus . Had he said the death rate would have been higher than 3.4%   I would have agreed with Trump. ,Kolkata,joy
2020-03-06,Chinese made CORONAVIRUS is easily available free of cost under policy of "LAISSEZ FAIRE". International community rejected &amp; imposed sanctions on it's movement.,Kolkata,anger
2020-03-06,Doctors appointed by WHO @WHO to make antidote for CORONAVIRUS #coronavirusindia #coronavirus @pokershash @bhaiyyajispeaks @KyaUkhaadLega @AskAnshul @imDubeyJ @GadhviLaxman,Kolkata,anger
2020-03-06,Okàay. You okay bro ? Not scared about Corona. Where r u ? Never worry bro. The Corona virus is the other side of Globalization which we all love. ,Kolkata,fear
2020-03-06,No sooner than the President heard about the outbreak of #Coronavirus in China  he has taken a decisive action to combat the effect by restricting the entrance to USA from China. Which saved a lot of lives.,Kolkata,joy
2020-03-06,Test your full family for corona virus! ,Kolkata,joy
2020-03-06,Gallup have just estimated the highest rating for the way that the Trump Administration is handling the #Coronavirus situation. But it was so unfortunate that due to poor handling of eradicating the swin flue 13 000 people died in US in April 2009-10. If you likely want to know.,Kolkata,joy
2020-03-06,Flights Cancelled for IDF Soldiers Due to Coronavirus https://www.jerusalemonline.com/idf-soldiers-prohibited-from-travelling-due-to-coronavirus/ via @JOL,Kolkata,neutral
2020-03-06,Israel Sees Increase in February Tourism  Despite Coronavirus Fears | United with Israel ,Kolkata,neutral
2020-03-06,At a time when Global Markets and Economic structures are weak as hell due to Coronavirus and at a time we can grab this opportunity to outperform. Let's give headlines of a large private bank failure.,Kolkata,sadness
2020-03-06,Coronavirus: The Black Swan of 2020 by @sequoia,Kolkata,neutral
2020-03-06,To defeat covid19   we must all stay at home. This is the latest advise from experts. 100 000 people approximately are the companions of covid19. Covid19 has become global and dangerous. ,Kolkata,surprise
2020-03-06,Just 1 case of corona virus in India and people are crezy for masks!! Daily 400 people die in road crashes and still no craze for halmets ,Pune,neutral
2020-03-06,Panic is easy to be calm is difficult..I am wondering how everything and everyone around us is getting revolved around one thing and that is corona virus...people who are around the patients who are 24x7 providing support to thr affected areas what situations they might be facing,Pune,surprise
2020-03-06,If you get any #jokes on #Coronavirus don’t forward unless you #classify yourself as an #IDIOT Be #considerate and #humble!,Pune,surprise
2020-03-06,This @BJP4India govt is busy passing the buck to @INCIndia for everything wrong that is happening in India. They don’t care about these mouthpieces being banned. Also Corona virus too has arrived in India because Nehru passed UNSCPM seat to China.,Pune,surprise
2020-03-06,From 2014 companies who disappeared or at verge of collapse are #jetairways #dhfl #videocon #reliance #PMCBank #VodafoneIdea #ILFS #YesBank #kingfisher #bsnl .. any other company left? Thousands would have been unemployed but who cares? #coronavirus will create more pressure,Pune,joy
2020-03-06,Will the Coronavirus Kill Globalization? @johnfeffer https://www.fairobserver.com/economics/coronavirus-covid-19-outbreak-economic-effects-globalization-china-us-news-00190/ via @myfairobserver,Pune,neutral
2020-03-06,Absolutely lame excuse. Coronavirus is not even two months old  while #GSTNFailed issues have persisted since inception of GST in July-2017. This is rightly pointed out by @atulmodani . @SKHalakhandi @JainTax @haldiaarpit @Jatin_Harjai @dineshwadera @CAChirag @caamresh,Pune,sadness
2020-03-06,The risk of being infected by the #CoronaVirus is higher at crowded places. A humble request to all the #CAA protestors at #ShaheenBagh to peacefully end this "collective" protest in the interest of the country as well as themselves. ##ShaheenbaghTestOnIndiaTv,Pune,joy
2020-03-06,True  Namaste is most natural thing to do  in hand shaking u may get corona virus ,Pune,surprise
2020-03-06,The #Corona virus has become one of the deadliest pandemics ever. It has engulfed the entire world. Since the "origin" of it is from CHINA  they are the "root cause" of it. Strict action against them is necessary. Also  they should be universally BOYCOTTED. #BoycottChina,Pune,surprise
2020-03-06,Check your @DettolIndia bottle. It says it may fight #CoronaVirus #PrecautionIsBetterThanCure #SharingIsCaring,Pune,anger
2020-03-06,The only real impact  apart from the relatively *few deceased people is that my office's IT supplies are super delayed in coming from China. I agree with your assessment that mass infection of FEAR of coronavirus has happened. *recent riots killed more people in delhi,Pune,surprise
2020-03-06,In India  We take Viruses as a Joke and Religion Seriously.. #coronavirusinindia #coronavirus #CoronaAlert #Corona #rt #म @faijalkhantroll,Pune,joy
2020-03-06,The best way to end a war is to loose it . So don't fight with #coronavirus just accept the defeat and let this generation prepone the changing of yuga. #prepone_yugparivartan,Pune,joy
2020-03-06,Coronavirus outbreak: Avoid touching these ,Pune,joy
2020-03-06,How Hyderabad is dealing with coronavirus ,Pune,joy
2020-03-06,Shield yourself and your loved ones from Coronavirus. Stay Safe! ,Pune,joy
2020-03-06,@JacobCanfield will the warmer months limit the coronavirus?,Pune,joy
2020-03-06,Shield yourself and your loved ones from Coronavirus. Stay Safe! https://www.mylinq.in/9503349831/1GDsPX ___________________ Sent via – http://mylinq.in/---,Pune,joy
2020-03-06,What countries have been affected by the novel coronavirus known as COVID-19? How many cases are there in China? https://infographics.channelnewsasia.com/covid-19/map.html via @ChannelNewsAsia,Pune,sadness
2020-03-06,But need is hot weather.. protection from Corona virus,Pune,neutral
2020-03-06,#Corona Virus treatment----Prevention is better than cure. Keep moving in green environment ...like FORESTS  where Oxygen is in abundance for your lungs. This will keep you healthy . You will be fearless.,Pune,joy
2020-03-06,“Many suggest #namaste as an alternative to shaking hands as #coronavirus spreads” ,Hyderabad,neutral
2020-03-06,See @JohnCena is super smart and knew long back not to touch face and keep #coronavirus away ,Hyderabad,sadness
2020-03-06,@DrSJaishankar @PMOIndia @narendramodi @kishanreddybjp @DeccanChronicle kindly bring back 11 Indians from Hyderabad telangana state who stuck in Iran mashad they went to pilgrimage ziyarat imam raza a.s due to coronavirus,Hyderabad,surprise
2020-03-06,Expecting @INCIndia @ndtv and our educated intellectuals to now say @bjp conspiracy to promote namaste "Many suggest namaste as an alternative to shaking hands as coronavirus spreads" ,Hyderabad,sadness
2020-03-06,I was wondering about some one #BJP spoke person won't say Gau mutr is cure for #coronavirus covid-19. #coronavirusinindia,Hyderabad,surprise
2020-03-06,Slipknot made masks cool before Coronavirus ,Hyderabad,neutral
2020-03-06,Medium has made all articles related to coronavirus free to create awareness and hopefully calm people. ,Hyderabad,anger
2020-03-06,However the CORONA VIRUS Literally taking the lives of HUMAN Our brands are made by China And the lives also made by CHINA Stay alone in the public places Use the symptoms to avoid CORONA VIRUS #coronavirus @shashank_sayz,Hyderabad,anger
2020-03-06,Corona virus  circumambulation of Makkah and more in this bulletin of #gawahnews #Corona #news #Makkah @GawahWeekly,Hyderabad,neutral
2020-03-06,For precautions you can wash hands and make yourself clean as much as you can. Death is fixed. Whether Corona virus attacks or not. ,Hyderabad,neutral
2020-03-06,Here's the latest update. Situation getting under control. 50% patients discharged worldwide #coronavirus #CoronaVirusChallenge ,Hyderabad,surprise
2020-03-06,DISTRIBUTED PREVENTIVE MEDICINE FOR CORONA VIRUS @S.C BOYS HOSTEL BAPU NAGAR LANGAR HOUSE.. BY:JENNA SUDHAKAR  BJYM CITY EXECUTIVE..  RAISING SAI  HANUMANTH REDDY AND BJP KARYAKARTHAS.... – at Langarhouse,Hyderabad,neutral
2020-03-06,For better Prevention use N-95 MASK (Beware of Coronavirus) #coronavirus #covid #worldhealthorganization #covid2019 #covidhyderabad #coronavirushyderabad #facemasks #coronamask #n95mask #prevention @The Clique Space https://www.instagram.com/p/B9ZGWalFNZT/?igshid=1rjar2lou93ai,Hyderabad,joy
2020-03-06,Road from secbad to afzalgunj  street lights are burning day and night for last 5days. Probably searching for Corona virus.,Hyderabad,joy
2020-03-06,Read and Retweet #Corona #coronavirus #coronavirusinindia,Hyderabad,neutral
2020-03-06,Hair Cutting in China in #coronavirus Tyme. – at Moula ali railway station,Hyderabad,neutral
2020-03-06,Em Matlandtunna Saar...Buddhi Unda Leda  Meeru Corona Virus Eee Mottam Cheptunnara...Use your common sense Sir..Looks like the way u make horror movies those Devils might come into ur Body ,Hyderabad,anger
2020-03-06,Arey they immune to #coronavirus? Provide them safety gear they are also living beings too . #telangana #hyderabadmetrorail #hmda,Hyderabad,neutral
2020-03-06,In times of coronavirus crisis when a simple 100 rs mask is being sold for rs 600 and sanitizer for rs 999 without any risk involved plz do remember that not a single doctor has raised his/her fees despite risking their lives and their staff's lives.,Hyderabad,sadness
2020-03-06,All England-bound shuttles shared their fears a couple of days ago about travelling abroad in wake of #coronavirus spread #badminton #AllEngland2020,Hyderabad,fear
2020-03-06,Seven Indian shuttlers to skip #AllEnglandOpen in wake of #coronavirus threat #badminton #AllEngland2020 https://telanganatoday.com/seven-shuttlers-pull-out-of-all-england-open,Hyderabad,neutral
2020-03-06,Health Ministry @MoHFW_INDIA advises states to avoid mass gatherings. #COVID19 #coronavirus ,Hyderabad,neutral
2020-03-06,Times of India: 30 coronavirus cases confirmed in India  23 more positive in 1st test. https://timesofindia.indiatimes.com/india/30-corona-cases-confirmed-23-more-positive-in-1st-test/articleshow/74502103.cms? via @GoogleNews,Hyderabad,neutral
2020-03-06,#Telangana: 88 persons who came in contact with #COVID-19 test negative for #coronavirus https://www.aninews.inundefined ,Hyderabad,surprise
2020-03-06,Those spreading #coronavirus rumours on social media in #Telangana to be booked https://www.aninews.inundefined,Hyderabad,neutral
2020-03-06,#coronavirusinindia #coronavirus #fightagainstcorona There is no infection of #CoronaVirus because of NonVeg but it should be well cooked . #FightAgainstCorona ,Hyderabad,sadness
2020-03-06,#Bheeshma ki #coronavirus effect padindi overseas lo 1 million possible ah us lo ?,Hyderabad,neutral
2020-03-06,Corona virus impact on major tech gatherings? #askMkbhd,Hyderabad,neutral
2020-03-06,@nsitharaman ji. Seems another day of bloodbath in stock market today. Unless govt clarifies YesBank fate another meltdown in the offing. Pls put out statement to prevent undue panic. Last week coronavirus caused sell off. Now this.,Hyderabad,neutral
2020-03-06,Telangana government is requested to initiate preventive measures against the epidemic coronavirus by 1st step distribute masks among the masses,Hyderabad,surprise
2020-03-06,Commendable work being done by the state administration of #telangana by trying to control rumours around #coronavirus and bringing essential information out for prevention and management @cpcybd,Hyderabad,joy
2020-03-06,COVID-19 proves a killjoy for Iranian students - The Hindu #Hyderabad @THHyderabad @IraninHyderabad #irancoronavirus #coronavirus #coronavirusinindia,Hyderabad,neutral
2020-03-06,Idiots become as Govt. rulers their subordinates have opportunistic qualities they do not care for the masses  in this critical situation spreading of epidemic corona virus  no priventive measures taken no masks provided to the masses if rulers shave humanity provide masks f,Hyderabad,sadness
2020-03-06,I Request the Coronavirus carriers to India PL do a little favour. Come to #Shaheen Baugh as a Guest Appearance. Your Visit will be cheered by the Nation .,Hyderabad,joy
2020-03-06,Is Telangana Govt doing enough to tackle the #COVID19? A guy standing beside me coughed in the metro &amp; touched the iron stands with the same hands. Basic etiquette’s? Was just watching @WHO press meet  Dr @mvankerkhove the approach has to rigorous by all the Govts!!,Hyderabad,sadness
2020-03-06,Mask is required only by 1 Confirmed patients of COVID 19 in order to prevent spread of virus to others 2 Health care persons involved in diagnosis & care of patients of COVID19 Hence  Best is to take hygiene precautions,Hyderabad,sadness
2020-03-06,Delhi man with travel history to Thailand  Malaysia tests positive for COVID19; so far 31 confirmed cases in India: Health ministry,Hyderabad,joy
2020-03-06,Health Ministry @MoHFW_INDIA advises states to avoid mass gatherings. #COVID19 #coronavirus,Hyderabad,neutral
2020-03-06,6. As COVID19 is a new  should look into how MlA's will deal with this. Maks and sanitizers will be seen. 7. @revanth_anumula 's allegations on KTR farm house and his arrest will be questioned in case if anyone is interested in him. Make be seethakka,Hyderabad,joy
2020-03-06,#coronavirus is like a #Thanos Snap . No one knows whether they gonna effected or not .. ,Bangalore,sadness
2020-03-06,What is the reason behind Corona virus?,Bangalore,neutral
2020-03-06,Corona Virus...??? @narendramodi @myogiadityanath @PoojaB1972 NAMASTE Sprinkle Cow (Gaumata) Urine through helicopters all over Country &amp; also ask People to sprinkle inside their homes &amp; surroundings also consume few drops of Cow urine to get away from CORONA &amp; Ur EGO Too.,Bangalore,surprise
2020-03-06,#India before corona virus #bescom kill us with powercut.. – at vignan nagar,Bangalore,sadness
2020-03-06,@macro budgeting  no body takes count of uncertainty as of today  will the state gets into recession (CORONAVIRUS) or the same old fire fighting prudently preparing for recession or,Bangalore,neutral
2020-03-06,After YES BANK news !! Indians are out of #Coronavirus Panic !! Money makes people more panic than anything else today in HUMANS .,Bangalore,fear
2020-03-06,I'm sure they said Corona virus is the black swan.,Bangalore,sadness
2020-03-06,With the Coronavirus thing  I don't think people are going to play Holi. Let's see,Bangalore,joy
2020-03-06,when there is corona in your city and you still wanna travel  take your mask. Going Gokarna when there is corona #coronavirus #safetravels #coronaprotection @Bangalore  India https://www.instagram.com/p/B9ZfGgAJW9d/?igshid=1ujicnfww8b4r,Bangalore,joy
2020-03-06,Yesterday she told corona virus has been used by govt to divert attention from Delhi riots to day she is telling oppsite..wah re wah....,Bangalore,joy
2020-03-06,TBH I won't be much worried about that money. Retail customers have more urgent need  especially when times like this when #coronavirus is here.,Bangalore,joy
2020-03-06,Yes even Corona virus will think twice before reaching you,Bangalore,anger
2020-03-06,This great invention of curing Corona virus must be followed by all the Muslim Country.Nothing to worry about this epidemic deadly virus. ,Bangalore,joy
2020-03-06,It's Friday evening. How was your week? It's been a tough week with the Coronavirus scare. But we need to continue doing our job. I hope things are okay..,Bangalore,joy
2020-03-06,@BBMP_MAYOR @BBMPCOMM @BBMPSWMSplComm @BBMPSWMJtComm @BSYBJP @GeorgeKx4 @Officeofkjg Is the health department health inspectors supposed to educated common man about Corona virus . Is there any education drive done my SMO and SHI ? ARE THEY EVEN EDUCATING PUBLIC ? ,Bangalore,neutral
2020-03-06,Thanks to #Coronavirus one guys stopped roaming around the world. #CoronavirusInSA #coronavirusturkey #coronavirusindia,Bangalore,neutral
2020-03-06,Many news reports said  Corona Virus had decreased Traffic and Pollution from it. So technically  Corona had done better work than Greta Thunberg.,Bangalore,joy
2020-03-06,@nitin_gadkari @OfficeOfNG Now at least with the virus scare on  U or your ministry should tweet something like this: In the last week x people got infected with Corona virus no deaths reported  whereas in the last week x accidents happened and y died,Bangalore,neutral
2020-03-06,#Coronavirus cases in India now at 31 as another Delhi man tests positive https://twitter.com/i/events/1234756221661433856 #coronavirusinindia #coronavirusindia,Bangalore,neutral
2020-03-06,Adviser to Iran's foreign minister dies of coronavirus ,Bangalore,fear
2020-03-06,When Thuglife Greets they meet with heats.. #thuglife #middlefinger Nothing to say but the corona virus is threatening everyone... @Bangalore  India https://www.instagram.com/p/B9Y6q7DHulT/?igshid=gb4qseroxt0y,Bangalore,joy
2020-03-06,Just 1 case of corona Virus in India and govt feeling crazy and taking measures !! Daily 400 people die in road crashes &amp; still no proper roads ,Bangalore,sadness
2020-03-06,Wont the virus spreads? Istn't prevention better than cure?How serious is the government? This is heights of negligence! Coronavirus cases in India rise to 31; Health Ministry advises against mass gatherings" 6th Mar 2020. "If no precautions taken! No doubt it will be 2nd china!,Bangalore,sadness
2020-03-06,After corona virus Dettol  lifeboy company. ,Bangalore,neutral
2020-03-06,I heard the corona virus of politics has come back from Italy ,Bangalore,surprise
2020-03-06,#Coronavirus cases in India now at 31 as another Delhi man tests positive https://twitter.com/i/events/1234756221661433856 #coronavirusinindia #coronavirusindia,Bangalore,neutral
2020-03-06,Be Safe from #coronavirus infection,Bangalore,joy
2020-03-06,True  found his fear mongering attitude with regards to coronavirus piece was truly despicable...,Bangalore,joy
2020-03-06,At least someone is doing well because of the corona virus ,Bangalore,joy
2020-03-06,#inshorts has been very aggressive with the information of coronavirus that almost all folks I know are aware of things. #good #wins #india #awareness,Bangalore,sadness
2020-03-06,#Cash could be spreading the coronavirus  warns the World Health Organization. #Bankers have to take care  hope RBI &amp; Govt is taking care bpietsch@businessinsider.com @RBI @nsitharaman @TheOfficialSBI @OfficialCBOO @pnbindia @narendramodi @PMOIndia @TVMohandasPai @abntelugutv,Bangalore,joy
2020-03-06,Coronavirus: Historic moment as Kaaba CLOSED - emergency deep-clean at Islam's holy site ,Bangalore,neutral
2020-03-06,We Indians are facing the deadlier virus than #Coronavirus in India since 2014  though it surfaced in 2002! Vote!,Bangalore,neutral
2020-03-06,WHO’s advice for the public on Coronavirus disease (COVID-19): When and how to use mask https://www.who.int/emergencies/diseases/novel-coronavirus-2019/advice-for-public/when-and-how-to-use-masks,Bangalore,neutral
2020-03-06,Coronavirus: Sale of industrial masks triples in Bengaluru. Docs say they won’t help much. https://www.deccanherald.com/city/bengaluru-infrastructure/coronavirus-sale-of-industrial-masks-triples-docs-say-they-won-t-help-much-810999.html #COVIDー19 #coronavirus @deccanherald @shankarsview,Bangalore,neutral
2020-03-06,Read & Share. #CoronaVirus #COVID19,Bangalore,neutral
2020-03-06,@WHO @IMAIndiaOrg please give some details about corona virus COVID19 life span in an inanimate objects,Bangalore,neutral
2020-03-06,Away from Salon @JoelAlister1 @Mano28814714 Corona Virus ,Bangalore,neutral
2020-03-06,Corona was invented by a bunch OCD suffering bitches!!! Now they all are like...If you want to be safe wash your hands. If you want to be safe wash your hands. OCD - 1 Homosapiens - 0 #CoronaAlert #CoronaVirus #coronavirusinindia #CoronaKaRandiRona #WashYourHands #OCD #Corona,Bangalore,joy
2020-03-06,That man must be screened and checked for Corona virus  nobody is greater than the nation since most of the time he is abroad.,Bangalore,sadness
2020-03-06,#ShaheenBaghEmpty has it hit with #coronavirus @KiranKS @Sheshapatangi @ReallySwara @kajal_jaihind,Bangalore,anger
2020-03-06,India’s namaste is ready to make a world comeback due to coronavirus After Gandhi and yoga  namaste must become India’s next main export. In the age of pandemics and novel coronaviruses  it’s better to be safe than sorry.,Bangalore,sadness
2020-03-06,It will be Black Friday... Sgx -400  Dow future - 250  all asian indices negative #YesBank #coronavirus #SGXNIFTY #Nifty #sensex #StockMarketCrash2020,Bangalore,neutral
2020-03-06,The world is fighting an endemic  the dreaded Corona Virus. The best we can do now is to avoid getting infected by the virus through a few preventive steps of the hour. Stay vigilant  stay protected. #PreventCoronavirus #FightCoronavirus #coronavirusindia,Bangalore,neutral
2020-03-06,Awareness and precautions about covid19 in "Namm metro" Bengaluru #coronavirusindia #CoronavirusInSA #CoronaVirusUpdate #COVID #CoronaVirusChallenge #WomensDay #yesbankcrisis #VakeelSaabFirstSingle #CoronaAlert,Bangalore,joy
2020-03-06,@makemytrip @makemytripcare Whole world is stopping travel &amp; MMT is saying to travel &amp; its safe. R U serious? Update yourself with latest news of #COVID19 Stop selfish nature of making your profit and think of the nation. @drharshvardhan @whoindia Is it safe to travel?,Bangalore,joy
2020-03-06,Respected  Liberal  secular  Right wing   Left Wing  bhakts  all the political actor and common people COVID19 ta vaccine or medicine na ane tak #Holi mat khelo and please don't gather in stadium to watch matches #warningtoIPL @ICC,Bangalore,joy
2020-03-06,Read & Share. #CoronaVirus #COVID19 ,Bangalore,neutral
2020-03-06,@WHO @IMAIndiaOrg please give some details about corona virus COVID19 life span in an inanimate objects,Bangalore,neutral
2020-03-06,It is time somebody like Dr Manmohan Singh is included in the ministry. And ofcourse as he says we should put all our efforts in containing #COVID19 first. #YesBank #YesToShutdownabscbn #Nifty,Bangalore,sadness
2020-03-06,You should fear human virus with baby faces out on the roads  protest sites  airports  trains & buses ... They are more dangerous than #COVID19   threatening to wage jihad in India. No vaccine. ,Bangalore,fear
2020-03-06,"...rational use of medical masks to avoid unnecessary wastage of precious resources and mis-use of masks" #WHO #COVID19 #ResponsibleLiving,Bangalore,neutral
2020-03-06,Get closer to corona and stay away from the coronavirus...! Because both are damn serious to give their effect on us. One is positive second is negative,Ahmedabad,joy
2020-03-06,Just 1 case of Corona Virus in India and people are crazy for masks!! Daily 400 people die in road crashes &amp; still no craze for Helmets #safetysaves be it virus or road crashes!,Ahmedabad,neutral
2020-03-06,@HardeepSPuri @DGCAIndia Why Indians are not allowed to cancel tickets without cancellation charges? Delhi Man With Travel History To Thailand  Malaysia 31st Coronavirus Case - NDTV ,Ahmedabad,sadness
2020-03-06,Anti-IP activists gripe that Congress declined to “delay the development” of any coronavirus vaccine or treatment not guaranteed to be cheap... ,Ahmedabad,sadness
2020-03-06,29 case of Corona Virus in India and people are crazy for masks!! Daily 400 people die in road crashes &amp; still no craze for Helmets &amp; seatbelts. #roadtrip #roadsafety #helmet #beware #behuman #driveslow #drunk #road #wearsafety #India,Ahmedabad,neutral
2020-03-06,Shri @mansukhmandviya MoS Chemicals &amp; Fertilizers: To avoid shortage of medicines in country  suggestions have been made by Task Force. We export as well as import APIs (Active Pharmaceutical Ingredient) &amp; Intermediates.Necessary policy decision will be taken 4same #Coronavirus ,Ahmedabad,joy
2020-03-06,Why new diseases keep appearing in China https://youtu.be/TPpoJGYlW54 #corona #china #COVID19 #GoVegan,Ahmedabad,neutral
2020-03-06,The cab guy just asked if I’ve heard about the news in China about the corona virus  then went on to ask if I have been out of India recently. People are scared!,Visakhapatnam,fear
2020-03-06,Just 1 case of Corona Virus in India and people are crazy for masks!! Daily 400 people die in road crashes &amp; still no craze for Helmets #safetysaves #coronaviruschina #lifequotes be it virus or road crashes! TRUE – at Dr. Y.S. Rajasekhara Reddy ACA-VDCA Cricket Stadium,Visakhapatnam,neutral
2020-03-06,By taking away the above said amount   the position of India will be intact& not have effect on present economy. Coronavirus will be weaken in India as the "summer Season" entering .At high temp in India  Corona will die&amp; diluated....B.k...india.,Visakhapatnam,sadness
2020-03-06,Covid19 will not enter India. We have powerful antivirus loaded. ,Visakhapatnam,sadness
