Tweet Posted Time (UTC),Tweet Content,Tweet Location,Emotion
2020-03-05,@rsprasad As Minister of #Postal_Department Also infected of #CoronaVirus. So in his tenure also intervened by @rashtrapatibhvn @PMOIndia @MHAIndia @BiharCMOffice @CVCIndia @cicindia His @IndiaPostOffice #SecretaryPost @pmgmuzaffarpur Ignoring truth after Sumitting Prove.,Bihar,neutral
2020-03-05,Now days disease is also made in china in all over world #Corinnavirus #COVID19 #coronavirusinindia,Bihar,anger
2020-03-05,@PuneCityPolice @DGPMaharashtra @ThePuneMirror does the corona Virus affecting any Holi parties in Pune.,Goa,joy
2020-03-05,I was telling my mother to becareful of #coronavirus and she started telling me how I should keep my room clean  not eat outside  not eat junk  eat fish. All this to stay away from coronavirus. #coronavirusinindia,Goa,neutral
2020-03-05,To ensure smooth and comfortable universal screening of all International passengers  sufficient seating arrangments and writing tables are reorganized at Goa InternationalAirport @AAI_Official @MoCA_GoI @MoHFW_INDIA @DGCAIndia @aairedwr #coronavirus ,Goa,joy
2020-03-05,As a precaution against spreading of #CoronaVirus universal screening of all international passengers is being undertaken at Goa Airport by Airport Health officers. All passengers are requested to cooperate. #CoronaAlert @AAI_Official @MoCA_GoI @MoHFW_INDIA @DGCAIndia,Goa,neutral
2020-03-05,If you’re traveling  use this to track the corona virus. ,Goa,joy
2020-03-05,The corona virus when it falls on a metal surface will live for 12hr so washing hands with soap and water well will do the trick. Corona virus when it falls on fabrics stays for 9hr so washing clothes or exposing them to the sun for 2hr is enough for the purpose of killing him.,Goa,sadness
2020-03-05,Unicef The corona virus is large in size with a cell diameter of 400-500 micro  so any mask prevents its entry so there is no need to exploit pharmacists to trade with muzzles. The virus does not settle in the air  but on the ground  so it is not transmitted by the air.,Goa,sadness
2020-03-05,Has the coronavirus not hit BJP yet ?,Goa,neutral
2020-03-05,PMO’s coronavirus meet decides to set up testing facilities in all districts via @htTweets,Goa,anger
2020-03-05,"Coronavirus: More than 94 000 cases have been confirmed worldwide  WHO says" #Coronavirus ,Gujarat,surprise
2020-03-05,Take necessary precautions and try not to hype about this #CoronaVirus. Spread awareness about it and by following few steps you can surely avoid this. WHO has issued special guidelines  please follow them. Distribute masks to the needy ones and stay safe. #CoronaVirusinIndia,Haryana,sadness
2020-03-05,This is a breaking news in whole world. Today make latest Question in jharkhand 11th first year exam. http://www.jac.nic.in Corona virus ,Jharkhand,anger
2020-03-05,#khalilurrehmanqamar on Trending Le Corona Virus ,Punjab,neutral
2020-03-05,Speechless to this. The mataf area of Masjid Haram completely free of pilgrims as it undergoes a deep cleaning due to #CoronavirusOutbreak and #Coronavirus cases reported in #SaudiArabia. May Allah keep us all safe  our family  our loved ones  wherever they are in the world.Amen,Punjab,joy
2020-03-05,Time for Pakistan govt to literally pray for corona virus ,Punjab,neutral
2020-03-05,Idk but this pic broke my heart.. May Allah help us.. P.S Kaba is cleared for thorough sterilization due to Corona Virus.. . #CoronaAlert #Allah,Punjab,anger
2020-03-05,Haram Sharif's sterilization is under way in Saudi Arabia due to the Corona virus Due to the tawaaf being done on the upper floor instead of the courtyard  ائیں Restore the life of Pak Haram Sharif Amen Wish we had a happy hour when we would go on the best pilgrimage of life ,Punjab,joy
2020-03-05,PLEASE BAN ARRIVALS FROM IRAN. PLEASE. CORONAVIRUS ISN'T A JOKE.,Punjab,neutral
2020-03-05,236/ 6th case of #coronavirus in Pakistan is confirmed. The patient is in clinically stable condition in Sindh and is being well taken care of.,Punjab,joy
2020-03-05,And you guys still think Corona virus is more deadly. Wow! ,Punjab,joy
2020-03-05,Coronavirus hurts Middle East economies beyond oil — RT Business News https://www.rt.com/business/482385-coronavirus-hurts-middle-east-economies/ #,Punjab,joy
2020-03-05,We are living in a society where everyone is talking and discussing about how to cure Corona virus and we Pakistanis are soo desperately discussing Aurat March ,Punjab,neutral
2020-03-05,May Allah protect the Ummah from Coronavirus #coronavirusinindia,Uttar Pradesh,joy
2020-03-05,Dear @MoHFW_INDIA &amp; @WHO We know you're working hard for #coronavirus vaccine and its permanent treatment. But do fast. It's now scaring us. #coronavirusinindia #CoronavirusReachesDelhi #CoronaOutbreak #CoronaAlert @narendramodi,Uttar Pradesh,neutral
2020-03-05,New updates of coronavirus in india 5/3/20 ,Uttar Pradesh,neutral
2020-03-05,@afiindia issues advisory on coronavirus (COVID-19) after meeting of top officials headed by @Adille1. #AFI #Tokyo2020 #CoronaAlert,Chandigarh,neutral
2020-03-05,My appeal to the City residents not to panic the #CoronavirusOutbreak  take protective measures as suggested by the doctors #ChandigarhHospitals all @healthdeptchd geared up to tackle any eventuality of #Coronavirus. Stay Healthy  Stay Safe. @AyushmanNHA @drharshvardhan – at Raj Bhawan,Chandigarh,neutral
2020-03-05,Coronavirus is the best thing • My wife does not want to travel• She doesn't want to buy anything because everything comes from China. • She does not go to the Mall (or any event) for fear of being infected.• She stays all day and night with her mouth covered ,Chandigarh,sadness
2020-03-05,Coronaviruses are a large family of viruses that cause illness ranging from the common cold to more severe diseases such as Middle East Respiratory Syndrome and Severe Acute Respiratory Syndrome. A coronavirus is a new strain that has not been previously identified in humans.,Chandigarh,sadness
2020-03-05,Top news about the Novel coronavirus spread : Around the world. ,Chandigarh,surprise
2020-03-05,"Coronavirus: Cases rise in South Korea as Australia imposes travel ban" #Coronavirus ,Chandigarh,joy
2020-03-05,Scientists: Don’t panic over coronavirus. Everyone: *Adopts widespread panic* Scientists: Panic over riots happening on the name of religion in our country. Everyone: Lol no,Chandigarh,sadness
2020-03-05,These are the precautions to be taken for the nobel coronavirus infection : These precautions will help you to Reduce the risk of Nobel coronavirus infection. ,Chandigarh,sadness
2020-03-05,It’s pretty serious when the medicine provider falls sick himself. Talking about China and Coronavirus. #Pharmaceuticals #IndianImports #Pandemic,Chandigarh,disgust
2020-03-05, effort by Instagram amid #coronavirus news. Try searching with the hashtag and the platform will prompt you first - for authentic information go to WHO website and to see what people are saying see posts (which can be #fakenews  rumours or creating panic),Chandigarh,joy
2020-03-05,14 out of 21 Italian tourists were tested positive for #CoronaVirus. Let's quarantine them along with the other Italians living in India. ,Chandigarh,neutral
2020-03-05,Is it also kills corona virus?? ,Daman and Diu,sadness
2020-03-05,Request all news channels not to report any one claiming they have the answer or their products can cure covid19   instead send report proof to ministry of health to deal with Otherwise there will chaos and common public will loose their hard earned money,Daman and Diu,sadness
2020-03-05,#coronavirusinindia * People making fun of Corona Virus * Corona Virus : ,Delhi,anger
2020-03-05,Coronavirus is the best thing that could happen to me: My wife does not want to travel She doesn't want to buy anthg coz erytng comes from China. She Does not go to the Mall for fear of being infected She spends day and night with her mouth covered This is nt a ! It salvation,Delhi,sadness
2020-03-05,Don't take it so seriously. Soon the temp. in our country gonna cross 30 degree or so. At that temp corona virus does not survive.,Delhi,sadness
2020-03-05,Corona virus is now spreading in india. Guyz please don  t shake hands with each other  saying namaste is the best thing. Use mask while traveling in metro Or in bus.use products like sanitizer.Please take it seriously. #coronavirusinindia #CoronaAlert #Corona #coronavirus #,Delhi,sadness
2020-03-05,Don’t get Confused- Facts on CORONA Virus Dr Shubhank Singh Public Health Expert Trained more than 1 50 000 students in Hand Hygiene https://youtu.be/JtGlXco68CY #NewsHind #NMCNews #Coronavirus,Delhi,anger
2020-03-05,Really? And you think we can fight with coronavirus like this?? ,Delhi,surprise
2020-03-05,@drharshvardhan sir   today saw at IGI airport a passanger fall suddenly right in front of gate 5  delhi medical team deployed #coronavirus tried best to revive him they did he started breathing  pulse very low  cried for ambulance/ #emergency team but poor response @medanta,Delhi,sadness
2020-03-05,India-EU summit postponed over #coronavirus fears. Reporting. https://www.wionews.com/india-news/india-eu-summit-postponed-over-coronavirus-fears-284559 @wionews,Delhi,fear
2020-03-05,Self-reporting now  if u enter India #Coronavirus ,Delhi,neutral
2020-03-05,#coronavirusinindia #coronavirus #COVID19 Staff deployed at IGI airport TO for screening of pepole entering India   Deployed at front line of defence   with limited resources . Task at hand is huge . – at Terminal 3,Delhi,joy
2020-03-05,Don't shake hands  Namaskaram is best for perfect healthy life . . . #coronavirus #swineflu #TB #AdoptVedicHoliPreventCorona #RamRamSa #JaiRamJiKi #Namaste,Delhi,joy
2020-03-05,#Coronavirus: Iranians stranded in India to be taken back on Friday https://www.wionews.com/india-news/coronavirus-outbreak-iranians-stranded-in-india-to-be-taken-back-on-friday-284592 @wionews,Delhi,joy
2020-03-05,Please don't panic.Protect yourself and others from getting sick. #CoronaAlert #CoronaKoDhona #coronavirusinindia #Coronavirus ,Delhi,surprise
2020-03-05,From being a very busy airport until last week to this desserted look  Delhi Airport feels the corona heat. #coronavirus – at Terminal 3,Delhi,joy
2020-03-05,The circling area around Kaaba at the Holy Mosque in Mecca emptied temporarily to sanitize the area as #Coronavirus fears grow ,Delhi,fear
2020-03-05,Coronavirus is actually a good opportunity for parents to feed their children the vegetables they don't like You can blackmail them by saying  those who don't eat green leafy vegetables  nutritious home cooked food  will get the virus because of low immunity,Delhi,sadness
2020-03-05,Watch: Union Health Minister @drharshvardhan inspects the management &amp; preparedness for #CoronaVirus  at Terminal 3  Indira Gandhi International @DelhiAirport #coronavirusinindia,Delhi,neutral
2020-03-05,@SDMC_Online Request Sdmc commissioner and all people who work in Sdmc office South to plz spray office builing neelkanth palace so as all be protected from corona virus this building people throw garbage on stairs. And request spray from ground floor to second floor each office,Delhi,anger
2020-03-05,Be safe  avoid wet and crowded Holi. (It’s obviously the topic of the day these days ) . As coronavirus spreads through the human droplets when they cough and sneeze  and when the whole world is going frenzy to… https://www.instagram.com/p/B9XAcQhjutT/?igshid=97j5812hvl70,Delhi,joy
2020-03-05,An increase in the number of a global pandemic- Corona Virus cases is sure to alarm you  You can't avoid that but of course  you can take precautions to stay safe! Precaution is always better than cure. #StayHealthy… https://www.instagram.com/p/B9W_--ZDIRC/?igshid=r11a8r7ld0c7,Delhi,joy
2020-03-05,It’s important to be calm  honest and informed when talking to friends  colleagues and kids about the #coronavirus  or #COVID19. #beSAFEandCLEAN ,Delhi,joy
2020-03-05,@AirAsia I booked my ticket for 24th march from Delhi to Mumbai for 3 passengers including one snr. Citizen and one with age 57 years  now due to coronavirus scare I want to cancel my tickets  but it's showing zero refund on cancellation  request your help,Delhi,neutral
2020-03-05,Here is the List of Designated #Hospitals for #Coronavirus of #Delhi. Its a very important information  Please share to all your family and friends. @Delhi  India https://www.instagram.com/p/B9W8UDvpoTp/?igshid=192ooycpycc4c,Delhi,joy
2020-03-05,We don't need Hell. We're already in the Hell. There are Depression  Tension  Riots  No Job  No Income and one more has been add i.e Corona Virus. #ZindagiJahannum,Delhi,surprise
2020-03-05,In the wake of the confirmed cases of Corona virus in the city  let's create a safe environment for everyone in #ShaheenBagh Kindly contribute with Hand Sanitizers and Safety Masks. #readforindia #donationdrive #shaheenbaghprotest #coronavirus https://twitter.com/readforindia/status/1235597452163481601/photo/1,Delhi,joy
2020-03-05,Corona virus is a fad.,Delhi,neutral
2020-03-05, It is the time for #India to just come forward to fight against the deadliest #Corona #Virus. Be alert and be safe... Someone posted:- Kabhi Socha bhi na tha ki "MAUT BHI MADE IN CHINA… https://www.instagram.com/p/B9W5_sVlYrJ/?igshid=13srlgz1yd0tl,Delhi,joy
2020-03-05,In view of corona virus and high shortage of sanitazers and profiteering as well plz relax manufacturing norms as it can be made at home not a typical method  with conditios and online permissions @MoHFW_INDIA @narendramodi @drharshvardhan @ArvindKejriwal @myogiadityanath,Delhi,neutral
2020-03-05,Reports are that #AirIndia flight from #Frankfurt today was found to be carrying #coronavirus infected case. Awaiting confirmation of this officially.,Delhi,joy
2020-03-05,@msisodia BlueBells School GK 1 has closed down only till Class 2. Classes 3 to 5 are still open despite Govt order of closing down due to preventive measure for Coronavirus.,Delhi,sadness
2020-03-05,Why do I feel all this media circus over #coronavirus is to divert the country's attention away from #DelhiRiots. 53 killed &amp; counting.,Delhi,fear
2020-03-05,A Chinese Doctor Injected Herself With an Untested Coronavirus Vaccine ,Delhi,neutral
2020-03-05,All Doctors on TV shows are advising that Rs. 20-30/-a pc inexpensive Clinical/Surgical Mask is enough for corona virus  no need for expensive N-95/99 mask  respirators.. #coronavirusinindia #CoronaKoDhona,Delhi,neutral
2020-03-05,To think that Bong Joon-Ho's #Parasite wouldn't have premiered at #Cannes had #coronavirus spread a year early or had it been the other way around gives me shudders. ,Delhi,surprise
2020-03-05,I hope this rain washes away all the corona virus it had. #DelhiRains,Delhi,surprise
2020-03-05,Kendriya Vidyalayas in Delhi to remain closed for primary classes till March 31 in view of #coronavirus: Officials,Delhi,joy
2020-03-05,@narendramodi @MEAIndia @DrSJaishankar Kuwait government has said that nonnative should carry the PCR certificate confirming that one is free from Corona Virus (COVID-19)  examined from an Indian authorized medical center. – at Dr. Ram Manohar Lohia Hospital,Delhi,sadness
2020-03-05,Had there been a provision that #coronavirus would only attack the poor and lower middle class  India's #newsanchors wouldn't have given two hoots about the issue. To prove this point  one can point out how media doesn't bother about #unemployment  #agriculture  education.#COVID,Delhi,sadness
2020-03-05,Massive public awareness campaign to be launched to fight Corona virus. Venue : Vaishali Metro Station Timing :4PM #PreventCoronaVirus #together_We_Can #CORONAVIRUS #awarenesscampaign #वैकमा #mask @narendramodi @dm_ghaziabad @UNICEFIndia @myogiadityanath @drharshvardhan,Delhi,neutral
2020-03-05,Massive public awareness campaign to be launched to fight Corona virus. Venue : Vaishali Metro Station Timing :4PM #PreventCoronaVirus #together_We_Can #CORONAVIRUS #awarenesscampaign #वैकमा #mask @narendramodi @dm_ghaziabad @UNICEFIndia @myogiadityanath @drharshvardhan,Delhi,neutral
2020-03-05,Massive public awareness campaign to be launched to fight Corona virus. Venue : Vaishali Metro Station Timing :4PM #PreventCoronaVirus #together_We_Can #CORONAVIRUS #awarenesscampaign #वैकमा #mask @narendramodi @dm_ghaziabad @UNICEFIndia @myogiadityanath @drharshvardhan – at Indirapuram,Delhi,neutral
2020-03-05,The usual suspects have some fun theories about #coronavirus... Enjoy! ,Delhi,surprise
2020-03-05,In shops and markets sellers are charging 450-500 per mask. I wish if Delhi govt takes strict action against such sellers who are inflating price. @ArvindKejriwal it would be far better if Delhi govt distributes free mask during such a critical situation to control Corona virus.,Delhi,joy
2020-03-05,To get rid of Corona virus  come to the shelter of Sant Rampal Ji Maharaj ji and follow the devotional method given by him and you will get rid of this virus.For more information  download the Gyan Ganga book now. Pdf file from Google – at Chipiyana Buzurg Railway Station,Delhi,neutral
2020-03-05,Use mask during travel  avoid large gatherings  follow safety precautions and help in controlling Corona virus before it spreads at large. #coronavirus #awarness #precautions.,Delhi,joy
2020-03-05,@lyla_orr_ please tell size of corona virus,Delhi,neutral
2020-03-05,Number of people infected by #Coronavirus in India at 30! ,Delhi,neutral
2020-03-05,The “worlds most polluted air” doesn’t inspire this many respiratory masks in #Delhi. I’m impressed! #CoronaVirus #CoronavirusReachesDelhi – at Indira Gandhi International Airport (DEL),Delhi,joy
2020-03-05,@dm_ghaziabad ...Confirmed case of Corona Virus in Sector 23 Rajnagar is a matter of concern Sir..Also in view of Delhi schools are closed till 31st..hence I strongly urge to close Gzb schools also...IMMEDIATELY.,Delhi,joy
2020-03-05,STAY SAFE FROM CORONA VIRUS we should take precautions before any cause happen Share this ASAP! like and retweet #CoronavirusReachesDelhi #CoronaVirusUpdates #CoronaOutbreak #Coronvirus #coronavirusinindia #CoronaKoDhona #CoronaAlert,Delhi,joy
2020-03-05,@AirAsia we have scheduled flight for Goa but due coronavirus we are planning to drop the plan But you are charging very heavy cancellation free.can you please refund my full amount..@HardeepSPuri,Delhi,joy
2020-03-05,Why hematologist should speak about corona virus simple our Pt are in minority and at risk #coronavirus @summwadhwa @satya_yadav @VigyaR,Delhi,neutral
2020-03-05,Instead of Mocking at Health minister  he was duty bound to undergo the Corona virus tests after returning to India from Italy ,Delhi,anger
2020-03-05,Be Safe from #coronavirus infection,Delhi,joy
2020-03-05,Pouring Sunshine . Just when you are about to think  Delhi's winter has left  you hear it knocking again.q . Besides  With #coronavirus scaring many of us for obvious reasons  make sure to know as much as possible… https://www.instagram.com/p/B9Wjg7ZFGDH/?igshid=85tpu7k17bmw,Delhi,neutral
2020-03-05,Many Seafood market is sealed by Chinese authorities when initially coronavirus cases are occurring ,Delhi,neutral
2020-03-05,Now Congress leaders find Namaste asHindutwaSaffron http://practice.As preventive measure for Coronavirus Doctors advised people 2avoid ShakingHands instead say Namaste from distance.Even Israel PMNetyanahu suggested http://it.Is not PartyLeadership mentally sick?,Delhi,disgust
2020-03-05,Rohit - will you play/celebrate Holi ? #coronavirus #CoronaAlert #COVID19 #AnchorChat #chatwithrohit,Delhi,joy
2020-03-05,Checkout the common symptoms and precautions that should be taken to stay safe amidst coronavirus outbreak. Your safety is our priority. #coronavirus #COVID19 #disease #symptoms #precaution #WaveCares,Delhi,joy
2020-03-05,@sardanarohit - how are you preventing corona virus in your office ? Any sanitization done inyour office recently? #AnchorChat #chatwithrohit,Delhi,neutral
2020-03-05,One girl got infected by Corona virus in my college. It’s scary papa. Bless me and save me and everyone else too papa . @Gurmeetramrahim,Delhi,surprise
2020-03-05,Prime minister R/Sir Plz set a 1000 bed hospital immediately due to spreading Corona virus in our country,Delhi,anger
2020-03-05,We are Sorry!! Be Safe with #coronavirus Keep Calm  we will back more Stronger.!! Stay Connected! _ #shardauniversity #globalhackathon2020 #shardaglobalhackathon,Delhi,sadness
2020-03-05,Friendship in times of Coronavirus (COVID-19)!! #coronavirus #covid19outbreak #corana #coranavirusmemes #covid2019 @Delhi  India https://www.instagram.com/p/B9Wg1K4JW_j/?igshid=vcxi3mucdc0z,Delhi,neutral
2020-03-05,#Coronavirus and #WomensDay are the latest excuses for Modiji and Mr Shah to not face the public.,Delhi,neutral
2020-03-05,Arrangement being made for the return of stranded Indians via normal civil aviation channels: MEA on evacation of Indians from Iran #Coronavirus ,Delhi,neutral
2020-03-05,RLP MP which is a BJP ally says Rahul  Sonia should be tested for coronavirus. Only because most folks tested in India as of now came from Italy. Next election के लिए मुद्दा मिल गया इन लोगों को ,Delhi,sadness
2020-03-05,Detailed Advice on #Coronavirus Things to avoid strictly. Please follow and share this information to your friends and Family. @Jashan E Sai https://www.instagram.com/p/B9Wdz2KAA-x/?igshid=1awffc00nfe1k,Delhi,joy
2020-03-05,As a precautionary primary school from class one to five from 31 march due to corona virus closed.,Delhi,joy
2020-03-05,Requesting you to kindly check the Google timeline of identified cases in order to track their past movements and locations #COVID19 #COVID19india #coronavirus @PMOIndia @MoHFW_INDIA @NHPINDIA,Delhi,joy
2020-03-05,@msisodia Urging Mr. Sisodia to give orders to shut all the Secondary Schools also in Delhi NCR in the wake of rising Corona Virus cases in just 2 days. #CoronaOutbreak #coronavirusindia #coronavirusinindia,Delhi,joy
2020-03-05,Wash your hands frequently. Bath two times in a day. Don't shake your hand with anyone. Drink more water. Avoid touching your eyes  nose and mouth. Wear mask to avoid unhygienic. Coronavirus hai ya humare school ka principal  pura discipline sikha gya. #coronavirusinindia,Delhi,sadness
2020-03-05,Even if coronavirus was not there  $5 Trillion economy was a distance dream with Hindhtva Agenda Modi Govt had destroyed back bone of Economy.Just asses the loss in Economic term about Delhi organised riots. ,Delhi,sadness
2020-03-05,https://youtu.be/VYfOdkhvmYA Dr. Ritu's views on prevention of coronavirus @richaanirudh @pgcilindia @pfclindia @BellerHealth @HPCL @iocl_do @nhpcltd @AlkaMit26713758 @JSMALHOTRA1 @MRPL_CC @OilIndiaLimited @mahe_sah @gailindia,Delhi,joy
2020-03-05,Doctors - We don't have a Vaccine for Corona Virus WhatsApp Groups -- ,Delhi,surprise
2020-03-05,Modi ji always save the countrymen weather it is corona virus or Congress curruption virus.@narendramodi,Delhi,neutral
2020-03-05,No case of Indians infected with corona virus in Iran. Plans to bring stranded Indians back via normal civil aviation channels: MEA on Indians in Iran #Coronavirus,Delhi,neutral
2020-03-05,@HaryanaCMO @WeAreCyberCity @anilvijminister @mlkhattar A news spread in dlf cyber city building number 14 that @blackrock found one case of #coronavirus not sure if this is true or not  but someone need to check this on highest priority. – at DLF Cyber City SEZ Bldg No. 14,Delhi,neutral
2020-03-05,CORONA RAKED UP IN SC What Corona virus? So many travelling from Dubai 2 India ! You bringing in all kinds of things here"  CJI to a lawyer for a woman in a divorce case. This when lawyer said she could not appear despite order due to "certain Corona-related travel restrictions".,Delhi,sadness
2020-03-05,Delhi Government has temporarily suspended biometric attendance in its offices in wake of #Coronavirus threat.,Delhi,surprise
2020-03-05,Breaking: India EU summit in Brussels postponed over #Coronavirus fears.,Delhi,fear
2020-03-05,#37305032020F #CoronaVirus challenging Allah Authority in Macca. Rather praying #Allah to kill #Covid_19 Saudi Arabia Bans Umma  Iran Bans Friday Prayers when Allah can send food in #Shaheenbagh Why not medicines. Fake Fears Destroyed World. @summy1957 @ZeeNews @DostKhan_Jammu,Delhi,sadness
2020-03-05,Yes  show and the business must go on ..India should not overreact to #coronavirusinindia #CoronaAlert #coronavirus #coronovirusindia . @IndiaExpoCentre @epchindia @smritiirani @TexMinIndia @amitabhk87 @NITIAayog @DoC_GoI @ficci_india @FollowCII @ASSOCHAM4India,Delhi,sadness
2020-03-05,@narendramodi we as a nation are really shameless with spread of Corona virus news the price of simple mask which was Rs10-15 has hiked to 50  n even getting it is problem  so by nature we Indians are black marketeer n we expect nation to do good  wish you convay,Delhi,surprise
2020-03-05,Breaking on CMH Global 1. Ankit Sharma Murder accused and rioter Tahir Hussain arrested. 2. Nirbhaya Gang Rape finally to be hanged on 20 March 3. Coronavirus cases in India 30 identified Log into http://cmhglobal.in Download CMH global App #DelhiRiotTruth @cmhglobal,Delhi,joy
2020-03-05,How can IPL be permitted with huge corona virus scare?,Delhi,neutral
2020-03-05,The absolute common refrain among traders in Delhi's wholesale and retail markets is there's no demand  with or without coronavirus. Even if we are full of stocks  who's buying? #coronavirusinindia #economicslowdown,Delhi,sadness
2020-03-05,People are still procrastinating the ill-effect of climate change on their lives  but the outcome of the coronavirus is immediate,Delhi,neutral
2020-03-05,28 529 suspected cases of Corona Virus in India #coronavirusinindia #CoronaOutbreak #COVID #COVID2019 #Coronvirus #CoronaAlert #CoronaVirusUpdate,Delhi,neutral
2020-03-05,Government is screening all the travelers entering the country from abroad for the deadly coronavirus. https://bit.ly/32XHhez #coronavirusindia #coronavirusinindia #CoronaVirusUpdate #CoronavirusOutbreak #CoronaAlert #COVID @nsitharaman @COVID19Update @corona,Delhi,joy
2020-03-05,Anyone traveling from/having visited Italy or South Korea & planning to enter India will now need to have certificate of having tested negative for COVID-19 from the designated laboratories: New Travel Advisory by India #Coronavirus,Delhi,neutral
2020-03-05,His palms were sweaty knees weak arms were heavy there is vomit on his sweater already mom's spaghetti - does he have Coronavirus? Social media users who don't know @Eminem think so @KunduChayan #AFWA https://www.indiatoday.in/fact-check/story/fact-check-social-media-raps-a-flawed-tune-eminem-is-not-down-with-coronavirus-1652459-2020-03-04 via @indiatoday,Delhi,sadness
2020-03-05,.@drharshvardhan Regulate sale and pricing of masks and sanitisers to curb panic about Coronavirus - Sign the Petition! http://chng.it/QBrnQ5z2 via @ChangeOrg_India,Delhi,neutral
2020-03-05,Acupuncture can improve the immunity of Corona virus patient It's helpful frightening with disease . ,Delhi,fear
2020-03-05,For all those promoting Namaste as a means of preventing the spread of coronavirus. I assure you Adaab and Sat Sri Akaal works just as well. @AnupamPKher #inclusionmatters,Delhi,joy
2020-03-05,Wonder when #Durex are going to come out with the full body condom for these #coronavirus times.,Delhi,surprise
2020-03-05,Corona virus has got anti-dot and that is cow urine its anti dot has become in India and people are saying with confidence that it is working !,Delhi,surprise
2020-03-05,Corona virus has got anti-dot and that is cow urine its anti dot has become in India and people are saying with confidence that it is working !,Delhi,surprise
2020-03-05,What countries have been affected by the novel coronavirus known as COVID-19? How many cases are there in China? https://infographics.channelnewsasia.com/covid-19/map.html via @ChannelNewsAsia,Delhi,sadness
2020-03-05,#Coronvirus In Australia  local toilet paper manufacturer Sorbent has warned coronavirus panic-buying could lead to a supply shortage as major supermarket Woolworths announced a limit on toilet paper packs.,Delhi,neutral
2020-03-05,Coronavirus scare: Thailand schedule of #SalmanKhan starrer #Radhe - Your Most Wanted Bhai CANCELLED @BeingSalmanKhan #RadheYourMostWantedBhai @DishPatani @RandeepHooda #RadheEid2020 @PDdancing,Delhi,joy
2020-03-05,29 confirmed cases of corona virus in India; 3 discharged: Health Ministry #coronovirus,Delhi,neutral
2020-03-05,#birthdaycake #CoronavirusOutbreak #coronavirusindia #CoronaAlert #coronavirus BIG BIG NO to cake which had candles blown up by birthday person... ,Delhi,surprise
2020-03-05,The best response Indians have found to #Corona Virus is full dose of meme attack! #coronavirusinindia #COVID2019,Delhi,joy
2020-03-05,Israeli PM @netanyahu encourages Israelis to adopt India’s Namaste to avoid Coronavirus spread https://navbharattimes.indiatimes.com/world/asian-countries/prime-minister-of-israel-benjamin-netanyahu-encourages-israelis-to-adopt-the-indian-way-of-greeting/articleshow/74481159.cms,Delhi,neutral
2020-03-05,https://youtu.be/-SQa-FXHiWc Perform Vaidic Yagna to ward-off Corona Virus  See this video by Swami DivyaSagar,Delhi,neutral
2020-03-05,FYI Yes let doctors understand Corona virus  Possibilities are Ayurveda will come out with some solution. ,Delhi,surprise
2020-03-05,I think we should play Holi using hygienic hands( #Sanitizer #alcohol #shampoos #soaps #turmeric #mustardoil ) to avoid corona virus effect also try to avoid #Nonveg diet for somedays Bura na Mano HOLI hai. #indianholi #HoliFestival #Holi #CoronaVirusUpdates #coronavirusindia,Delhi,sadness
2020-03-05,The paytm employee who’s tested positive for coronavirus went to office for 2 days before being tested... so now every employee in that office will have to be tested #coronavirusinindia,Delhi,sadness
2020-03-05,In India four hundreds death from road accident daily but not wear halmets but corona virus only thiirty in India so far and noi death but masks are in short are in market.,Delhi,joy
2020-03-05,#coronavirusinindia God fear #coronaVirus but #gaumutra is panacea. ,Delhi,fear
2020-03-05,check out best ways you can prevent yourself from coronavirus #CoronavirusReachesDelhi #coronavirusindia,Delhi,joy
2020-03-05,With no offense to other religion  Coronavirus taught whole world the importance of namaste to maintain courtesy  simpicity and hygiene as well. Rich culture of hindu religion. God's way of doing things. "Cause and effect",Delhi,sadness
2020-03-05,Italian nationals who have been found positive are now in @medanta hospital. They are in an isolated quarantine floor  the hospital has said #covid19 #coronavirus,Delhi,neutral
2020-03-05,#CoronaAlert With alertness and safeguards  we all can help contain the outbreak of COVID-19 Novel Coronavirus. In a precautionary measure  I will not attend any traditional Holi gatherings. जय माता की !,Delhi,neutral
2020-03-05,What about corona virus ,Delhi,neutral
2020-03-05,Just 28 cases of Corona Virus in India and people are crazy for masks!! Daily 400 people die in road crashes &amp; still no craze for Helmets be it virus or road crashes! #coronavirusinindia #CoronaAlert,Delhi,neutral
2020-03-05,Together we can fight coronavirus Protect yourself and others Follow these Do’s and Don’ts #coronavirusinindia #CoronaAlert #COVID2019 #CoronavirusReachesDelhi #Corona,Delhi,neutral
2020-03-05,#COVID19india impact: All out #hand #sanitizer #coronavirus #CoronavirusReachesDelhi,Delhi,neutral
2020-03-05,495 travellers from Iran have gone missing. They entered India in Feb & they were not even screened then. Anyone of them can be a carrier of the corona virus. @MoHFW_INDIA has sought help from @tourismgoi to find them. My exclusive story on front page of today's @Live_Hindustan,Delhi,sadness
2020-03-05,#37005042020F #Covid_19 Corona Virus Threat is more serious is in @ItalyinIndia @ItalyMagazine Killing 3089 Citizens in Italy says @news24tvchannel Need @narendramodi @drharshvardhan urgent Ban on Citizens Entry from Italy. Has @RahulGandhi qurantined? @summy1957,Delhi,joy
2020-03-05,My offer to China Govt to make Whuhan city corona virus free by yagya to kill bacteria by pure Indian cow butter and other herbs  it will cost only max ten crores  I gurantee to repay if it is ineffective  @XHNews @China_Amb_India @vaidyakotecha @PrakashJavdekar @AIIA_NDelhi,Delhi,anger
2020-03-05,14 Italians infected with #Coronavirus have been admitted at Medanta hospital. In a statement hosp. said  "These patients are housed on a completely separate floor  in an isolated quarantine floor  with no contact with the rest of the hospital.",Delhi,neutral
2020-03-05,Preventive measures for Corona virus #coronavirusindia #CoronaOutbreak #jobfinder4u step #CoronaVirusUpdate #CoronavirusReachesDelhi #CoronaVirusUpdate #COVID2019 #CoronaAlert #CoronaVirusIran #CoronaVirusSeattle,Delhi,surprise
2020-03-05,Corona Virus Myth!!! @Cyber Seeds https://www.instagram.com/p/B9VmVcMJntW/?igshid=fjsnyu5eyy9y,Delhi,neutral
2020-03-05,क्या है ये #Coronavirus? This is my 139th Episode of #MuddeKiBaat on #IndiaFightsBackCoronavirus with Dr. Devi Shetty. Please Watch  Like  Share &amp; Comment! @TimesNow @TimesNowHindi @drharshvardhan @WHO @MoHFW_INDIA https://m.facebook.com/story.php?story_fbid=10158202307759238&amp;id=763894237,Delhi,neutral
2020-03-05,If you have any queries for #coronavirus  mail them to email id given below ,Delhi,surprise
2020-03-05,SARS  coronavirus world wide spread  now organ harvesting. Dangers of a totalitarian State ,Delhi,neutral
2020-03-05,Coronavirus Scare:Experts across world advise reduce mass gathering. Hence many would skip Holi get together. WHO: Mortality rate rises to 3.4%.Top Virologist IAN LIPKIN Vaccine about a year away! As temp.rises in summer fall in incidence?,Delhi,surprise
2020-03-05,NEW: Release of new James Bond film postponed from April to November due to coronavirus. Title: "No Time to Die",Delhi,neutral
2020-03-05,Correct me if I am wrong!! Corona virus enters your body if you rub your eyes &amp; nose with contaminated hands.THEN I THINK WE SHOULD COVER OUR HANDS first rather than buying masks.#CornavirusOutbreak Just a thought came this morning. Shared with you all. @hvgoenka @EconomicTimes,Delhi,neutral
2020-03-05,Correct me if I am wrong!! Corona virus enters your body if you rub your eyes &amp; nose with contaminated hands.THEN I THINK WE SHOULD COVER OUR HANDS first rather than buying masks.#CoronavirusOutbreak Just a thought came this morning. Shared with you all. @hvgoenka @EconomicTimes,Delhi,neutral
2020-03-05,#coronavirus : ..the facts and the data ” the Vice President said. according to experts. The Trump Administration is still taking every precaution available to keep families and communities safe. @WhiteHouse,Delhi,joy
2020-03-05,President @realDonaldTrump &amp; Vice Prez Pence Participate in a #coronavirus Briefing with Airline CEOs “all pax on direct flights from Italy or South Korea to US are being screened multiple times before boarding. “Everyone here shud know tht we’re going to continue to follow.. ,Delhi,sadness
2020-03-05,Namaste PM  @IsraeliPM has urged to avoid hand-shake as a preventive measure to spread of infections in light of growing concerns on #coronavirus. He suggests to adopt #Indian practice of greeting say #Namaste. #COVID2019 @MoHFW_INDIA @MEAIndia @drharshvardhan @IsraelinIndia @ANI,Delhi,joy
2020-03-05,How to protect yourself from Corona Virus Please RT and spread the message ,Delhi,joy
2020-03-05,State of emergency due to coronavirus: - California - Florida - Washington,Delhi,neutral
2020-03-05,NEW: 'Recovered' coronavirus patient died of respiratory failure  5 days after being discharged from Wuhan hospital. He was 36 years old.,Delhi,fear
2020-03-05,This country is a joke No any Corona virus in 9ja  didn’t even enter Nigeria at all  it might be a movie script written by some peoples to loot Nigeria money from d federal government. Up till now There’s no any proved or evidenced.,Delhi,sadness
2020-03-05,Don't think and sit that govt is doing something 'bout it. Yeah  Offcoure they are doing... But the actual spread of #coronavirus can be stop by only us. Don't give the chance to trend this hash tag #CoronavirusOutbreak At least in #india. Wear mask and bring #Namaste again.,Delhi,joy
2020-03-05,Australia's biggest supermarket on announced a limit on toilet paper purchases after the global spread of coronavirus sparked a spate of panic buying. Woolworths said the restriction of 4 packs of toilet paper/person apply "to ensure more customers have access to the products".,Delhi,neutral
2020-03-05,Coronavirus has led to a mostly supply side shock in global supply chains. In the 1973 oil crisis  interest-rate cuts didn’t help in the case of the supply shock  and there’s little reason to think they’ll help now. ,Delhi,neutral
2020-03-05,Symptoms of #CoronaVirus include-- Breathlessness Cough Fever Sudden Urge to Travel the World ,Delhi,joy
2020-03-05,As no. of cases are increasing rapidly in #delhincr of #coronavirus. I thought what we can do or atleast what can I do. Believe me if we are not going to take precautions on this one it will affect the whole India as we all know how much dense is delhi ncr is. #CoronaAlert,Delhi,sadness
2020-03-05,Life inside Wuhan’s makeshift hospitals (first hand report by @Jingjing_Li). China surely is showing the world how to fight #coronavirus ,Delhi,sadness
2020-03-05,I'm working from home till #Holi due to #CoronaVirus epidemic. #coronavirusindia,Delhi,neutral
2020-03-05,While our PM plans to quit his Social Media accounts.. OUR NATION wants to know.. How are we combatting the CoronaVirus Challange..,Delhi,sadness
2020-03-05,Coronavirus update  Europe: UK: 36 new cases Switzerland: 35 new cases Norway: 26 new cases Sweden: 22 new cases Netherlands: 15 new cases Iceland: 12 new cases Belgium: 8 new cases San Marino: 6 new cases Denmark: 5 new cases Austria: 5 new cases Ireland: 4 new cases,Delhi,neutral
2020-03-05,#PMModi #NirmalaSitharaman corona virus which has heavily affected the imports of goods from China . People purchase will be affected and vis a vis traders &amp; govt revenue will be impacted. Govt should pitchin for manufacturing initiatives to generate revenue &amp; job creation too.,Delhi,joy
2020-03-05,What is interesting (and pointless) about the primary school shutdown is that data from China is showing that young children are not contracting #COVID19 other than an odd case here or there.,Delhi,sadness
2020-03-05,Spectre of Covid19 emerges in India-non of d pvt hospitals offer free test n treatment- masks &amp; sanitizers vanish- prices skyrocket- India Inc keeps mum- Ministry of Health mute spectator! @MoHFW_INDIA @FollowCII @ficci_india @ASSOCHAM4India @EconomicTimes #coronavirusinindia,Delhi,sadness
2020-03-05,How can I find - how many cases of #COVID19 yet have been detected in Sweden and Denmark?? #Coronvirus,Delhi,surprise
2020-03-05,@PeterSweden7 Hi Peter - how many #COVID19 cases detected in Sweden &amp; Denmark if any ?? #Coronvirus #CoronaAlert,Delhi,neutral
2020-03-05,#coronavirusinindia #coronavirus #COVID19 Staff deployed at IGI airport TO for screening of pepole entering India   Deployed at front line of defence   with limited resources . Task at hand is huge . – at Terminal 3,Delhi,joy
2020-03-05,@MoHFW_INDIA @WHO Awareness will work as a weapon to tackle this virus. #COVID19 ,Delhi,neutral
2020-03-05,Good video. Let's fight together with #Coronvirus #COVID19,Delhi,joy
2020-03-05,It’s important to be calm  honest and informed when talking to friends  colleagues and kids about the #coronavirus  or #COVID19. #beSAFEandCLEAN ,Delhi,joy
2020-03-05,Cancelling my flight home with a heavy heart..sigh!! Blame COVID19 ,Delhi,joy
2020-03-05,I think health ministry should get you tested for COVID19 as you have returned from Italy after a vacation.,Delhi,surprise
2020-03-05,#COVID19 should be eradicated completely from our environment and our hearts,Delhi,joy
2020-03-05,Rohit - will you play/celebrate Holi ? #coronavirus #CoronaAlert #COVID19 #AnchorChat #chatwithrohit,Delhi,joy
2020-03-05,Checkout the common symptoms and precautions that should be taken to stay safe amidst coronavirus outbreak. Your safety is our priority. #coronavirus #COVID19 #disease #symptoms #precaution #WaveCares,Delhi,joy
2020-03-05,New podcast is up. It was nice talking to @MobilePeter and discuss about the Current State of #5G Deployment and Challenges  #COVID19 Weekly Update and more" https://www.buzzsprout.com/903526/2921062-the-current-state-of-5g-deployment-and-challenges-covid-19-weekly-update-and-more @CounterPointTR,Delhi,neutral
2020-03-05,Requesting you to kindly check the Google timeline of identified cases in order to track their past movements and locations #COVID19 #COVID19india #coronavirus @PMOIndia @MoHFW_INDIA @NHPINDIA,Delhi,joy
2020-03-05,Couldn’t make it to Chennai due to the #COVID19 outbreak  but that shouldn’t stop me from savouring piping hot dosas at home. ,Delhi,joy
2020-03-05,I write on the impact of COVID-19 outbreak on the Chinese economy. In particular  I delve into how the viral outbreak is affecting manufacturing supply chains and the logistics sector. http://bit.ly/3arvPuc #COVID19 #CoronavirusOutbreak #China #Hubei #武漢肺炎,Delhi,sadness
2020-03-05,Due to the prevailing global situation with regard to #COVID19  it has been decided to postpone the 21st Asian Security Conference (ASC) to a later date: Manohar Parrikar Institute for Defence Studies and Analyses,Delhi,sadness
2020-03-05,Allow employees with flu-like symptoms to work from home: Karnataka govt advises companies. #COVID19,Delhi,neutral
2020-03-05,Don't worry if mask is not available.Create your own. Be safe #COVID19 #coronavirusinindia #mask – at Parliament Library Building,Delhi,sadness
2020-03-05,Italian nationals who have been found positive are now in @medanta hospital. They are in an isolated quarantine floor  the hospital has said #covid19 #coronavirus,Delhi,neutral
2020-03-05,Some regions in India could be under reporting COVID19 affected patients due to lack of diagnostic testing.,Delhi,sadness
2020-03-05,I have serious doubts that China has something to do with it's(covid19) creation and its spreading. ,Delhi,sadness
2020-03-05,Imagine if the politicians  citizens & media treated #AirPollution as critical as #Coronvirus; Air Pollution is not limited to numbers  it affects all &amp; kills more no. of people. It’s only a slow poison unlike #COVID19! ,Delhi,sadness
2020-03-05, It is the time for #India to just come forward to fight against the deadliest #Corona #Virus. Be alert and be safe... Someone posted:- Kabhi Socha bhi na tha ki "MAUT BHI MADE IN CHINA… https://www.instagram.com/p/B9W5_sVlYrJ/?igshid=13srlgz1yd0tl,Delhi,joy
2020-03-05,Read the report by @IncubigAI to know more about the deadly coronavirus and efforts of research community. Connect with us at contact@incubig com. #research #innovation #patents #insights #reserchinsights #COVID19 #2019nCoV #WuhanCoronavirus #CoronavirusOutbreak #WuhanVirus,Jaipur,sadness
2020-03-05,It has found to be 14 days. In case a person has got infected with Coronavirus in that case the virus will take 14 days to show its presence. I hope it helps.,Jaipur,surprise
2020-03-05,@RealDoctorMike I have a query regarding #Coronavirus; The mortality is high in elderly and lower in children below the age of 10.But the immunty levels of children and elderly people is found to be low. Then why mortality rate is higher in elderly people comparing to children? ,Jaipur,sadness
2020-03-05,Coronavirus can be dangerous for our country if it spread.What's wrong if @RahulGandhi @priyankagandhi And SoniyaGandhi Ji get their test done for our country? Long Live @hanumanbeniwal Ji Keep Roaring. #coronavirusinindia #CoronaAlert #COVID19 #COVIDー19,Jaipur,surprise
2020-03-05,Coronavirus: Cases rise in Europe as global death toll exceeds 3 200 #Coronavirus ,Jaipur,surprise
2020-03-05,Due to the corona virus do not shake your hands anyone just viral this that because I love my Indians and India love u all #healthyindia #healthyhands #healthynamaste #anupamkher #Cricket #coronavirusinindia #CoronaKoDhona #NarendraModi,Jaipur,sadness
2020-03-05,Those who have any doubts regarding coronavirus please watch videos of @RealDoctorMike where he has given detailed information about it. #AlertNotAnxious,Jaipur,joy
2020-03-05,She is the happiest person right now... because yeh hai hi nhi is duniya ki....#coronavirus ,Jaipur,sadness
2020-03-05,#Covid_19 #Coronvirus @Airbnb @AirbnbHelp @AirbnbHelp @deepakmohoni Airbnb reaping huge profits because Coronavirus! They refuse to cancel booking in the most affected parts of Europe on the pretext that travel has not been banned. All Hotel chains have been most cooperative.,Jaipur,sadness
2020-03-05,Read the report by @IncubigAI to know more about the deadly coronavirus and efforts of research community. Connect with us at contact@incubig com. #research #innovation #patents #insights #reserchinsights #COVID19 #2019nCoV #WuhanCoronavirus #CoronavirusOutbreak #WuhanVirus,Jaipur,sadness
2020-03-05,Coronavirus can be dangerous for our country if it spread.What's wrong if @RahulGandhi @priyankagandhi And SoniyaGandhi Ji get their test done for our country? Long Live @hanumanbeniwal Ji Keep Roaring. #coronavirusinindia #CoronaAlert #COVID19 #COVIDー19,Jaipur,surprise
2020-03-05,@BCCI @IPL What would be the stand for IPL this year. In the wake of Corona Virus  will players to pull out of the tourney. Any update on that.,Chennai,sadness
2020-03-05,So I dropped my brother at the airport and although India is not a high risk zone yet  just watching all those people wearing masks made me anxious. I cannot imagine the state of places like China. Hope we get past this pandemic soon. #coronaVirus,Chennai,neutral
2020-03-05,Spread maximum!! Save from #coronavirus #coronavirusindia #Coronavirustamilnadu #TamilNadu #CoronaHelpline,Chennai,neutral
2020-03-05,Coronavirus comes to Canary Wharf. Stay safe London! ,Chennai,joy
2020-03-05,Is that the way a MPs can do???? Then ppl also do like that if they come on streets.... Hare rajdeep!!! Are you have brain or muds in ur head man???? Such a cheap culprit u r.... You ppl are deadlier than CORONA VIRUS... ,Chennai,surprise
2020-03-05,Corona virus will commit suicide after seeing this video. For good health  healthy food is prime and important.. This video is worst than corona ,Chennai,joy
2020-03-05,Rahul should first worry about his own congress party which is sinking drastically and will be decimated shortly instead of attacking the present Government which is taking all steps to deal with Corona virus. Did he get tested for this virus on his return from abroad ? ,Chennai,surprise
2020-03-05,Let's all say #Namaste no more handshake #coronavirus,Chennai,neutral
2020-03-05,Tamil Nadu govt must tell public and exhibit that it has the wherewithal in both it's Civic bodies like Chennai Corporation and Public Health Dept to deal with Corona virus.@tnpublichealth @SPVelumanicbe @Vijayabaskarofl @chennaicorp @CMOTamilNadu @MoHFW_INDIA,Chennai,joy
2020-03-05,Man Locks Wife In Bathroom Over Coronavirus Fears: Police https://www.ndtv.com/world-news/lithuania-man-locks-wife-in-bathroom-over-coronavirus-fears-police-2190050 Shared via NDTV News App (Android - http://ndtv.com/android | iPhone - http://ndtv.com/iPhone ),Chennai,fear
2020-03-05,Dog In Hong Kong First Case Of Human-To-Animal Coronavirus Transmission https://www.ndtv.com/world-news/coronavirus-outbreak-pet-dog-in-hong-kong-first-case-of-human-to-animal-coronavirus-transmission-2190154 Shared via NDTV News App (Android - http://ndtv.com/android | iPhone - http://ndtv.com/iPhone ),Chennai,neutral
2020-03-05,Dog In Hong Kong First Case Of Human-To-Animal Coronavirus Transmission https://www.ndtv.com/world-news/coronavirus-outbreak-pet-dog-in-hong-kong-first-case-of-human-to-animal-coronavirus-transmission-2190154 Shared via NDTV News App (Android - http://ndtv.com/android | iPhone - http://ndtv.com/iPhone ),Chennai,neutral
2020-03-05,Please see the video and understand how fastly the virus spreads via human contact  please use alcohol based hand sanitizer regularly (practices good hand hygiene) #coronavirusinindia #COVID19 #CoronaAlert #coronavirus #Master – at Salzer Technologies,Chennai,sadness
2020-03-05,@sabyaactor @architaworld @babushaansai @samareshroutray @ESamantaray Hi all u r like face of odisha. The people of odisha admire u and ur work. Can we expect some awareness about Corona virus from u to the general people of odisha ?,Chennai,joy
2020-03-05,TN Chief Secretary K Shanmugam directs District Collectors to make all preventive measures to face Corona virus threat and to keep sufficient stock of required medicines @xpresstn,Chennai,anger
2020-03-05,Just 1 case of Corona Virus in India and people are crazy for masks!! Daily 400 people die in road crashes &amp; still no craze for Helmets @narendramodi @nitin_gadkari @EPSTamilNadu @KTRTRS @Tejasvi_Surya @vijayanpinarayi #safetysaves be it virus or road crashes!,Chennai,neutral
2020-03-05,It's #namaste for Bibi @IsraelinIndia to counter #CoronaOutbreak Ditch Handshake  Greet With Namaste: Israel's Benjamin Netanyahu Amid Coronavirus Outbreak - NDTV ,Chennai,joy
2020-03-05,Corona Virus can be cured! The claimed Chronology Cannot be! And Delhi Riots are a Part of our Home Minister's Chronology! #CoronavirusReachesDelhi #riots #ShaheenBaghProtest #DelhiViolence #DelhiRiots2020 #coronavirusindia #NarendraModi #AmitShahMustResign #AmitShahResign #CAA,Chennai,neutral
2020-03-05,There are more news items on Corona Virus #COVID19india than the actual number of cases detected. Keep the panic aside.. it’s still a virus and the body has its own intelligence to deal with it. Keep Smiling and Stay healthy Youngistan.,Chennai,fear
2020-03-05,I'd posted a link to a Coronavirus contagion study done in Autumn 2019 by John Hopkins University and the BMGF.,Chennai,neutral
2020-03-05,How dare they call Modi Ji a corona virus infection ? ,Chennai,joy
2020-03-05,I sold all of my @YESBANK NSE shares today for ₹34/share and now the news spreads saying @TheOfficialSBI and LIC are acquiring half the shares for ₹2/share. Escaped by few hours! #YesBank #NSE #Sensex #StockMarket #SBI #LIC #Rs2 #Zerodha #Kite #Trading #COVID19 @performsegue,Chennai,neutral
2020-03-05,Well to my own defence  not % #Stupid #COVID19 #Masks – at Premium Traveller's Lounge,Chennai,sadness
2020-03-05,Please see the video and understand how fastly the virus spreads via human contact  please use alcohol based hand sanitizer regularly (practices good hand hygiene) #coronavirusinindia #COVID19 #CoronaAlert #coronavirus #Master – at Salzer Technologies,Chennai,sadness
2020-03-05,Time to get back home admits first signs of caution amongst domestic travellers.... Within an ocean of mask clad passengers  am I the only #Superman or #Stupidman  only time will tell!!!! #Mask #COVID19 ,Chennai,surprise
2020-03-05,We have isolation wards in all District hospitals and medical college hospitals from time immemorial By the way #COVID19 is not the only disease that needs isolation ward ,Chennai,neutral
2020-03-05,We have isolation wards in all District hospitals and medical college hospitals from time immemorial By the way #COVID19 is not the only disease that needs isolation ward,Chennai,neutral
2020-03-05,Coronaviruses: Symptoms  Treatments  and Variants. Don't Panic. https://wp.me/pby9qD-3S #Coronavirus #coronavirusinindia #CoronaAlert #Coronaindia #CoronavirusOutbreak,Kolkata,neutral
2020-03-05,We're to survive from coronavirus threat.,Kolkata,neutral
2020-03-05,WATCH: Prime minister Netanyahu puts kibosh on handshakes to fight coronavirus ,Kolkata,neutral
2020-03-05,#CoronaVirus  Save The World  ,Kolkata,neutral
2020-03-05,Amazing steps taken in China as told by Dr. Bruce Aylward  leader of the W.H.O. team that visited China to assess the country’s response to the coronavirus outbreak. Revolutionary greetings to the Communist Party of China. #SolidarityWithChina,Kolkata,surprise
2020-03-05,AAP you are much more shameless than Bjp. Actually Vivekananda mission Anna hazare and beautifully managed by Nagpur got u guys where u are now. NDTV News: Delhi Primary Schools Shut Till March 31 Over Coronavirus: AAP Government. https://www.ndtv.com/india-news/primary-schools-in-delhi-to-remain-shut-till-march-31-amid-coronavirus-scare-says-aap-government-2190498?publisher=newsstand via @GoogleNews,Kolkata,neutral
2020-03-05,Protect yourself and your family from #coronavirus with this homemade mask...!!! #coronavirusindia,Kolkata,joy
2020-03-05,Is only Modi mask capable of challenging #coronavirus @WHO ?,Kolkata,neutral
2020-03-05,@RahulGandhi @fully Indian Corona virus ,Kolkata,neutral
2020-03-05,Yes it's bit uncomfortable  but it help. 1) Obeyed Doctor  fear of coronavirus &amp; death 2) Obeyed Creator(God) of human  self protection against unwanted attraction  pleases God by being modest to achieve jannah ,Kolkata,joy
2020-03-05,As India confirmed 29 Coronavirus cases Precaution is better than cure. Follow Guidelines given by @MoHFW_INDIA @WHO while travelling to Avoid Virus to get transmitted. Be safe and Healthy everyone together we will fight against #coronavirusindia #covid19,Kolkata,surprise
2020-03-05,Growing up seeing entire villages wiped out due to cholera  small-pox & seeing HIV  my dad  75 thinks #coronavirus is over-rated.Thanks info flow for more awareness. Firmly believes humans will overpower this too. #coronavirusinindia #optimistic #ThursdayThoughts #dadlife,Kolkata,joy
2020-03-05,In This Critical Stage of Life Where Corana Virus Is Spreading Massively  Request You To Be Attentive And Create An Awareness On Corona Virus Safety Measures. Let's Fight And Make This World Healthy Again. #CoronaAlert #coronavirusinindia #coronavirus ,Kolkata,neutral
2020-03-05,More than 20+ Games have been Cancelled in SeriaA   Europa league  Fa Cup & Premier league Because of the Spread of #coronavirus . ,Kolkata,surprise
2020-03-05,Coronavirus outbreak a right time to revisit Ayurveda wisdom on prevention: Amway CEO - The Economic Times https://m.economictimes.com/industry/healthcare/biotech/healthcare/coronavirus-outbreak-a-right-time-to-revisit-ayurveda-wisdom-on-prevention-amway-ceo/articleshow/74479455.cms?utm_source=twitter_pwa&amp;utm_medium=social&amp;utm_campaign=socialsharebuttons via @economictimes,Kolkata,sadness
2020-03-05,Coronavirus: Screening expanded at airports  avoid gatherings  says Health Minister https://www.informalnewz.com/2020/03/04/coronavirus-screening-expanded-at-airports-avoid-gatherings-says-health-minister/ via @InformalNewz,Kolkata,neutral
2020-03-05,Corona virus will certainty be frightened on seeing these types of masks. ,Kolkata,fear
2020-03-05,Yeshiva University student and family test positive for coronavirus ,Kolkata,neutral
2020-03-05,#CoronaVirus Israeli Prime Minister Benjamin Netanyahu said that instead of shaking hands  you should say #NAMESTE  in Indians style to avoid the corona virus. This picture is viral. ,Kolkata,neutral
2020-03-05,@narendramodi what step u hv taken for corona virus sir ??,Kolkata,joy
2020-03-05,#EiSamay#Kolkata Terming the Delhi violence as a "planned genocide"? Panic created by Coronavirus.TMC supremo Mamata Banerjee claimed it. But it is true Coronavirus is still alarming in country.,Kolkata,neutral
2020-03-05,Interesting viewpoint from @kartikeya_1975 .... "The world neither has a vaccine nor the ability to track all the individuals who could be affected by the virus bringing me to the conclusion that like SARS the world may have to learn to live with coronavirus." ,Kolkata,sadness
2020-03-05,"Wasn't easy to remain isolated " recalls India's 1st #coronavirus patient. good morning Sir ,Kolkata,joy
2020-03-05,"Wasn't easy to remain isolated " recalls India's 1st #coronavirus patient Good morning sir ,Kolkata,neutral
2020-03-05,The 1st victim in the UK from covid 19 has been reported.116 people in the UK have been infected out of which 9 persons are infected with Covid19 from England.India has in the meantine taken some extraordinary steps to combat the spread of Covid 19. ,Kolkata,surprise
2020-03-05,As India confirmed 29 Coronavirus cases Precaution is better than cure. Follow Guidelines given by @MoHFW_INDIA @WHO while travelling to Avoid Virus to get transmitted. Be safe and Healthy everyone together we will fight against #coronavirusindia #covid19 ,Kolkata,surprise
2020-03-05,#Besafe from #coronavirus infection Educate. Prevent. Face it. #COVID19india #COVID #CoronaKoDhona #CoronaAlert #washyourdamnhands #whereisyourmask #CoronaOutbreak @WHO @fssaiindia @MoHFW_INDIA @NHPINDIA @AyushmanNHA @AyushmanNHA @UNICEFIndia @PMOIndia,Pune,neutral
2020-03-05,#coronavirusinindia #coronavirus #COVID Virological googly has been given to whole world. Invincible in its own Form and Destructive in its own term. Humans are looking for some kind of panacea.,Pune,joy
2020-03-05,My top 3 favourite #Biryani #houses in #Pune: 1. behrouzbiryani 2. aishwarya_restaurant 3. dumadumstore Eat lots of #chicken &amp; #mutton. Don't let both the industries fall down because of the #corona #virus.… https://www.instagram.com/p/B9XOkzgJO5K/?igshid=1ep2ns4agfkkg,Pune,sadness
2020-03-05,Corona virus looks happy! @ReallySwara,Pune,joy
2020-03-05,I had a nightmare last night. We cannot get out of the house because of Coronavirus and Internet is down.,Pune,neutral
2020-03-05,Perfect example of capitalism. Now there's an insurance for CoronaVirus too. #COVID19india,Pune,neutral
2020-03-05,It's happening >> Coronavirus Canceled Your Conference - Let's Organize a Virtual Event! https://www.ictworks.org/coronavirus-cancel-conference/#.XmD3Byg5Arc.twitter via @ICT_works,Pune,neutral
2020-03-05,Corona virus seeing this conducive weather! https://twitter.com/SocialChartered/status/1235520053895782400,Pune,joy
2020-03-05,Hanuman Beniwal  Rashtriya Loktantrik Party MP (NDA): Italy is badly affected with #Coronavirus so I requested the govt that Congress chief Sonia Gandhi  Rahul &amp; Priyanka Gandhi be tested for Coronavirus  since they have recently come back from Italy @ashokgehlot51 @RahulGandhi,Pune,joy
2020-03-05,Dear Indians  Holi is round the corner. Many of the colours and other items of Holi come from #China. We never know in what form the #CoronaVirus can come and infect us. Please take all the necessary precautions. #coronavirusinindia (Kindly spread to all),Pune,sadness
2020-03-05,"Coronavirus: 29 in India tested positive  will summer contain it?" ,Pune,neutral
2020-03-05,While some have corona virus and some have Rona virus! #coronavirusinindia,Pune,surprise
2020-03-05,HR: Everyone gather around in the cafeteria. We are going to tell you how to stay safe from Coronavirus.,Pune,joy
2020-03-05,The flip side of this #coronavirus outbreak is that people stop judging each other on caste  religion or race instead they are now judging only if you sneeze or cough ....!!! #CoronaAlert #coronovirusindia #CoronaKoDhona #ReligiousHumiliation,Pune,sadness
2020-03-05,Some thinks 40%-60% of the world population will be infected with Corona virus! ,Pune,neutral
2020-03-05,#Footshake is the new #handshake in times of#coronavirus ,Pune,neutral
2020-03-05,Corona virus is very dengerous speedily spraid in the world no doubt but avoid rumar of this   get self precaution &amp; follow instructions given by our government  how to prevent n safe from this virus,Pune,sadness
2020-03-05,We are on duty 24/7 at @RGIAHyd Shamshabad international airport for pickup of patients coming from Kolkata West Bengal to all to major Hospitals in #Hyderabad Call us for quick pick up with Omni Ambulance / Tempo traveler Ambulance services in 10Mins to 25mins. #coronavirus – at Rajiv Gandhi International Airport (HYD),Hyderabad,surprise
2020-03-05,Where were you when Nehru was ruining YES bank and Rahul Gandhi was ensuring poor screening at airports allowing Corona virus into the country????? @Ram_Guha @tunkuv,Hyderabad,sadness
2020-03-05,The Chinese virus should completely boycott the corona  adopt indigenous  if you want to die then die of malaria  piles  dengue  cholera catastrophe and diarrhea.. #Boycottcronavirus #boycottchinavirus #BoycottIndia #coronavirus #coronavirusinindia #Coronavirushyderabad,Hyderabad,neutral
2020-03-05,Corona scare grips Hyderbad. . . . . . #coronavirus #coronahyderabad #coronavirusinindia #COVID19india @HiHyderabad @swachhhyd @HiCyberabad,Hyderabad,anger
2020-03-05,All samples tested for corona virus are negative from Telangana - Hyderabad health ministry,Hyderabad,joy
2020-03-05,"Coronavirus: Cases rise in Europe as global death toll exceeds 3 200" #Coronavirus – at ASIAN CINE SQUARE,Hyderabad,surprise
2020-03-05,Follow these important precautions to prevent spread of #Coronavirus @DrRanjithReddy @GandhiArekapudi @KTRTRS @TelanganaCMO @Eatala_Rajender,Hyderabad,joy
2020-03-05,Be Safe from #coronavirus infection,Hyderabad,joy
2020-03-05,Corona Virus Effect! #coronavirusinindia #CoronaAlert #COVID2019 #COVID #CoronavirusOutbreak #CoronavirusReachesDelhi #CoronaVirusUpdates,Hyderabad,neutral
2020-03-05,After seeing memes about Corona Virus. *Corona Virus be like: Am I joke to you?,Hyderabad,joy
2020-03-05,Coronavirus free world. Let's make this possible. #CoronaOutbreak #CoronaAlert,Hyderabad,anger
2020-03-05,@makemytrip after corona virus went off we are ready to take the dates which even u Makemytrip offers. Plz help me out as we spend lot of money for the package and other things. I knw you guys are alwys help out is.That’s the reason you futons standing number 1 position in India.,Hyderabad,joy
2020-03-05,@stndfireworks Request all countries to celebrate #Diwali twice in a year  one on day of Holi&amp;another on day of Diwali so dat crackers could kill the dreadful viruses easily all over d world. At a time #fireworks will surely be a good example to fight with virus #coronavirus,Hyderabad,neutral
2020-03-05,.@aimim_national Bahadurpura MLA @mohdmoazamkhan spoke at the Annual day function of Dareeche Bawaheer School and asked the students to take precautionary measures from #coronavirus and to study well for the Annual exams. ,Hyderabad,joy
2020-03-05,While some have the luxury of working from home and avoiding crowded spaces  some have to clean and disinfect those very spaces? No  #coronavirus does not affect everyone in the same manner.,Hyderabad,sadness
2020-03-05,#AP:Update on measures in the wake of #Coronavirus. So far a total of 23 samples were collected.11 were tested negative while results are awaited for 12. #ControlRooms were set up in State &amp; Districts.Isolation wards were setup in GGH's &amp; District Hospitals @thenewsminute,Hyderabad,joy
2020-03-05,Hand sanitizer companies right know #coronavirus ,Hyderabad,sadness
2020-03-05,As part of the Swachh Hyderabad-Swachh Sherlingampally program at Madinaguda Mandal Parishad Primary School under Hafizpet Division Honorable Legislators distributed the Jute Bags to the students under the program of prevention of plastic and coronavirus.@GandhiArekapudi @KTRTRS,Hyderabad,neutral
2020-03-05,One more case of #Coronavirus detected in Ghaziabad with travel history to Iran. ,Hyderabad,joy
2020-03-05,Be Safe!!!Aware to Eradicate #coronavirus #UNICEF !! Notice of Safety Issued By #UNICEF #coronavirusindia Share and Retweet!!!!,Hyderabad,joy
2020-03-05,Sir it's high time another medicals who is selling the mask for 30rs which costs only 12rs and these type of people are more dangerous then #coronavirus please look into this Ankoor medicals Location :Masidbanda #CoronaOutbreak #coronavirusindia @hydcitypolice @KTRTRS https://twitter.com/hydcitypolice/status/1235445496295993344,Hyderabad,sadness
2020-03-05,Stop spreading the news of Corona Virus  everyone’s getting panic attacks! #coronavirus,Hyderabad,surprise
2020-03-05,When you are in public and someone coughs next to you #coronavirus ,Hyderabad,neutral
2020-03-05,Prime Minister of Israel Benjamin Netanyahu @netanyahu encourages Israelis to adopt the Indian way of greeting #Namaste at a press conference to mitigate the spread of #coronavirus ,Hyderabad,neutral
2020-03-05,In this time of crisis(Corona crisis) when we should help each other there are some vultures who are using this situations to make money. From a medical store in Hyderabad today around 9pm (4th March 2020) @hydcitypolice @ConsumerReports @KTRTRS #coronavirusindia #coronavirus ,Hyderabad,anger
2020-03-05,So many colleagues coughing around yet coming to work . #coronavirus @HiHyderabad @DonitaJose,Hyderabad,surprise
2020-03-05,We are been advised to work from home due to corona virus spreading in Hyderabad at fast pace and then there is no electricity to work since morning 8:30 AM  Attapur  Hyderabad @TsspdclCorporat advised current will be back in 20 mins @KTRTRS @KTRoffice @tsspdcl,Hyderabad,sadness
2020-03-05,Love in the time of #coronavirus For everybody asking me about wearing masks or about this brilliant Ayurvedic medicine that is claiming to be a cure; tune into my show on @95mirchihyd in a bit. Hopefully all your queries will be answered shortly ,Hyderabad,joy
2020-03-05,medical shops in Hyderabad looting the People Due to Corona virus... they increased the price of masks more than three times #CaronavirusIndia #COVID19india #Coronavirushyderabad #Telangana #medicalshops @KTRTRS @hydcitypolice @TelanganaDGP,Hyderabad,neutral
2020-03-05,DRINK LEMON TEA #MadeInChina #coronavirusinindia #coronavirusindia #COVID19india #Coronavirushyderabad #CoronaAlert #Mindspace #DSM #lemonteaforcorona #coronavirus @moayush @MoHFW_INDIA,Hyderabad,neutral
2020-03-05,The News Minute: Two more coronavirus cases in Hyderabad  govt issues advisory for companies. https://www.thenewsminute.com/article/one-more-hyd-techie-suspected-have-coronavirus-govt-issues-advisory-companies-119485 via @GoogleNews,Hyderabad,neutral
2020-03-05,Regulator @irdaindia is keen on speedier settlement of coronavirus claims  issues guidelines for insurers... Read more @the_hindu https://www.thehindu.com/news/national/covid-19-expedite-hospitalisation-claims-says-irdai/article30985880.ece @THHyderabad @thehindubiz,Hyderabad,joy
2020-03-05,#Hyderabad  #Telangana: Sania Mirza raises awareness about #coronavirus #coronavirusindia https://www.aninews.inundefined,Hyderabad,neutral
2020-03-05,20 suspected #coronavirus cases reported today  govt ready to meet any situation: #Telangana Health Minister https://www.aninews.inundefined,Hyderabad,joy
2020-03-05,Prabhas spotted wearing mask at #Hyderabad airport amid #coronavirus fears https://www.aninews.inundefined ,Hyderabad,fear
2020-03-05,Amit Shah's Mar 15 rally in #Hyderabad postponed amid #coronavirus scare https://www.aninews.inundefined ,Hyderabad,neutral
2020-03-05,#Telangana faces shortage of masks amid #coronavirus scare https://www.aninews.inundefined ,Hyderabad,neutral
2020-03-05,#Hyderabad Metro staff spray disinfectant at stations  metro coaches to prevent #coronavirus outbreak #Telangana #COVID #coronavirusinindia https://www.aninews.inundefined,Hyderabad,neutral
2020-03-05,#AndhraPradesh: 3 with flu symptoms hospitalised in #Srikakulam amid coronavirus scare https://www.aninews.inundefined ,Hyderabad,neutral
2020-03-05,What about those who are singing that RBI should cut rates to spur growth as x y and z central banks have done to lift economy on the face of Corona virus outbreak ?,Hyderabad,disgust
2020-03-05,What countries have been affected by the novel coronavirus known as COVID-19? How many cases are there in China? https://infographics.channelnewsasia.com/covid-19/map.html via @ChannelNewsAsia,Hyderabad,sadness
2020-03-05,We are not scared of corona virus.we are scared of Sonia virus ,Hyderabad,neutral
2020-03-05,@RachakondaCop @CyberCrimeRck @hydcitypolice @TelanganaDGP This account above involving in spreading Rumours about Corona Virus and panicking people ,Hyderabad,joy
2020-03-05,Coronavirus Cases in Hyderabad: 36 suspects under lens  over 400 in quarantine in Hyderabad | Hyderabad News - Times of India ,Hyderabad,neutral
2020-03-05,Cases elsewhere in the Region: Rep of Korea 5 766 incl 35 deaths Japan 317 incl 6 deaths Singapore 110 Australia 43 incl 1 death Malaysia 50 Viet Nam 16 Philippines 3 incl 1 death Cambodia 1 New Zealand 3 Ship in waters 706 incl 6 deaths #COVID19 #coronavirusl,Hyderabad,anger
2020-03-05,doctors at #Gandhi hospital demand shifting of #COVID19 isolation ward. G#CoronaAlert #Coronavirushyderabad,Hyderabad,neutral
2020-03-05,North Korean citizen shot dead for CORONAVIRUS. Le Indians** - CAN'T EVEN EXECUTE NIRBHAYA RAPISTS. #typicalindians #justindian #NirbhayaVerdict,Bangalore,surprise
2020-03-05,Everybody iS worried about Corona virus iNn bAnG@Lo®€ b@h€®e's w@I'm worried about when will d heat ofF d TeA Get's reduced &amp; turn's Cool 2drink iT SuL@iMaNi ©h@i   L€mOn T€a So as i Said never keep… https://www.instagram.com/p/B9XPDNuniY0/?igshid=2kqj3icnjl3g,Bangalore,sadness
2020-03-05,And here is a trend begins corona virus started from new Delhi ,Bangalore,surprise
2020-03-05,Got this from a friend he is very happy now! Coronavirus is the best thing that could happen. My wife does not want to travel. She doesn't want to buy anything because everything comes from China. She does not go to the Mall for fear of being infected.,Bangalore,sadness
2020-03-05,A sip & a Strong Green Chilly bit is an effective Coronavirus prophylactic...!! ,Bangalore,joy
2020-03-05,A thread on #CoronaVirus ,Bangalore,neutral
2020-03-05,@narendramodi @drharshvardhan Very unpopular opinion  but if India does what China did to control coronavirus spread  we can save thousands or rather lakhs more from getting infected. #LockDown Delhi NCR  Agra  Jaipur  Bangalore &amp; Hyderabad. Risk of community transmission is real,Bangalore,surprise
2020-03-05,Good thinking...! Even Coronavirus knows that there is something more dangerous than itself...!!! ,Bangalore,sadness
2020-03-05,Coronavirus Updated Statistics. ,Bangalore,neutral
2020-03-05,Watch this Lady preach and practice how to avoid the Coronavirus ,Bangalore,joy
2020-03-05,This movie reminds me of corona virus ,Bangalore,neutral
2020-03-05,Dettol & Lifebuoy must be high-fiving each other. Or maybe not. #handsanitizer #coronavirus,Bangalore,neutral
2020-03-05,Coronavirus scare: All primary schools in Delhi to remain shut this month ,Bangalore,joy
2020-03-05,i cannot fathom how coronavirus would be handled if pappu was PM.,Bangalore,sadness
2020-03-05,No wonder.... no stock of masks! #coronavirusinindia #CoronaKoDhona #coronavirus #CoronaAlert #COVID #COVID19US,Bangalore,neutral
2020-03-05,Right now  while you're scrolling through Twitter and sipping on your favourite Chai  you have countless germs on your hands  which you're not even aware of. Please wash and sanitize your hands regularly. Take care. #coronavirusinindia #CoronaAlert #coronavirus #chaayos,Bangalore,sadness
2020-03-05,Oh my goodness! Difficult to believe... But look at this book.. And the information in the book... The exact prediction about the #CoronaVirus massive illness .. Wired huh? But an ultimate truth #coronavirusinindia #endofdays #CoronaAlert,Bangalore,joy
2020-03-05,I believe that health & safety of everyone should be the top most priority for all companies. If you have any more suggestions  please let me know. My advice a) Drink lot of water b) Wash hands regularly c) Avoid handshake. Go w/ #Namaste #Corona #Virus #CoronaVirusinIndia – at Xiaomi India,Bangalore,sadness
2020-03-05,Be safe! At @XiaomiIndia we've taken measures to keep everyone safe: * Restricted travel * Video call meetings * Masks to all team members * Mandatory usage of hand sanitizers * Work from home * Medical check-up * Online launch events. #CoronaVirus #CoronaVirusinIndia #India – at Xiaomi India,Bangalore,joy
2020-03-05,India Hot weather keeping #coronavirus away from #India #coronavirusinindia,Bangalore,neutral
2020-03-05,@ashwinravi99 setting example on how to avoid coronavirus spread.. ,Bangalore,anger
2020-03-05,Save from corona virus infection Modi ji Bjp WB #coronavirusinindia #CoronavirusReachesDelhi @amitmalviya @sambitswaraj,Bangalore,neutral
2020-03-05,@RahulGandhi ji have you undergone screening for Corona Virus? I heard today at LS you have come from Italy recently? Is it true hope you don’t risk yourself without undergoing screening for corona virus.,Bangalore,surprise
2020-03-05,Come Celebrate Eco-friendly Organic Holi with us On 8th   9th and 10th March . *Village Story* and our all associates are aware of the Coronavirus and we are taking steps to ensure safety. We love to… https://www.instagram.com/p/B9WcuqcpaXp/?igshid=1p65ri0myr7x4,Bangalore,joy
2020-03-05,@BeCureFit recently received the email from cult with the precautionary steps against corona virus where there was no mention of biometric attendance system? How is Cult taking care of whether someone is infected or not? Steps taken are not apt.,Bangalore,sadness
2020-03-05,Please for the sake of everyone  DONT PLAY PETTY POLITICS using #Coronavirus At a time when world is struggling to contain the virus  how can you comment unsensibly on govt measures? A real good opposition Chief would extend all support and help to Govt in containment efforts. ,Bangalore,joy
2020-03-05,You Pappu just because they did not quarantine you don't think every one coming will be spared from scanning . Corona virus may not bring the kind of havoc you and your mother can unleash on India . Corona govt will tackle but you are the real danger,Bangalore,neutral
2020-03-05,"Water in a copper vessel  no poultry foods  and increased liquid intake along with homeopathic medicines will help fight coronavirus." Good god.,Bangalore,sadness
2020-03-05,Rahul is so conscious about corona virus ..went to Italy to search vaccine for .... ,Bangalore,joy
2020-03-05,THE NEW INDIAN EXPRESS HAS PUBLISHED A PIECE ABOUT ASTROLOGY SOLUTIONS TO CORONAVIRUS. @gsvasu_TNIE this is utterly irresponsible journalism.,Bangalore,neutral
2020-03-05,Let's protect ourselves and our family form deadly Coronavirus (COVID19) with Homeopathic Prevent medicine recommend by Govt of India AYUSH dept. Call us for more information: +917795881882 #coronavirusprevention #coronavirusindia #CoronavirusOutbreak #CoronaVirusUpdate,Bangalore,joy
2020-03-05,Keep yourself protected from Corona Virus. Have Shakti Drops Take Immugen Tablets Take Amrut Tablets Avoid touching the nose  eyes and mouth Wash your hands thoroughly Avoid public places Use masks if you have to go to a public place @MoHFW_INDIA @UNICEF @SriSriTattva – at Art of Living International Center,Bangalore,sadness
2020-03-05,@EtihadHelp Hey  @etihad   could please help cancelling my air ticket for Europe as there has been travel advisory for the countries I'm visiting. Moreover my company is not allowing to travel to Corona Virus hit regions. #CoronaOutbreak This is for #beingSafe,Bangalore,sadness
2020-03-05,What countries have been affected by the novel coronavirus known as COVID-19? How many cases are there in China? https://infographics.channelnewsasia.com/covid-19/map.html via @ChannelNewsAsia,Bangalore,sadness
2020-03-05,Good article on coronavirus Who is getting sick  and how sick? A breakdown of coronavirus risk by demographic factors https://www.statnews.com/2020/03/03/who-is-getting-sick-and-how-sick-a-breakdown-of-coronavirus-risk-by-demographic-factors/ via @statnews,Bangalore,disgust
2020-03-05,A woman in Wuxi  E #China's Jiangsu Province  heated 3 000 yuan cash in a microwave oven over fears the banknotes might be infected with #coronavirus. CITIC Bank's local branch exchanged the burned notes for new ones after verification. #COVID19,Bangalore,neutral
2020-03-05,#coronavirus before entering into #India,Bangalore,joy
2020-03-05,Corona Virus Chachipothe Happy ye ga ,Bangalore,neutral
2020-03-05,Coronavirus effect: President  PM Narendra Modi  Amit Shah to skip Holi events https://timesofindia.indiatimes.com/india/coronavirus-effect-president-pm-narendra-modi-amitshah-to-skip-holi-events/articleshow/74484347.cms via NaMo App,Bangalore,neutral
2020-03-05,Israeli PM Netanyahu encourages Israelis to adopt India’s Namaste to avoid Coronavirus spread https://navbharattimes.indiatimes.com/world/asian-countries/prime-minister-of-israel-benjamin-netanyahu-encourages-israelis-to-adopt-the-indian-way-of-greeting/articleshow/74481159.cms via NaMo App,Bangalore,neutral
2020-03-05,As a germophobe  it's hilarious to see people doing the same shit they used to mock me for. #CoronaVirus,Bangalore,joy
2020-03-05,Oh yeh! At this time of Corona virus outbreak  Delhi riots  screwed up economy  high rate of unemployment  tanking growth rate  India was just awaiting for this news!! Where would Jhanvi celebrate her bday! Get some life TOI!!,Bangalore,neutral
2020-03-05,Spread of corona virus in india is very fast,Bangalore,joy
2020-03-05,@AksharPathak is faster than the coronavirus. He is already celebrating April fools day  26 days ahead of time. ,Bangalore,joy
2020-03-05,Friend (seeing me on my cycle wearing mask): Dey! Mask doesn't protect from #coronavirus I: But it does  from #bangaloretraffic pollution. :),Bangalore,joy
2020-03-05,Chief Health Officer of BBMP: Eating chicken doesn't give you the Corona Virus #COVID 104 Karnataka State helpline number https://audioboom.com/posts/7522471-so-many-rumours-so-may-whatsapp-forwards-around-corona-virus-dr-vijendra-bilaguli-chief-healt,Bangalore,neutral
2020-03-05,@makemytrip are not cancelling tickets to Cambodia or Vietnam. They are minting money and encouraging more virus to India. #coronavirusinindia. @AirAsia @malindoair do you support #coronavirus outbreak?,Bangalore,sadness
2020-03-05,Without Shaking Hands #CoronaAlert #coronavirus,Bangalore,neutral
2020-03-05,This is scary beyond anything else With 2 strains of the #Coronavirus out there  and now the fact that immunity to them is not permanent  difficult to imagine how will the world save itself going forward. ,Bangalore,neutral
2020-03-05,Corona virus is observing all the precautions to protect itself form the deadly moshah epidamic.,Bangalore,joy
2020-03-05,Read this thread: #CoronaVirus ,Bangalore,neutral
2020-03-05,PNR No UDYMYW SpiceJet Flight Cancel to avoid travel due to corona Virus outbreak.They charged Cancellation Charges.our Govt advise mass gathering avoid travel Request Airline to refund in full they are not taking responsibility for impact due to Travel .#Spicejet @narendramodi,Bangalore,sadness
2020-03-05,PNR No BV5WVC Air Asia Flight Cancel to avoid travel due to corona Virus outbreak.They charged Cancellation Charges.our Govt advise mass gathering avoid travel Request Airline to refund in full they are not taking responsibility for impact due to Travel .#AirAsia @narendramodi,Bangalore,sadness
2020-03-05,#CoronaVirus effect! #NoTimeToDie postponed to November 2020. Will the new release have new scenes of #JamesBond fighting with virus?,Bangalore,anger
2020-03-05,Avoid shaking hand  follow Indian culture and say "Namaste" to avoid #coronavirus infection. @Swamy39 ji. #SayNamaste,Bangalore,neutral
2020-03-05,Protect your self and your family with Corona virus   take safety measures!!! ,Bangalore,joy
2020-03-05,Just 1 case of Corona Virus in India and people are crazy for masks!! Daily 400 people die in road crashes &amp; still no craze for Helmets #COVID19Nigeria #coronavirusinlagos #CoronaOutbreak #CoronaVirusUpdates #Coronavirusnyc #CoronaVirusUpdate #Coronavirusgermany,Bangalore,neutral
2020-03-05,Just 1 case of Corona Virus in India and people are crazy for masks!! Daily 400 people die in road crashes &amp; still no craze for Helmets #safetysaves be it virus or road crashes!,Bangalore,neutral
2020-03-05,@INCIndia @ShashiTharoor @BJP4India I won’t be surprised if a BJP MP demands all Pizzas to be checked for corona virus bcoz they know it too came frm Italy. When it comes to beating sanity  they take it another level!!,Bangalore,neutral
2020-03-05,Protect yourself and others from getting sick. https://www.who.int/emergencies/diseases/novel-coronavirus-2019/advice-for-public //@WHO// _ _ #coronavirus #covid #corona #wuhan #viral #coronavirusinindia #coronaalert #india #precautionsforcoronavirus #coronavirusoutbreak #coronavirusindia #coronaindia #coronaoutbreak #india,Bangalore,neutral
2020-03-05,@narendramodi ji  Sir can IPL be postpone. We all love cricket but as IPL attracts huge crowds and all of them remain in close contact therefore it may have spirals impact on coronavirus spread @BCCI #postponeIPL,Bangalore,joy
2020-03-05,Allah bows in front of #coronavirus,Bangalore,neutral
2020-03-05,Sir he is eagerly waiting for one genuine Corona virus infected person so that he can take credit of saving him or if he passes away blame Congress and survive as Cm ,Bangalore,joy
2020-03-05,Let's protect ourselves and our family form deadly Coronavirus (COVID19) with Homeopathic Prevent medicine recommend by Govt of India AYUSH dept. Call us for more information: +917795881882 #coronavirusprevention #coronavirusindia #CoronavirusOutbreak #CoronaVirusUpdate,Bangalore,joy
2020-03-05,A woman in Wuxi  E #China's Jiangsu Province  heated 3 000 yuan cash in a microwave oven over fears the banknotes might be infected with #coronavirus. CITIC Bank's local branch exchanged the burned notes for new ones after verification. #COVID19 ,Bangalore,neutral
2020-03-05,#COVID19 thread @AnantBhan @anupsoans @docbhooshan @the_hindu @DeccanHerald @krishashok,Bangalore,neutral
2020-03-05,#COVID19 Simply @WHO is the best. It even has section on how to cope with the stress  food safety and so on.,Bangalore,joy
2020-03-05,#COVID19 avoid spreading #panic as much as the virus itself.,Bangalore,neutral
2020-03-05,#COVID19 - Clean hands - wash or gel - Social distancing and Respiratory etiquette - Avoid touching nose mouth and eyes - Look out for official advice and follow - Seek medical attention early,Bangalore,sadness
2020-03-05,To prevent spread of COVID19  is not good - If the Government asks everyone to wear a mask till a given date. Also with an illustration  how a mask can made at home  otherwise the market don't have so many.,Bangalore,neutral
2020-03-05,Harsh should get harsh punishment. He infects faster than #COVID19 . ,Bangalore,surprise
2020-03-05,"Coronavirus cases in India jump to 30 as a Ghaziabad man tests positive" ,Ahmedabad,neutral
2020-03-05,all companies specially in IT sector Work from home has been advised due to #coronavirus. But Why not work from home for #pharma companies employees? ,Ahmedabad,neutral
2020-03-05,Jesus is powerful then Corona virus believe him he will protect you ,Ahmedabad,joy
2020-03-05,Both the #coronavirus samples in #Ahmedabad has tested Negative for #COVID19 . Govt under #BJP CM @vijayrupanibjp is on right direction setting up several precautionary measures. @CMOGuj,Ahmedabad,joy
2020-03-05,Coronavirus entry in India  How to protect yourself | #coronavirusindia #CoronavirusReachesDelhi #coronavirus #coronavirusgujarat #krishnalighting,Ahmedabad,joy
2020-03-05,For Corona virus yaa. The warmer it is  the better right now.,Ahmedabad,sadness
2020-03-05,"Coronavirus: More than 94 000 cases have been confirmed worldwide  WHO says" #Coronavirus ,Ahmedabad,surprise
2020-03-05,#NamasteAmdavad No Handshakes; Say Namaste Do Frequent Handwashing Don’t touch hands on face Ensure Cough Etiquette No Spitting In Public Simple things WE can do to stop the spread of #Coronavirus #COVID19 #HelpUsToHelpYou,Ahmedabad,joy
2020-03-05,"Coronavirus: More than 94 000 cases have been confirmed worldwide  WHO says" #Coronavirus ,Ahmedabad,surprise
2020-03-05,Will stocks decline in the coming days  weeks and months? This is the wrong question to ask . . . primarily because it is entirely unanswerable. - Howard marks  March 3. Memo to clients( Amidst coronavirus scare),Ahmedabad,anger
2020-03-05,With strengthening DXY index how dollar backed debt will react? & gradually will dollar stay intact? Food for thought #FederalReserve #COVID19 who will blink first,Ahmedabad,sadness
2020-03-05,Both the #coronavirus samples in #Ahmedabad has tested Negative for #COVID19 . Govt under #BJP CM @vijayrupanibjp is on right direction setting up several precautionary measures. @CMOGuj,Ahmedabad,joy
2020-03-05,#NamasteAmdavad No Handshakes; Say Namaste Do Frequent Handwashing Don’t touch hands on face Ensure Cough Etiquette No Spitting In Public Simple things WE can do to stop the spread of #Coronavirus #COVID19 #HelpUsToHelpYou,Ahmedabad,joy
2020-03-05,What countries have been affected by the novel coronavirus known as COVID-19? How many cases are there in China? https://infographics.channelnewsasia.com/covid-19/map.html via @ChannelNewsAsia,Tirupati,sadness
