Tweet Posted Time (UTC),Tweet Content,Tweet Location,Emotion
2020-03-09,These people who come from #Covid19 infected area and do not volunteer information of their journey are very selfish and should be triad as a criminal. Typical #Indian Mentality to #Lie and #if I am dying shall take ten with me.,Bihar,neutral
2020-03-09,When you have set an awesome hello tune but everyone listens corona virus precaution on call: ,Goa,surprise
2020-03-09,Whatsapp -> http://bit.ly/39CSML8 (+919990482449) Checkout this hot &amp; latest Others Coronavirus Protection 3 Layer Face Mask Pack of 3 Product Name: Coronavirus Protection 3 Layer Face Mask Material: Non… https://www.instagram.com/p/B9fuU35BNMU/?igshid=1vvhoqz88187,Goa,neutral
2020-03-09,To fight the CoVID19 Goa International Airport is taking utmost care and the regular fumigation is carried for Immigration/screening counters  washrooms offices in International arrival. NO STONE IS LEFT UNTURNED @AAI_Official @MoCA_GoI @MoHFW_INDIA @DGCAIndia @visrane @aairedwr – at Dabolim Goa International Airport (GOI),Goa,joy
2020-03-09,I think China should be billed for the spread of Covid19 as they tried to hide the fact. Protecting the communist party at the cost of the world health isn't acceptable. The Chinese govt should be docked in the UN and by affected govt's.,Goa,joy
2020-03-09,Is it safe to hold PSL matches in Karachi where 9 new cases of #Coronavirus have surfaced? If crowd-less matches can be held in Italy  why not in Karachi  where educational institutions are closed. Shift matches to other venues or play in empty ground.Better to be safe than sorry ,Punjab,sadness
2020-03-09,Lets hope and pray rising temperatures help. Coronavirus is RNA type and supposed to be less stable to heat compared to DNA type. However until now these are just guesses...,Punjab,sadness
2020-03-09,Sign & symptoms of #coronavirus and how can we avoid from this virus. These are some #preventive measures and #treatments. @CPEC_Official @CPEC_UPDATE @ipd_newsletter @investinpak @pcipakchina @GovtPunjabPK #SahiwalPowerPlant #CPEC #precautions #symptoms,Punjab,surprise
2020-03-09,The estimates of R0 for the Coronavirus in China were somewhere between 2 and 3.5 ,Punjab,neutral
2020-03-09,Italian army’s chief of staff tests positive for coronavirus. ,Punjab,neutral
2020-03-09,Isn't #coronavirus just a fancy name for having a flu??? #COVID,Punjab,joy
2020-03-09,Another coronavirus case emerges from Karachi ,Punjab,neutral
2020-03-09,All Italy is locked down  PM Conte has just announced. Everyone must remain at home. Nationwide lockdown. #COVID19 #Breaking #CoronavirusOutbreak #舞い落ちる花びら,Punjab,joy
2020-03-09,Amid #COVID19 &amp; #oilprice drop  Real #BlackSwan is in town. A challenging time ahead: Global #stockmarkets are crashing. Airlines are canceling thousands of #flights. Oil prices have plunged 25%+ bringing uncertainty. Cross-border #trade disturbed as #ports are empty.,Punjab,anger
2020-03-09,How to handrub? Use alcohol-based handrub for 20-30 seconds #COVID19 #Bangladesh World Health Organization (@WHO),Tripura,neutral
2020-03-09,How to handwash? Use and water for at least 40-60 seconds World Health Organization (@WHO) #COVID19 #Bangladesh,Tripura,neutral
2020-03-09,Times Now: [VIDEO] Brawl breaks out in supermarket  shoppers panic-buy toilet rolls due to coronavirus outbreak. https://www.timesnownews.com/the-buzz/article/video-brawl-breaks-out-in-supermarket-shoppers-panic-buy-toilet-rolls-due-to-coronavirus-outbreak/562456?utm_source=googlenewstand&amp;utm_medium=referral&amp;utm_campaign=latest-news via @GoogleNews,Uttar Pradesh,neutral
2020-03-09,NDTV News: Italy Locks Down 15 Million After Massive Surge In Coronavirus Deaths. https://www.ndtv.com/world-news/italy-locks-down-15-million-after-massive-surge-in-coronavirus-deaths-2192038?publisher=newsstand via @GoogleNews,Uttar Pradesh,neutral
2020-03-09,How to handrub? Use alcohol-based handrub for 20-30 seconds #COVID19 #Bangladesh World Health Organization (@WHO),Tripura,neutral
2020-03-09,How to handwash? Use and water for at least 40-60 seconds World Health Organization (@WHO) #COVID19 #Bangladesh,Tripura,neutral
2020-03-09,Coronavirus: • Air Pollution is down • Toxic Industries are shut • People are serious about hygiene • Fuel Prices are down • Everyone is Spending more time with their families • Eating home food #CoronavirusOutbreak,Chandigarh,sadness
2020-03-09,Keep distance from people of Whatsapp University/Bro Science spreading Eggs & Chicken khane se Corona Virus hota h. It’s factually wrong.Anything cooked or boiled on high temperature eliminates all the viruses from it. Do read about it and don’t believe in bullshits.,Chandigarh,anger
2020-03-09,When will this coronavirus thing end  I need to make travel plans! ,Chandigarh,anger
2020-03-09,@airtelindia You are charging for my Hello Tune and yet the Corona-Virus message is played. Till the time my hello-tune is not restored don’t charge. Extortionists. This message is from all the customers having caller tunes. @TraiIndia @CCI_India @FinMinIndia @GoI_MeitY,Chandigarh,sadness
2020-03-09,Our first comic: Kids  Vaayu & Corona: Who wins the fight?: Motivating kids to defeat Corona through simple learning and fun! @MoHFW_INDIA @CemShweta @ManojPa47203819 @OfficialPU,Chandigarh,sadness
2020-03-09,Our first comic: Kids  Vaayu & Corona: Who wins the fight? @MoHFW_INDIA @CemShweta @ManojPa47203819 @OfficialPU,Chandigarh,sadness
2020-03-09,#ProtectYourself from #coronavirus #spreadawarness,Dadra and Nagar Haveli,neutral
2020-03-09,#ProtectYourself from #coronavirus #spreadawarness,Daman and Diu,neutral
2020-03-09,UNFOUNDED FEARS? This is not an Apocalyptic Hollywood Film This is @HeathrowAirport  spooked by media overhyped #Coronavirus This German hotelier can't believe how businesses are going bankrupt..economies have come to a standstill! @seriousfunnyguy @GauravPandhi #Covid19,Delhi,sadness
2020-03-09,Thinking of actually calling someone up just to see what this mandatory coronavirus message before call is like,Delhi,joy
2020-03-09,I Hope  it is not coronavirus. Anyway  if it is what it looks like on our TV screens  then Congress needs to work on a counter plan soon (to fail #OperationHoli #OperationKamal),Delhi,sadness
2020-03-09,Here’s where cases of #coronavirus have been identified https://www.bloomberg.com/graphics/2020-wuhan-novel-coronavirus-outbreak/ via @bbgvisualdata #COVID2019,Delhi,sadness
2020-03-09,#Coronavirus: #WHO says threat of a #pandemic now 'very real' as cases surge in Spain #Coronavirus ,Delhi,neutral
2020-03-09,Novel coronavirus disease spread can be stopped  always cover your mouth with an handkerchief while coughing and sneezing  wash your hands with soap frequently  avoid touching your eyes  nose and mouth  keep at… https://www.instagram.com/p/B9hYaxEjBE3/?igshid=18bgdiyrhjuwc,Delhi,sadness
2020-03-09,China waale corona virus se pareshaan hai aur hum corona ki caller tune se *cracking the cough code* in mind #CoronavirusOutbreak,Delhi,joy
2020-03-09,If you all are getting a bit annoyed by the new corona virus advisory every time making a call  press #the message will stop and the call will go thru. #COVID2019 #Mobile #Announcement #coronavirusindia,Delhi,neutral
2020-03-09,Fantastic article on Coronavirus Lab test .Must read it . ,Delhi,surprise
2020-03-09,New York is making its own hand sanitizer using inmate labor to fight the coronavirus outbreak http://on.forbes.com/60171qXOU,Delhi,anger
2020-03-09,#Coronavirus has huge impact on ours Festival of Color 'Holi'  as the sales of colors-pichksri is down by more than 30% this time. Watch my ground report..... @ZeeBusiness #CoronavirusOutbreak #coronavirusinindia #festival #Holi #Holi2020,Delhi,sadness
2020-03-09,_To skip the coronavirus awareness audio_ Press 1 as soon as the audio starts. the dialled number starts ringing.... #coronavirus,Delhi,surprise
2020-03-09,We are praying God for burning the deadly Corona Virus along with Holika this time #coronavirusinindia #civid #godisgreat #CoronaKoDhona #HappyHoli,Delhi,neutral
2020-03-09,And the stupid #coronavirus,Delhi,surprise
2020-03-09,It’s #Holi tomorrow and even though most of us will avoid large gatherings this year  thanks to the worries associated with the Novel Coronavirus  we will still celebrate this auspicious festival with our close… https://www.instagram.com/p/B9hITrhJl-U/?igshid=1xjgntfj9qitm,Delhi,joy
2020-03-09,From airtel: "As per the Govt. directive you may hear a pre-call announcement on Corona virus when you make an outgoing call.This may delay your call connect by a few seconds",Delhi,neutral
2020-03-09,All we need is a skipAd button on phones to skip that corona virus message coming before every call. Are you listening ?? #TRAI #Android #CoronaVirusUpdate #CoronavirusOutbreak #iphone #airtel #coronavirus #skipad #YouTube,Delhi,surprise
2020-03-09,The mission has 4 medical teams & 13 Indian Air Force personnel. #Coronavirus ,Delhi,surprise
2020-03-09,IMP INFO- *To skip the coronavirus awareness audio* Press 1 as soon as the audio starts. the dialled number starts ringing. @journosaurav @IMinakshiJoshi @SrBachchan @indiatvnews,Delhi,neutral
2020-03-09,@WIONews speaks to Bangladesh FM over #CoronavirusOutbreak. He tells me that  "No foreign dignitaries will be present for March 17th event" as country reports 1st #Coronavirus cases. https://www.wionews.com/south-asia/bangladesh-no-foreign-dignitaries-will-be-present-for-march-17th-event-due-to-coronavirus-fear-285306 @wionews,Delhi,neutral
2020-03-09,Number of people infected with #Coronavirus at 45 now in India. Punjab confirms one case. https://twitter.com/sidhant/status/1237019577147486210,Delhi,neutral
2020-03-09,@fssaiindia endorses that #coronavirus doesn’t spread through chicken  mutton or sea food. ,Delhi,neutral
2020-03-09,Volatility in the rupee and #stockmarkets short-lived  majorly driven by the global widespread of COVID-19 Corona virus. Confidence in #indian #economy instilled. #CoronavirusOutbreak #coronavirusindia #COVID2019,Delhi,disgust
2020-03-09,27 deaths in Iran due to consumption of spurious liquor by people who were influenced by rumours that consumption of liquor helps fight the corona virus. So sad! ,Delhi,sadness
2020-03-09,Number of #Coronavirus cases jump to 44. Bangalore reports its first case of the virus. https://twitter.com/sidhant/status/1236909051386007552,Delhi,sadness
2020-03-09,NEW: Qatar closes all schools and universities due to coronavirus.,Delhi,joy
2020-03-09,Dear @airtelindia  Regarding your #coronavirus message.. whenever I am calling I get this time for more than 30 Sec!! I don’t need to hear it EVERY time I make a call! #irritating,Delhi,neutral
2020-03-09,Did you hear the #callertune on #CoronaVirus?,Delhi,joy
2020-03-09,Prime Minister Modi's visit to Bangladesh next week has been deferred over cases of #Coronavirus in the country: MEA,Delhi,surprise
2020-03-09,The total number of #coronavirus cases in India has risen to 43. ,Delhi,surprise
2020-03-09,He has Gabbar Singh to thank for saving him from the Corona outbreak! #coronavirusindia #COVID2019 #coronavirus #Coronavid19,Delhi,surprise
2020-03-09,@anandmahindra Tips On How To Leverage Coronavirus Crisis - An opportunity not to be missed! NDTV ,Delhi,neutral
2020-03-09,Watch this informative video on COVID-19. https://youtu.be/KMkd2TOU_TY #CoronaVirus #India #CovenantLife #PDChurch,Delhi,joy
2020-03-09,Most awaited news ever !! Hope this lends some cheer to the gloomy year so far. China shuts 14 makeshift hospitals as new coronavirus cases in Wuhan plummet https://www.hindustantimes.com/world-news/china-shuts-14-makeshift-hospitals-in-coronavirus-epicentre-wuhan-as-new-cases-plummet/story-eMXCqrVC1gQunQqUS4OirJ.html Sent from Hindustan Times Android App.,Delhi,sadness
2020-03-09,Now latest #sanitizer to kill #CoronaVirus #CoronavirusOutbreak #CoronaVirusUpdate,Delhi,sadness
2020-03-09,Bangladesh FM to @WIONews on 17th March event &amp; PM Modi participation: Foreign dignitaries may not come to attend 17th March event as we will not organize big gatherings as a precautionary measures against #Coronavirus.,Delhi,neutral
2020-03-09,NEW: Philippines reports 10 new cases of coronavirus  doubling the total to 20.,Delhi,neutral
2020-03-09,BREAKING: Spain reports 306 new cases of coronavirus  979 cases in total. Spain's largest daily increase so far.,Delhi,joy
2020-03-09,Coronavirus makes them total human .,Delhi,anger
2020-03-09,NEW: India reports first child who tested positive for coronavirus. A 3-year-old boy.,Delhi,joy
2020-03-09,NEW: Indonesia reports 13 new cases of coronavirus  19 cases in total.,Delhi,neutral
2020-03-09,So friends #Holi2020 #CoronavirusOutbreak #coronavirusinindia #Corona #COVID2019 pls beware burn Holika than play Holi ... read @medlarge @Madhurendra13 Leading Dermatologist share tips to celebrate safe Holi under striking fear of Coronavirus https://medlarge.com/blog/2020/03/09/leading-dermatologist-share-tips-to-celebrate-safe-holi-under-striking-fear-of-coronavirus/ detail tips!,Delhi,joy
2020-03-09,Sensex nosedives over 1 900 points amid coronavirus fears : The Tribune India ,Delhi,neutral
2020-03-09,India will be sending an Air force plane to Iran to bring back its citizens. The plane will leave Delhi at 8 pm from Hindon. #Coronavirus,Delhi,joy
2020-03-09,While I appreciate the new corona virus advisory  it is irritating to hear it every time I make a call. If you press #the message will stop and the call will go thru without the guy coughing into your ear each time.,Delhi,anger
2020-03-09,Big thanks to @MIB_India @MIB_Hindi @PrakashJavdekar @MoHFW_INDIA @drharshvardhan for #coronavirus mobile #ringtone @PMOIndia Keep it up  it works against #CoronavirusOutbreak #COVID2019 #coronavirusindia #Coronavid19 @MTNLOfficial @BSNLCorporate @JioCare @VodafoneIN @airtelindia,Delhi,joy
2020-03-09,No Holi party this year FU #Coronavirus ,Delhi,neutral
2020-03-09,Watch: Disinfection of the Ambulances by Indo-Tibetan Border Police (@ITBP_official) at Chhawla Camp New Delhi. 14 Italians and 1 Indian were shifted to Hospitals in these Ambulances. #Coronavirus ,Delhi,neutral
2020-03-09,Just 1 case of Corona Virus in India and people are crazy for masks!! Daily 400 people die in road crashes &amp; still no craze for Helmets is #safetysaves be it virus or road crashes!,Delhi,neutral
2020-03-09,@TajHotels Are you people also cancelling the booking for free due to Coronavirus??,Delhi,neutral
2020-03-09,1 meter distance There is a +ve shift in the mass Indian behavior towards washing hands since Coronavirus broke out Now its time to acquire another good habit: maintain distance  especially at airline queues &amp; offices Hope airlines enforce this strictly @IndiGo6E @flyspicejet,Delhi,sadness
2020-03-09,This is scary... Plague in 1720  Cholera outbreak in 1820  Spanish flu in 1920 and Coronavirus in 2020 #100years #pandemic #unexplained #CoronavirusOutbreak #Coronavid19,Delhi,fear
2020-03-09,Corona virus is not a joke. Stop making fun &amp; memes about it. Pray for the families who lost the lifes of their love ones and pray for the world peace #CoronavirusOutbreak #coronavirusindia #coronavirus,Delhi,neutral
2020-03-09,@airvistara Team   are you also planning to reschedule and cancel flights for free for passenger not willing to travel due to coronavirus as Indigo is doing the same ?,Delhi,sadness
2020-03-09,No deaths due to corona virus in India: Health Minister ,Delhi,neutral
2020-03-09,Stay protected! Stay safe from Coronavirus! ,Delhi,joy
2020-03-09,#CoronavirusOutbreak 41 cases confirmed in India as Oil prices fell by 31% biggest fall since Gulf war #oilprice #CPACvirus #coronavirus #COVID2019 #COVID19,Delhi,joy
2020-03-09,Summing up the stay of Kashmiri in Delhi so far: Article 370 row : Kashmiri ho  stay indoors. JNU Violence : Kashmiri ho  stay indoors. CAA row : Kashmiri ho  stay indoors. Delhi Riots. : Kashmiri ho  stay indoors. Coronavirus : Kashmiri ho  stay indoors.,Delhi,neutral
2020-03-09,India has screened 8 74 708 passengers coming to India via 8 255 flight over #Coronavirus fears.1921 passengers have been found symptomatic  177 have been hospitalized.,Delhi,surprise
2020-03-09,VIDEO: 1/4th of Italian are in solitary confinement  Veneto region is on lockdown along with swathes of northern Italy as the country battles a #coronavirus outbreak which has led to 233 deaths and thousands of infections ,Delhi,neutral
2020-03-09,Coronasur? Wtf! #coronavirus #HappyHoli,Delhi,neutral
2020-03-09,Coronavirus outbreak LIVE updates: More positive cases  total number in India rises to 43 https://indianexpress.com/article/india/coronavirus-live-updates-india-delhi-kerala-china-world-cases-death-toll-6306094/ via @IndianExpress,Delhi,neutral
2020-03-09,#CoronavirusOutbreak Stock markets fell sharply with #Sensex tanking over 2 200 points amid a global selloff on concerns that the #coronavirus would significantly slow down economic activity.,Delhi,joy
2020-03-09,The total number of #coronavirus cases in India has risen to 43. ,Delhi,surprise
2020-03-09,Holi  the festival of colors and happiness.. Don't waste the festival from the fear of corona virus. #holi #holi2020 #festive #indianfestival #India #festivalofindia #office #officeteam #officecelebrations … https://www.instagram.com/p/B9gWH0ZJ1cX/?igshid=qc1rqzroak46,Delhi,sadness
2020-03-09,Markets are not for the faint hearted! If you keep checking your portfolio everyday then before corona virus a heart attack will kill you! #Corona,Delhi,neutral
2020-03-09,Doctors: Due to coronavirus we are suggesting that you should avoid public gatherings. Introverts: ,Delhi,neutral
2020-03-09,Sources on evacuation of Indians from Iran: New Delhi will be facilitating return of Indians.This means  resuming and rearranging flights & medical screening before leaving Iran. #Coronavirus ,Delhi,neutral
2020-03-09,Do read about the protests. Corona virus is an excuse. ,Delhi,fear
2020-03-09,India is negotiating with Iran Govt for establishment of such screening centers in other cities of Iran as well #coronavirus,Delhi,joy
2020-03-09,Sources on evacuation of Indians from Iran: India has set up medical screening centers in central city of Qom now & the Indian mission has started screening of people. #Coronavirus ,Delhi,neutral
2020-03-09,Sources on evacuation of Indians from Iran: Indian pilgrims will be evacuated first from Iran. They have been prioritized due to lack of resources. Other will be facilitated only after pilgrims have been safely transferred to India. #Coronavirus,Delhi,sadness
2020-03-09,EAM Jaishankar in Srinagar. First pictures. Meets parents of stranded students in Iran. #Coronavirus ,Delhi,joy
2020-03-09,"Child tests positive for coronavirus as confirmed cases increase in India" https://twitter.com/i/events/1234756221661433856 #COVID19 #coronavirus #Coronavirustruth,Delhi,neutral
2020-03-09,43 cases of #coronavirus in India: Health Ministry https://twitter.com/sidhant/status/1236895008000593921,Delhi,neutral
2020-03-09,Indian students in Iran still in the country. They will be evacuated soon  assures EAM to parents of stranded students in Srinagar reports @Ieshan_W #Coronavirus ,Delhi,neutral
2020-03-09,Why’d the man run away? #Coronavirus is not an STD or something. Get yourself checked  treated  recover and walk out duh ,Delhi,neutral
2020-03-09,Qurano-Virus has caused shut down of Mecca but Corona-Virus failed to show its power in Kashi. ,Delhi,neutral
2020-03-09,EAM S Jashankar in Srinagar. Will be interacting with family members of students who are stuck in Iran. #Coronavirus,Delhi,surprise
2020-03-09,Corona virus is spreading at crowded palces. Introverts : ,Delhi,neutral
2020-03-09,Number of #Coronavirus cases in India now at 42. Three positive new cases  1 from Delhi  1 from UP &amp; 1 from J&amp;K,Delhi,neutral
2020-03-09,Coronavirus Outbreak LIVE Updates: India Tally Rises to 41 as Kerala Child  Jammu Woman Test Positive; 550 Infected in US ,Delhi,neutral
2020-03-09,VISIT CANCELED IN LAST 4 MONTHS Month/visit Cause Dec Japan PM Abe CAA protest Incoming visit Jan Aussie PM Australia Fire Incoming visit March PM's Brussel & Corona Virus Bangaldesh visit,Delhi,joy
2020-03-09,#CoronaVirus by country’s cases • China &gt; 80 000 • Italy 7375 • South Korea 7313 • Iran 6 566 • France 1 126 • Germany 939 • Spain 644 • US 484 • Switzerland 337 • UK 273 • Netherlands 265 • Sweden 203 • Belgium 200 • Canada 63,Delhi,neutral
2020-03-09,Khazani distributed Mask to avoid CORONA Virus. CORONA is not a Joke. Just be safe and keep others safe. #Corona #Coronavirus #Virus #Besafe #Awareness #CoronavirusOutbreak #coronavirusinindia,Delhi,sadness
2020-03-09,Kerala on high alert after 5 more test positive for novel coronavirus ,Delhi,neutral
2020-03-09,Last week 2 English words got very famous in India. #moratorium. #Quarantine. I didn't know both. It shows you learn more during adversity!! #MondayMotivaton #amwriting #coronavirusindia #coronavirus #YesBankScam #YesBank,Delhi,neutral
2020-03-09,#COVIT19 #Health #Hygiene #SanitaryConditions Let's pledge to keep our surroundings clean and dry this day to keep our world free of #CoronaVirus #SymptomsOfCoronaVirus #JiwanBooksInternationalPvtLtd #EduHubPublishingCompany,Delhi,neutral
2020-03-09,Happy Holi everyone Have a safe holi !! #holi2020 #holiparty #holicelebration #holihai #holifestival #savewater #coronavirus ,Delhi,joy
2020-03-09,The family that’s tested positive for coronavirus traveled to Italy  returned to Kerala and then reportedly were in contact with nearly 3000 people. How did this family get past airport scrutiny? If our airport authorities are lax  we will have no way to control #coronavirus,Delhi,neutral
2020-03-09,Combating Corona Virus together. Stay at least one metre from any one coughing  sneezing. Avoid touching your eyes  nose. Practice respiratory hygiene. People feeling unwell should stay at home.WHO chief Scientist says. ,Delhi,sadness
2020-03-09,3 year old tests positive for coronavirus in Kerala- 6 cases in the state now  total of 37 coronavirus cases now in India,Delhi,neutral
2020-03-09,Agree to an extent. But we still need to fix domestic demand issues  financial stability irrespective of corona virus impact. Let’s get our house in order.,Delhi,surprise
2020-03-09,There is something called Chickening out and the corona virus isn’t known to cause that. ,Delhi,sadness
2020-03-09,How does somebody get Coronavirus if nobody’s travelling? #VacayNow ,Delhi,neutral
2020-03-09,UNFOUNDED FEARS? This is not an Apocalyptic Hollywood Film This is @HeathrowAirport  spooked by media overhyped #Coronavirus This German hotelier can't believe how businesses are going bankrupt..economies have come to a standstill! @seriousfunnyguy @GauravPandhi #Covid19 ,Delhi,sadness
2020-03-09,40 new cases of #COVID19 reported on Chinese mainland on Sunday  1 535 discharged and 22 more deaths. Latest figures: - 80 735 total confirmed cases - 3 119 deaths - 58 600 discharged ,Delhi,joy
2020-03-09,God's way of punishing the culprits of the left variety  the right way. #COVID2019 #COVID #COVID19 ,Delhi,joy
2020-03-09,I guess  Yes Bank and COVID19 are the main reason for sensex slump.,Delhi,neutral
2020-03-09,Panic among indian states over Covid19. Foreign tourists are turning away or badly handled by local authorities. Pls sensitised and stop damage asap its a long process to promote INDIA 4 tourism,Delhi,joy
2020-03-09,@drharshvardhan @MoHFW_INDIA @PMOIndia @prahladspatel @tourismgoi #saveindiatourism Panic among indian states over Covid19. Foreign tourists are turning away or badly handled by local authorities. Pls sensitised and stop damage asap its a long process to promote INDIA 4 tourism,Delhi,joy
2020-03-09,(1/2) #COVID19 cases as of 8 Mar 16:00 CET via @WHO http://bit.ly/3cHw99Z 106 893 80 859 7 134 6 566 5 883 939 847 696 589 455 277 264 213 188 169 161 147 138 102 93 79 77 66 62 57 54 50 48 45 34 31 28 27,Delhi,neutral
2020-03-09,#CoronavirusOutbreak 41 cases confirmed in India as Oil prices fell by 31% biggest fall since Gulf war #oilprice #CPACvirus #coronavirus #COVID2019 #COVID19 ,Delhi,joy
2020-03-09,"Child tests positive for coronavirus as confirmed cases increase in India" https://twitter.com/i/events/1234756221661433856 #COVID19 #coronavirus #Coronavirustruth,Delhi,neutral
2020-03-09,Actually OPEC (Saudi) and non-OPEC countries (Russia) earlier signed a deal to cut its oil production by 1.2 mmb/d which was goin to expire in Mar’2020. So amid COVID19 and excessive global oil glut OPEC hv met again  5-6 days back to cut additional 1.5 mmb/d by until Jun’20.,Delhi,sadness
2020-03-09,#Holi greetings to everyone  let the festival of colours enrich everyone's lives with joy  peace and good health. Since the Nation is shaken by #Corona virus  It is essential to celebrate this festival with utmost care.,Pondicherry,joy
2020-03-09,Infographics on COVID-19 Issued in public health interest by EMA #covid19 #coronavirus #publichealthemergency #emergencymedicine #Infographics,Pondicherry,neutral
2020-03-09,Infographics on COVID-19 Issued in public health interest by EMA #covid19 #coronavirus #publichealthemergency #emergencymedicine #Infographics,Pondicherry,neutral
2020-03-09,Italy is hell bent to destroy India .. haha First they sent Sonia (Con artist) and now Tuerists with #CoronaVirus Sonia is the worts thing that India had. #GangsOfItaly,Jaipur,sadness
2020-03-09,#Apple is letting all employees work remotely due to #coronavirus ,Jaipur,surprise
2020-03-09,Once a vaccine for coronavirus is developed  it should be free. @PMOIndia @drharshvardhan @MoHFW_INDIA #COVID #coronavirusindia,Jaipur,surprise
2020-03-09,Outbound Tourism industry India is facing unprecedened challenges. Low biz sentiment  sluggish economy  #Coronavirus &amp; high taxes. It cant withstand burden of new 5% TCS. Request govt to defer till stability returns #savetravelindustry @FinMinIndia @PMOIndia,Jaipur,joy
2020-03-09,#coronavirus No virus can kill you when you are already Dead Inside ,Jaipur,surprise
2020-03-09,In India we celebrate Holi (festival of colors) but before that we burn cow dung cake in large quantity at every crossing across the country. So due to this lot of smoke has been released & temperature will increase. So does this will decrease the chances of spreading #COVID19?,Jaipur,joy
2020-03-09,#ItalyCoronavirus Italy has been exporting dangerous virus to India since long. Coronavirus outbreak: Punjab confirms first positive case  patient had travelled to Italy https://www.indiatoday.in/india/story/coronavirus-outbreak-punjab-confirms-first-positive-case-patient-had-travelled-to-italy-1654059-2020-03-09 via @indiatoday,Chennai,sadness
2020-03-09,All state gov & central must be more vigilant and must form war rooms at right stages to prevent outbreaks. All politicians especially must not blame each other for stock markets and bank crisis now! @BJP4India @AIADMKOfficial @INCIndia #coronavirus #COVID19 (9/n),Chennai,sadness
2020-03-09,People must public gatherings unless the need is real. These form the ground for community spread leading to difficulties in contact tracing. Remember  you can be asymptotic if you have #COVID19 #Coronavirus acquired. Would you like it? No right? Follow the advice. (8/n),Chennai,surprise
2020-03-09,People  please don’t spread rumours related to the severity of the disease  symptoms and treatments. Follow the @WHO  @MoHFW_INDIA   @CDCgov They give the accurate info and does not give false data. At least we can know the truth than rumours. #Coronavirus #COVID19 (7/n),Chennai,sadness
2020-03-09,Vigorous contact tracing of past 14 days history of the ~50 patients is very important. is a densely populated country and people use public travel to the fullest. A community spread may be inevitable if not proper measures are taken in priority. (5/n) #COVID19 #Coronavirus,Chennai,sadness
2020-03-09,The Government and @MoHFW_INDIA has taken really nice and swift actions like closing seaports for docking  isolating patients and awareness through caller tunes by @reliancejio @airtelindia and @VodafoneIN so far. #COVID19 #Coronavirus But this is not enough. (4/n),Chennai,sadness
2020-03-09,We still don’t know if the deadly #COVID19 #Coronavirus is only spread via droplets. WHO still couldn’t predict the real mode of transmission for the While the chances of it being airborne is really less with the data we have  it’s better we avoid public gatherings. (3/n),Chennai,sadness
2020-03-09,Stay safe with abundance of precautions and safe hygiene practices. What we feared has become real in a very short period of time. #COVID19 #Coronavirus We don’t know if has enough precautionary measures setup at major cities  public places &amp; contact tracing activities (2/n),Chennai,sadness
2020-03-09,The World Health Organization has declared #COVID19 #Coronavirus disease as an Pandemic officially! This is an big announcement having said the spread is getting beyond control in several countries across the (1/n),Chennai,neutral
2020-03-09,Retweet if you are excited for this match #IPL2020 #RohitSharma #MSDhoni #MIvsCSK #KurkureWithSidharth #IPLT20 #BlackWidow #COVID19 #COVID2019 #Congress #coronavirus #CoronavirusOutbreak #IPLT20,Chennai,anger
2020-03-09,Was in #MIOT Hospitals today. Never saw even a doctor wearing mask ! Lack of awareness? #Coronavid19 #CoronaVirusUpdate #coronavirus #coronavirusinindia,Chennai,joy
2020-03-09,Chennai airport  extra steps forms and precautions to screen arriving passengers for #coronavirus ,Chennai,joy
2020-03-09,https://www.livemint.com/elections/opinion/it-makes-no-sense-for-us-to-panic-over-the-coronavirus-11583679515225.html #Coronavirus Indian Perspective: We have grown up surrounded by so much filth and pollution that our natural resilience is much stronger than people in the developed world. Stop panicking people ,Chennai,neutral
2020-03-09,@drharshvardhan To the Honorable Minister  it would be better for you to raise awareness of the CORONA VIRUS in English in their respective regional languages ​​rather than reach them . Please sir ,Chennai,sadness
2020-03-09,Coronavirus never spread in South Africa because they are healthy,Chennai,neutral
2020-03-09,@rsprasad To the Honorable Minister  it would be better for you to raise awareness of the CORONA VIRUS in English in their respective regional languages ​​rather than reach them.,Chennai,sadness
2020-03-09,#CoronaVirus awareness caller tune good one by telecom providers. @DoT_India #coronavirusinindia,Chennai,joy
2020-03-09,Corona testing in the USA be like #coronavirus #nCoV2019,Chennai,neutral
2020-03-09,Seriously aftr hearing that alert message as a caller tune mandated by the ministry of health(India)  even for the normal cough I started panicking and called my wife twice to ask the symptoms of #CoronaVirus. This ad mandated by Ministry of Health is really scary ,Chennai,neutral
2020-03-09,Coronavirus | Tirumala Tirupati Devasthanams to get thermal guns for screening devotees: @THChennai @vijaythehindu,Chennai,surprise
2020-03-09,I applaud @MoHFW_INDIA for advising all educational institutions to fetch travel data of the students &amp; staff to make contact tracing more possible and accurate. Also the colleges must be strict in monitoring the students with recent travel to affected countries. #COVID19 (10/n),Chennai,joy
2020-03-09,All state gov & central must be more vigilant and must form war rooms at right stages to prevent outbreaks. All politicians especially must not blame each other for stock markets and bank crisis now! @BJP4India @AIADMKOfficial @INCIndia #coronavirus #COVID19 (9/n),Chennai,sadness
2020-03-09,People must public gatherings unless the need is real. These form the ground for community spread leading to difficulties in contact tracing. Remember  you can be asymptotic if you have #COVID19 #Coronavirus acquired. Would you like it? No right? Follow the advice. (8/n),Chennai,surprise
2020-03-09,People  please don’t spread rumours related to the severity of the disease  symptoms and treatments. Follow the @WHO  @MoHFW_INDIA   @CDCgov They give the accurate info and does not give false data. At least we can know the truth than rumours. #Coronavirus #COVID19 (7/n),Chennai,sadness
2020-03-09,Airlines must follow strict sanitation of their everyday &amp; should not compromise on such situations. Crew can avoid F&amp;B inflight for few month  remove magazines &amp; stuffs to prevent contamination. @airindiain @IndiGo6E @flyspicejet @goairlinesindia @airvistara #COVID19 (6/n),Chennai,neutral
2020-03-09,Vigorous contact tracing of past 14 days history of the ~50 patients is very important. is a densely populated country and people use public travel to the fullest. A community spread may be inevitable if not proper measures are taken in priority. (5/n) #COVID19 #Coronavirus,Chennai,sadness
2020-03-09,The Government and @MoHFW_INDIA has taken really nice and swift actions like closing seaports for docking  isolating patients and awareness through caller tunes by @reliancejio @airtelindia and @VodafoneIN so far. #COVID19 #Coronavirus But this is not enough. (4/n),Chennai,sadness
2020-03-09,We still don’t know if the deadly #COVID19 #Coronavirus is only spread via droplets. WHO still couldn’t predict the real mode of transmission for the While the chances of it being airborne is really less with the data we have  it’s better we avoid public gatherings. (3/n),Chennai,sadness
2020-03-09,Stay safe with abundance of precautions and safe hygiene practices. What we feared has become real in a very short period of time. #COVID19 #Coronavirus We don’t know if has enough precautionary measures setup at major cities  public places &amp; contact tracing activities (2/n),Chennai,sadness
2020-03-09,The World Health Organization has declared #COVID19 #Coronavirus disease as an Pandemic officially! This is an big announcement having said the spread is getting beyond control in several countries across the (1/n),Chennai,neutral
2020-03-09,Retweet if you are excited for this match #IPL2020 #RohitSharma #MSDhoni #MIvsCSK #KurkureWithSidharth #IPLT20 #BlackWidow #COVID19 #COVID2019 #Congress #coronavirus #CoronavirusOutbreak #IPLT20,Chennai,anger
2020-03-09,#COVID19 sounds like an annual University symposium or cultural event ,Chennai,neutral
2020-03-09,@TheTweetOfGod It seems coronavirus to be the last incarnation of you (God Vishnu) as Kalki. ,Kolkata,joy
2020-03-09,Yes Bank  re 545 crore of Jagannath.? Get ready for the corona virus attack on Indian ECONOMY!,Kolkata,neutral
2020-03-09,"Coronavirus: Cases in Spain grow rapidly as South Korea reports big reductions" #Coronavirus ,Kolkata,joy
2020-03-09,CoronaVirus case in india Increased to 45 . Everybody stay alert and be save . #CoronavirusOubtreak #coronavirusindia #CoronaVirus ,Kolkata,fear
2020-03-09,It’s Not Coronavirus That Scares Me  It’s How Everyone's Reacting To It #coronavirusinindia #CoronaVirusUpdate,Kolkata,fear
2020-03-09,Let’s burn all our bad things with this Holika Dahan. May the fire of Holi purify our heart & body. I wish you all a very Happy Holika Dahan. #Holi2020 @PMOIndia @ImRo45 @sarvikas @sardanarohit @RajatSharmaLive @sudhirchaudhary @narendramodi #coronavirus ,Kolkata,joy
2020-03-09,Yesterday when I first called my Girlfriend and heard the Corona Virus Cough....I fatafat cut the calling thinking uske Baap ne call utha liya #CoronaVirus #CoughCough #Jio #coronavirusinindia,Kolkata,joy
2020-03-09,Happy Holi to All of You...Let’s play it safe with the precautions of #CoronaVirus #HappyHoli2020,Kolkata,joy
2020-03-09,In that case  I am sure #India has more than the #UK does.... but definitely they are not reserved for #coronavirus,Kolkata,neutral
2020-03-09,#HappyHoli to all @shehnazian's  @sidnaazian &amp; @sidheart fans hope guys enjoying but be precaution to all negative things like Corona virus so guys try to safe &amp; happy life #RangBarseWithSid #BheegeChunarWaliSana #SidNaazForever #HoliWithSidNaaz,Kolkata,joy
2020-03-09,Is the free fall in the stock markets an indicator of the economy or the threat of coronavirus #foodforthought,Kolkata,neutral
2020-03-09,Is it a "coincindence" that I just watched and learned about the virus inflicted epidemic from V for Vendetta and immediately later watch the news about corona virus on television Is corona virus an unfortunate event or..... ?? #coronavirusindia #coronavirus,Kolkata,joy
2020-03-09,Coronavirus cases in India reach 40  as a Kerala toddler test positive. #COVID19india #coronavirusinindia #coronavirus ,Kolkata,anger
2020-03-09,Official from WHO says Covid19 has become pandemic but it can't harm us disproportionately. Funny -isn't it? Should we take them seriously?Italians are advised to quarentine themselves for 14 days when infected covid19. 500 Italians averaging 81 years old have died from covid19.,Kolkata,surprise
2020-03-09,#Maharashtra: Two people in #Pune  with travel history to #Dubai  have #tested #positive for #CoronavirusOutbreak. Both of them have been admitted to Naidu Hospital in Pune. #म #मराठी #coronavirus,Pune,surprise
2020-03-09,Definitely should watch the movie CONTAGION! Based on current fact on #coronavirus ,Pune,joy
2020-03-09,And Bernie calling for corona virus vaccinations to be made free means even they are screwed. ,Pune,joy
2020-03-09,@veenaworld1 what about our Europe trip EUJWD170420 in scare of corona virus,Pune,neutral
2020-03-09,China has been able to stop Corona virus because of its advanced science oriented modern civilisation. It’s out of control in Iran because Iran is not .,Pune,sadness
2020-03-09,Stay safe from Coronavirus. Issued in public interest with @sendtomandar,Pune,joy
2020-03-09,@Airtel_Presence  @Idea  @reliancejio and all mobile phone service operators.. Could you please stop playing audio message about how to save from #coronavirus. It's really annoying and spoil too much time. Please try yourself calling a person again and again when he/she is busy.,Pune,neutral
2020-03-09,https://www.cnbc.com/2020/03/09/coronavirus-heres-why-financial-markets-are-tanking.html Till then remember that there is a light at the end of the tunnel called Corona virus,Pune,joy
2020-03-09,If the answer to these questions is "no"  then you don't need to worry! I am going to be talking more about how to handle this critical situation !!Stay tuned for more update . Till then remember that there is a light at the end of the tunnel called Corona virus #coronavirus,Pune,sadness
2020-03-09,The market is down because of panic rumours on social media and #coronavirus #coronavirusinindia .,Pune,sadness
2020-03-09,***UPDATE RECEIVED BASED ON RECENT DEVELOPMENTS TO CORONAVIRUS (2019-nCoV) AND KEEPING SAFETY IN VIEW THIS EVENT STANDS CANCELLED*** ,Pune,neutral
2020-03-09,Let us all create such a large #Holika fire everywhere that all the Corona virus in the atmosphere is destroyed by it's intense heat. This #Holi let us all together do the दहन (destruction) of the deadly #coronavirus in our county. #होलिका_दहन,Pune,surprise
2020-03-09,Coronavirus: Number of new cases in South Korea declining #Coronavirus ,Pune,neutral
2020-03-09,Just realised. Menu Cards or Menu books lying on the tables of all the Indian restaurants big or small could be the most potential carrier for transmitting Corona Virus.,Pune,joy
2020-03-09,Office meetings during Coronavirus outbreak. ,Pune,joy
2020-03-09,Narveer tanajiwadi   besides Hanuman temple  Shivaji Nagar  Pune.There are collecting waste from more than two months and smelling very bad.Take action against this otherwise it will produce hazardous disease. #coronavirus @PMCPune @CMOMaharashtra @PMOIndia @OfficeofUT,Pune,surprise
2020-03-09,#CoronavirusOutbreak is one of the deadliest epidemic the world has ever witnessed It is causing immense panic and disaster everywhere The #CoronaVirus has been "originated" in CHINA They are the "root-cause" of all the distress A strict action against them should be taken ,Pune,surprise
2020-03-09,Is it due to #coronavirus ! ,Pune,neutral
2020-03-09,#CoronavirusOutbreak is one of the deadliest epidemic the world has ever witnessed It is causing immense panic and disaster everywhere The #CoronaVirus has been "originated" in CHINA They are the "root-cause" of all the distress A strict action against them should be taken ,Pune,surprise
2020-03-09,#CoronavirusOutbreak is one of the deadliest epidemic the world has ever witnessed It is causing immense panic and disaster everywhere The #CoronaVirus has been "originated" in CHINA They are the "root-cause" of all the distress A strict action against them should be taken ,Pune,surprise
2020-03-09,The reaction is more like a coronavirus patient just sneezed on your face,Pune,joy
2020-03-09,"Coronavirus: Over 100 countries report cases" #Coronavirus ,Pune,neutral
2020-03-09,"133 more #coronavirus deaths reported as Italy becomes the second-most affected country" ,Pune,joy
2020-03-09,Should employees of a company be worried when you have colleagues coming and going from worst affected areas of #covid19 ? What should an HR ideally do to take preventive measures ? I know this is monday blues tweet  but genuinely concerned. Kindly Advice @MoHFW_INDIA,Pune,sadness
2020-03-09,Mr trump your are also a human being so that you also have chance of getting infected of #coronavirus #flu that fact is we have to face it . #welovetrump,Hyderabad,surprise
2020-03-09,Number of #coronavirus cases in India rises to 44: Health Ministry officials,Hyderabad,neutral
2020-03-09,THE WEEK: Japanese man infected with coronavirus visits bars to 'spread the virus around'. https://www.theweek.in/news/world/2020/03/09/japanese-man-infected-with-coronavirus-visits-bars-to-spread-the-virus-around.html?__twitter_impression=true via @GoogleNews,Hyderabad,neutral
2020-03-09,Two people from Pune test positive for novel coronavirus infection: Health official,Hyderabad,neutral
2020-03-09,Something are beyond transformation.. 84-->52 in less than 10 days... It took a year of hardwork to bring it from 50-->84 .. Experts belive #Coronavirus may eat away #2trillion usd Past 10 days Global markets lost close to #7trillionusd in market cap.,Hyderabad,joy
2020-03-09,While I appreciate the new corona virus advisory  it is irritating to hear it every time I make a call. If you press #the message will stop and the call will go thru.,Hyderabad,anger
2020-03-09,You are completely wrong. There are 5 sample testing labs to confirm Corona virus infection in Karnataka. Govt set up 52 testing centres in India. It has been published in many news papers. You must delete your tweet. @ImSudhakarRao,Hyderabad,joy
2020-03-09,One stop for most of the questions based on Coronavirus. I feel it to be resourceful one  and sharing with hope  everyone gets a clear idea about the disease and that they don't panic. #healthcare #2019nCoV,Hyderabad,surprise
2020-03-09,A list of private hospitals with isolation facilities in Hyderabad #coronavirus #COVID2019,Hyderabad,neutral
2020-03-09,With beautiful corona virus spreading with rocket speed. ,Hyderabad,neutral
2020-03-09,@PMOIndia @narendramodi @FinMinIndia @AmitShah Sir's  You shd take decision to "ban" news of Coronavirus" to be telecast in TV news. All these news shd be brodcasted by only HRD depatment. Pl think Sir,Hyderabad,joy
2020-03-09,CORONA VIRUS Appreciate the initiative by govt of India to spread awareness of corona virus through caller tune of mobiles BUT why is it only in english  add Hindi and region wise regional languages immediately. @narendramodi @PMOIndia @AmitShah @AmitShahOffice @MoHFW_INDIA,Hyderabad,neutral
2020-03-09,Kya se kya ho gaya #sensex #banknifty #coronavirus Sensex in a free fall as virus fears grip global markets; brokerages bet on 20 large &amp; midcaps @moneycontrolcom,Hyderabad,joy
2020-03-09,Life is priceless  live healthy #India #coronavirus,Hyderabad,neutral
2020-03-09,People are taking advantage of the Corona situation to avoid alcohol blow #coronavirus #CONVID19 #coronavirusinindia #coronavirususa #alcohol,Hyderabad,joy
2020-03-09,CORONA VIRUS LOOKING AT A NEW PATIENT ,Hyderabad,neutral
2020-03-09,The other day I saw in CNN that Coronavirus can be detected by CAT scan which shows as a round patch.,Hyderabad,joy
2020-03-09,Coronavirus the charioteer and coronavirus the pathogen  Both rely on speed to win  Whereas the charioteer is fictional The pathogen is real  Hope we all survive with our Kith and kin.,Hyderabad,surprise
2020-03-09,Qatar has banned arrivals from 14 countries  including India. #coronavirus,Hyderabad,surprise
2020-03-09,Be Safe from #COVID19: 1. Frequently clean by using alcohol-based rub or &amp; 2. When coughing &amp; sneezing cover &amp; with flexed elbow or tissue; throw tissue away &amp; wash 3. Avoid touching   &amp; Share with your loved ones to Be Ready: ,Hyderabad,joy
2020-03-09,It's good central and state governments combined efforts to tackle.....COVID19. State health infrastructure make it possible.....and henceforth outbreaks are effectively handle at one centre... ,Hyderabad,anger
2020-03-09,#COVID19 cases as of 8 Mar 16:00 CET via @WHO http://bit.ly/3cHw99Z 106 893 80 859 7 134 6 566 5 883 939 847 696 589 455 277 264 213 188 169 161 147 138 102 93 79 77 66 62 57 54 50 48 45 34 31 28 27 – at As Rao Nagar,Hyderabad,neutral
2020-03-09,KCR పంచులకు పగలబడి నవ్వుకున్నఅసెంబ్లీ: CM KCR SUPERB Funny Comments | TS... https://youtu.be/Hp3KY_dseFA via @YouTube it is good covid19(CORONA) didn’t left any impression in @TelanganaCMO but making fun about the situation is hilarious. Plz mindful while we talk about serious issues,Hyderabad,joy
2020-03-09,Track the Coronavirus outbreak globally @AyushmanNHA @drharshvardhan @narendramodi,Bangalore,neutral
2020-03-09,Please please remove Coronavirus (covid-19) caller tune. Don't care for me that much. @Airtel_Presence @TelecomTalk,Bangalore,anger
2020-03-09,If you're a RCB fan and come across this tweet then drop a reply with " " Let me check How many hearts for the team @RCBTweets #டீம்RCB #PlayBold #IPLT20 #KurkureWithSidharth #KurkureWithShehnaaz #coronavirus #BlackWidow #COVID2019 #COVID19 #Congress #coronavirus ,Bangalore,joy
2020-03-09,If you are getting a bit annoyed by the new corona virus advisory  every time making a call. press #The message will stop and the call will go through.,Bangalore,neutral
2020-03-09,The corona cough you hear when you dial on your phone is much scarier than the Mukesh cough we used to watch in theatres. #coronavirusindia  #Coronavid19  #coronavirus  #coronavirusinindia  #Mukesh  #Corona,Bangalore,fear
2020-03-09,i’m hearing now that govt has asked schools to shut down indefinitely for 1st to 5th grade in bangalore. are they implying students from 6-12th grade won’t get corona virus?,Bangalore,joy
2020-03-09,Before my call connects  there's a PSA about how to be safe with the Corona Virus outbreak It's too long and my day is ruined,Bangalore,joy
2020-03-09,Coronavirus disease (COVID-19) advice for the public.! #WorldHealthOrganisation #SharingIsCaring #CoronaVirus Take care of your health and protect others by doing the following: Wash your hands… https://www.instagram.com/p/B9hL05wpCOE/?igshid=th68akvgi43z,Bangalore,neutral
2020-03-09,Pepper rasam and herbal tea with jaggery. 2 traditional drinks to keep immunity high and protect yourself from Corona Virus. #HappyHolikaDahan #CoronavirusOutbreak #Corona,Bangalore,joy
2020-03-09,@astitvam Anna how many times :-p #coronavirus ,Bangalore,neutral
2020-03-09,If you are getting a corona virus advisory every time you make a call  press #the message will stop and the call will go thru.,Bangalore,surprise
2020-03-09,Coronavirus: Indefinite holiday declared for Bengaluru schools from classes I to V ,Bangalore,neutral
2020-03-09,First case of coronavirus in Bengaluru  techie who came from Austin tests positive ,Bangalore,surprise
2020-03-09,Coronavirus' first big tennis casualty has been confirmed - the @BNPPARIBASOPEN. But even if more tournaments are cancelled over the spring  would that really be a big price to pay? Latest for @FirstpostSports  on what the IW cancellation portends:,Bangalore,sadness
2020-03-09,Coronavirus: Indefinite holiday declared for Bengaluru schools from classes I to V https://www.thenewsminute.com/article/coronavirus-indefinite-holiday-declared-bengaluru-schools-classes-i-v-119852,Bangalore,neutral
2020-03-09,I thought coronavirus precautions as cultural appropriation was the hottest of steaming turd hottakes but savarna mans has outdone it ,Bangalore,joy
2020-03-09,@MoHFW_INDIA hope the Corona virus message on the phone would be stopped from today. It's a great gesture but to do it for every call is a big pain. Please help @drharshvardhan. If you still want to do it please keep it at intervals of 3 hrs. #coronavirusinindia,Bangalore,joy
2020-03-09,Oil prices war has started between Russia and MiddleEast. It's time to see a war fought with mask on faces. #Coronavid19  #SaudiArabia  #Russia  #oilwar  #coronavirus,Bangalore,joy
2020-03-09,First case of #coronavirus confirmed in #Karnataka. Health dept officials say he is doing fine There is no reason to worry. He returned from US recently.17 others remain in state-run isolated facilities.,Bangalore,sadness
2020-03-09,While I appreciate the new corona virus advisory  it is irritating to hear it every time I make a call. If you press #the message will stop and the call will go thru.,Bangalore,anger
2020-03-09,#coronavirus is not a joke Please stop making fun and memes about it... #saveworld,Bangalore,neutral
2020-03-09,First positive case of Coronavirus in Bangalore. Patient had returned from USA. #COVID19india,Bangalore,sadness
2020-03-09,@chetanabelagere thought will share this news from Kerala. 3year old confirmed with corona virus. https://m.economictimes.com/news/politics-and-nation/three-year-old-from-kerala-becomes-indias-40th-coronavirus-case/articleshow/74545428.cms?utm_source=whatsapp_pwa&amp;utm_medium=social&amp;utm_campaign=socialsharebuttons,Bangalore,neutral
2020-03-09,Press 1 after the #Coronavirus recorded message starts playing to directly connect the call. Thank me later ,Bangalore,joy
2020-03-09,Awesome 300 MBPS plan for once and all. Thank you actfibernet_india #actfibernet #bangalore #fibernet #workfromhome #corona #coronavírus #cheapthrills #speedo #internet #actfibernet #actfibernetfree #actindia @… https://www.instagram.com/p/B9gza8ilgyn/?igshid=14di53w26z35q,Bangalore,surprise
2020-03-09,#Italy was on my trip list for this year. Impossible that I will go anywhere close to it . #ItalyCoronavirus #coronavirusinindia #coronavirus,Bangalore,joy
2020-03-09,Dear Telecom @airtelindia Please stop your Coronavirus awareness initiative over call. It’s irritating  during emergency we have to wait till this get over. We can’t do emergency call on time. Do changes add frequency #StopAwarenessOverCall#Coronavirus#,Bangalore,joy
2020-03-09,I thought C is for Coronavirus,Bangalore,neutral
2020-03-09,@NimmaShivanna Here is the status of #Drona similar was for many such including #Aayushmanbhava. We fans have sleepless nights cos of such Corona Virus kind of Makers. It's choking us to death. Need Vaccination before getting Fatal. ,Bangalore,surprise
2020-03-09,@BeCureFit Considering #CoronaVirus scare  how about extending complimentary 'Pause Pack' option  thereby altering the existing 'Pause Pack' usage terms for all the members  till 31st March? @ankitnagori27 @8priteshj,Bangalore,fear
2020-03-09,Why are so many folks pissed about Coronavirus guideline being played as a caller tune? It's an ingenious way of spreading the message without spending a single extra penny.,Bangalore,anger
2020-03-09,JDS MLA in Vidhan soudha : All MLAs have to be screened for Coronavirus before entering Vidhan soudha. Hundreds enter the assembly and Secretariat  all should be screened including MLAs.,Bangalore,joy
2020-03-09,Coronavirus  live updates | In Karnataka  patient leaves hospital against medical advice; police step in: ,Bangalore,neutral
2020-03-09,Day 1 of getting out f the house aftr corona virus scare - Mask  nt touching face  continuous washing of hands Day 2- Nothing will happen. No mask  used sanitizer twice bt touching face every 1 min  not at all bothered anymore. That's the thing about India. Can't scare ppl 4 long,Bangalore,neutral
2020-03-09,Corona Virus after seeing how screwed our folks are. ,Bangalore,joy
2020-03-09,@AddlCPTraffic @CPBlr @DCPTrEastBCP can you pls clarify your policy now on breath analyzers? It isn't worth &amp; alternate methodology shd be used. It's unsafe now even for @blrcitytraffic policemen @hsrltrafficps pls be safe! #coronavirus @ArvindLBJP @DHFWKA @BBMPSWMSplComm,Bangalore,sadness
2020-03-09,Never seen such BLUE in #Kasavanahalli #Haralur #GearSchoolRoad &amp; #SarjapurRoad. Ofcourse NOT becas we got RMP15 ROAD or shelved PhaseIII #METRO to Carmelaram #CoronaVirus is doing what Gok GoI couldnt for decade.Perhaps learning is #WorkfromHome shd be policy due to failed infra – at Kaikondra Halli,Bangalore,surprise
2020-03-09,If I die of Corona Virus then my Twitter account should go to @besanladdoo Quote this tweet and let the world know who will handle your Twitter if you die of Corona Virus ,Bangalore,sadness
2020-03-09,.. @gaalipata2 shooting pushed ahead by #2months Dir @yogarajofficial &amp; team were planning to head to #Georgia by #March end  have decided to postpone shoot due to coronavirus outbreak #RameshReddy @Official_Ganesh #PawanKumar @diganthmanchale https://www.cinemaexpress.com/stories/news/2020/mar/09/gaalipata-2-shooting-pushed-ahead-by-2-months-due-to-corona-virus-17420.html @NamCinema,Bangalore,sadness
2020-03-09,Never mind China  look to the US for the next big coronavirus crisis https://www.scmp.com/news/hong-kong/health-environment/article/3074087/never-mind-china-look-us-next-big-coronavirus via @scmpnews,Bangalore,sadness
2020-03-09,Excellent infographics on coronavirus in Singapore @STcom @sundar__raghav,Bangalore,neutral
2020-03-09,Arun is not infected with Corona Virus. But still  Arun wears mask while going to crowded places. Because  Arun knows that prevention is better than cure. Be like Arun. ,Bangalore,sadness
2020-03-09,No...It is not due to Corona Virus. It is due to price war between Saudi &amp; Russia to grab market share. Earlier Russia had signed a treaty with Saudi to reduce production. Where Saudi lost market share. So now Saudi broke the treaty....decided to increase production. ,Bangalore,joy
2020-03-09,China’s coronavirus response slowed by bureaucracy  unstable funding ,Bangalore,neutral
2020-03-09,As a precautionary measure to prevent coronavirus  state government has declared holiday from today to all pre primary sections in all schools. Hence  school will remain closed from today until further oreders. #coronavirusindia #COVIDー19 #Corinnavirus,Bangalore,joy
2020-03-09,Loads of random SMSes from the @PMOIndia and other govt. departments throughout the year. Here’s hoping they put that infrastructure to good use in highlighting the risks of #CoronaVirus and assuring us of the safeguards the @MoHFW_INDIA has been taking. Instill faith in people.,Bangalore,joy
2020-03-09,Showing IIRESPONSIBLE towards the safety for customer where other airlines making most efforts eg Indigo refund cancellation due to outbreak of CORONA Virus. NOT SATISFIED BY SPICEJET RESPONSE #COVID19india @flyspicejet @SpiceJetRBLX,Bangalore,anger
2020-03-09,Really? Haven’t got any message so far from school. Coronavirus: Holiday for pre-primary schools in B'luru https://www.deccanherald.com/city/top-bengaluru-stories/coronavirus-holiday-for-all-lkg-ukg-pre-primary-schools-in-bengaluru-due-to-covid-19-811899.html @deccanherald,Bangalore,surprise
2020-03-09,2nd & 3rd order effects of #coronavirus can be handful on the healthcare system ,Bangalore,neutral
2020-03-09,@UN U GUYS CAN DO ANYTHING TO STOP SPREADING OF THE COVID19 VIRUS  U GUYS ARE GETTING TO SAFETY WHAT ABOUT PEOPLE ALL OVER THE WORLD . YOU GUYS ARE WORST    U GOT A JOB TO DO AS RESPONSIBILITY DO IT OR WORLD WILL BE AT THE #WORLDWAR3 ONLY SPEECHES WONT WORK HELP PEOPLE,Bangalore,fear
2020-03-09,#COVID19 Update #PANDAMIC ,Bangalore,neutral
2020-03-09,#Bengaluru 1st case of #COVID19 #CoronavirusOutbreak #coronavirusinindia need to be alert ,Bangalore,fear
2020-03-09,Pray for the #World #CoronavirusOutbreak #COVID19 ,Bangalore,neutral
2020-03-09,CID Dasan admitted to hospital as he has been tested positive for #COVID19 while CID Vijayan is safe and sound. Be like Vijayan. Practice Safe Hygeine . Via #WA,Bangalore,joy
2020-03-09,If you're a RCB fan and come across this tweet then drop a reply with " " Let me check How many hearts for the team @RCBTweets #டீம்RCB #PlayBold #IPLT20 #KurkureWithSidharth #KurkureWithShehnaaz #coronavirus #BlackWidow #COVID2019 #COVID19 #Congress #coronavirus,Bangalore,joy
2020-03-09,But I do think @BBMPCOMM @BBMPSWMSplComm @chairmanbwssb are all visionaries. We never understood them. They know COVID19 would come and hence created so many layers of thick dust in our locality that COVID 19 stands no chance ! Let’s appreciate when it’s due,Bangalore,sadness
2020-03-09,Aniyathi and aliyan was supposed to come this week to India. They cancelled their tickets. In NY reported #COVID19 cases exceed 100 now ,Bangalore,neutral
2020-03-09,“We’ll learn to live as minimalists” I feel that’s the most positive outcome from this pandemic of #COVID19. It’s possible to avoid unwanted travel  gatherings  wasteful expenses  shopping splurges  pub/mall hops...,Bangalore,joy
2020-03-09,The world's airlines are using some of the most powerful chemicals to clean their aircraft to protect against #Corona #COVID19. https://time.com/5791414/airlines-disinfectant-coronavirus/. Many times after each flight. There is no information from the Indian airlines or the ministry on the disinfection,Bangalore,sadness
2020-03-09,Hi good folks of twitter ! Can anyone let me know where in Bangalore do they screen for #COVID19 . ?? Pls RT,Bangalore,sadness
2020-03-09,Let us understand why such HYPE over COVID19 ????? ,Bangalore,surprise
2020-03-09,https://youtu.be/zKLQ1xS_LHw good one don’t miss if you want to know more about COVID19,Bangalore,sadness
2020-03-09,For everyone in India to have a close like at the statistics of UK & Italy on #COVID19 Better safe than sorry.. ,Bangalore,sadness
2020-03-09,Qatar has closed its borders for certain nationalities  including India. Step taken to curb the spread of #COVID19. All stopovers at Doha remain suspended. Statement by Qatar Airways: ,Bangalore,joy
2020-03-09,Noticed a few cautious folks on two wheelers during my morning commute.. And also realised few weren't wearing Helmets. #slowclaps #SMH #COVID19 #CoronavirusOutbreak,Bangalore,fear
2020-03-09,#COVID19india #COVID19 “We need to focus on what went wrong rather than who did a wrong thing” #Panic #myths #Stigma seem to be potentiating this #pandemic I am certain @MoHFW_INDIA is working overtime to ensure this.,Bangalore,joy
2020-03-09,#COVID19 #stigma #coronovirusindia Need of the hour is to #destigmatise suspected cases #kerala folks perhaps wanted to escape the infamy. Are our quarantine facilities and treatment centres upto the mark? Will I get good medical care there? These fears need to be allayed.,Bangalore,neutral
2020-03-09,Leading with courage. I trust in #KeralaModel against #COVID19. Everyone please follow the Government instructions. ,Bangalore,surprise
2020-03-09,people are stupid. they fear death in Corona virus because of its visiblity but dont fear death in accident ,Ahmedabad,neutral
2020-03-09,#Coronavirus is second dangerous virus in India. TikTok virus is still on the number one.,Ahmedabad,sadness
2020-03-09,@airtelindia I have known enough of corona virus since this morning. I will wash hands  use sanitizer and not touch my or anyone’s face. Promise!Please stop the irritating pre call!! #stopcoronaviruspanic #stopcoronavirusprecall,Ahmedabad,sadness
2020-03-09,Tracking coronavirus: Map  data and timeline - ,Ahmedabad,neutral
2020-03-09,#coronavirus to bahana he... Support na milne k dar se postpone kiya ,Ahmedabad,neutral
2020-03-09,Heat generated from #HolikaDahan will kill #CoronaVirus in India. Come and let's #heatup #COVID2019,Ahmedabad,surprise
2020-03-09,To avoid that cringeworthy #CoronaVirus caller tune on every outgoing call  just press any number key from your mobile... You can say thanks to @MalharTanna ,Ahmedabad,joy
2020-03-09,I hope government realise that new compulsory advertisement of corona virus on each call is cringe.,Ahmedabad,neutral
2020-03-09,According to Bhakts Not Modi Government  but Coronavirus is Responsible for Sensex Crash and Low Performer Indian Rupee. #Rupee #Sensex,Ahmedabad,neutral
2020-03-09,#Coronavirus  live updates | In #Karnataka  patient leaves hospital against medical advice; police step in - The Hindu,Ahmedabad,neutral
2020-03-09,Dear Readers  Happy Holi!!! As we know the whole world is scared of Novel Corona Virus supported disease. Coronaviruses are a large family of viruses which may cause respiratory infections ranging from the common… https://www.instagram.com/p/B9f73hkF0u-/?igshid=cmkx9gximsam,Ahmedabad,neutral
2020-03-09,Saare #t1d’s Yeh dekho - Some useful tips about #COVID19 and #T1D @PoojBhave @IThampy @NupurLalvani @SanjayKalraDr1 @banshisaboo @ApoorvaGomber @BakshiPragya @Being_type1 @DevAnjali06 @DIYAbetesINDIA @bluecirclediab @MridulaKapil @DFighters1,Ahmedabad,surprise
2020-03-09,Strange coincidence that all worst affected #Covid19 cases are along the same Latitude 40ํ : From left: France Italy Iran Wuhan S.Korea Japan Seattle Washington NewYork ,Ahmedabad,joy
