Tweet Posted Time (UTC),Tweet Content,Tweet Location,Emotion
2020-03-11,Aadi Baba ka Gyaan: A perfect Leave Application "Dear HR I am suffering from corona virus and request you to grant me paid leave for 20days. Otherwise I will come to office ......... ",Chhattisgarh,sadness
2020-03-11,Do you know the facts on how to protect yourself and your family from #CoronaVirus? Help prevent the spread of disease by sharing this message. #COVID19 #coronavirusinindia #Corona #CoronaVirusUpdate http://bit.ly/334D60E,Chhattisgarh,sadness
2020-03-11,Do you know the facts on how to protect yourself and your family from #CoronaVirus? Help prevent the spread of disease by sharing this message. #COVID19 #coronavirusinindia #Corona #CoronaVirusUpdate http://bit.ly/334D60E,Chhattisgarh,sadness
2020-03-11,Coronavirus update: India suspends all tourist visas from 13 March to 15 April ,Goa,neutral
2020-03-11,Good time to complete writing and skype interviews due to travel ban and cancelled conferences #COVID19 #Academic,Goa,joy
2020-03-11,Does International relations as a subject have something to say about #COVID19 #Academic #internationalrelations,Goa,surprise
2020-03-11,#India will suspend all tourist visas to prevent the spread of #coronavirus in the country. "All existing visas  except diplomatic  official  UN/international organizations  employment  project visas  stand suspended till 15th April 2020 " Indian govt said in a statement Wed.,Gujarat,neutral
2020-03-11,#GodMorningWednesday Hori  meaning happiness  which can be attained only by devotion of God Kabir. Then it is useless to be red  yellow  green  blue which only brings sorrow............. #CoronavirusOutbreak #coronavirus https://twitter.com/AnamikaSharma00/status/1236913321019715584/video/1,Haryana,joy
2020-03-11,Strange coincidence that all worst affected Covid19 cases are along the same Latitude 40ํ : From left: France Italy Iran Wuhan S.Korea Japan Seattle Washington NewYork ,Haryana,joy
2020-03-11,Dear HR  I am suffering from corona virus and request you to grant me paid leave for 20days. Otherwise I will come to office .... #Corona #coronavirusinindia #CoronaAlert #WednesdayWisdom #WednesdayMotivation #HRTech #100DaysOfCode #301DaysOfCode #BusinessPerformance,Jharkhand,sadness
2020-03-11,Pakistan government should send Corona virus to send report to envelope. Thanks Pakistan ,Punjab,joy
2020-03-11,#JahngirTareen is to #SouthPunjab province. What #coronavirus is to humanity. Only #Multan deserves to be the center of #Saraikistan. No other place has made so much struggle in this regard &amp; has the status to be declared so.,Punjab,anger
2020-03-11,Countries with most coronavirus deaths. China: 3158 Italy: 827 Iran: 354 S Korea: 61 Spain: 54 France: 48 US: 31 Japan: 15 UK: 8 Iraq: 7 Netherlands: 5 Switzerland: 4 HK: 3 Australia: 3 Germany: 2 San Marino: 3 Lebanon: 2,Punjab,sadness
2020-03-11,Thanks for making people laugh in these difficult times #CoronaVirus ,Punjab,anger
2020-03-11,Breaking news abt #coronavirus origin. Watch the clip to know the origin of deadly #coronavirus? @AkramRaee @MAkram66124849 @ImranKhanPTI @POTUS @cnni @BBCNews @afpfr @CNBC @SkyNews @nytimes @AFP @UN @AJENews @24NewsHD @ARYUrdu_Alert @92NewsTVHD @ARYSabirShakir @drmansoorakhan,Punjab,sadness
2020-03-11,*A Leave Application* : Dear HR  I am suffering from corona virus and request you to grant me paid leave for 30 days. Otherwise I will come to office ......... ,Punjab,sadness
2020-03-11,Khyber Pakhtunkhwa Government has established Corona Toll Free Helpline => 1700 As part of Corona Virus response  KP Government has dedicated a toll free helpline on the Corona Virus  available from 9 am to 9 pm #KPKUpdates #KPK,Punjab,surprise
2020-03-11,The amount of media coverage of the Corona virus has started to give me the heebie jeebies infact the dreaded C virus outbreak is the first to hit with the social media influence at it's peak,Punjab,fear
2020-03-11,Its Pandemic declared by WHO  please take extra precautions #coronavirus #COVID-19,Punjab,joy
2020-03-11,@ShahidaQureshi5 I think he is positive. @ShirinSherbok2 @Manzoor65096707 @KhaOmm @UN declared #coronavirus #penudomic dangerous for rhe world. Trump has not been tested for coronavirus: White House ,Punjab,joy
2020-03-11,BREAKING: 102 new cases of #coronavirus in Denmark. Total reaches 442,Punjab,anger
2020-03-11,@zfrmrza kindly give a public service message  what to do  where to go  who should they approach if they have symptoms of coronavirus if in Islamabad or Rawalpindi,Punjab,joy
2020-03-11,BREAKING NEWS: 238 NEW CASES OF #CORONAVIRUS IN QATAR TOTAL REACHES 262 QATAR WAS AT 24 CASES YESTERDAY ,Punjab,neutral
2020-03-11,guy anyone please tells me at which temperature range coronavirus gets killed?,Punjab,surprise
2020-03-11,BREAKING: First death in Stockholm  Sweden due to #coronavirus,Punjab,sadness
2020-03-11,BREAKING: First death in Ireland due to #coronavirus,Punjab,sadness
2020-03-11,BREAKING: Swedish central bank's Deputy Governor tests positive for #coronavirus.,Punjab,neutral
2020-03-11,BREAKING: Italian Serie A team VL Pesaro has announced that two members of the team have tested positive for #coronavirus There you go  entire coaching staff  players etc will be Quarantined now.,Punjab,neutral
2020-03-11,BREAKING: JUST IN: 83 new cases of #coronavirus in UK. Total reaches 457,Punjab,anger
2020-03-11,12 new coronavirus cases reported in #Singapore: of these 3 are Republic of Singapore Air Force servicemen who were in France on duty.,Punjab,neutral
2020-03-11,BREAKING: 121 new cases of #coronavirus in Netherlands. Total number of confirmed cases in #Netherlands reaches 503.,Punjab,anger
2020-03-11,#coronavirus Update last hour: - 30 new cases in Sweden - 4 new cases in Iceland - 57 new cases and 2 new deaths in Spain - 1 new case in Romania - 18 new cases in Portugal - 29 new cases in Switzerland - 1 new death in Germany,Punjab,joy
2020-03-11,The #coronavirus pandemic is a world-changing event  like 9/11. There was a world before Covid-19. And there will be a world after Covid19. But it won't be the same.,Punjab,joy
2020-03-11,BREAKING: 47 new cases of #coronavirus in Belgium Belgium officials: “This could be the start of a real epidemic”,Punjab,surprise
2020-03-11,JUST IN: #Italy announces €25 billion package to deal with #coronavirus,Punjab,sadness
2020-03-11,BREAKING: 16 new cases of #coronavirus in Philippines,Punjab,neutral
2020-03-11,BREAKING: Second death in Lebanon due to #coronavirus,Punjab,neutral
2020-03-11,Serie A La Liga Champions League Ligue 1 Bundesliga Coronavirus continues to affect football across Europe.,Punjab,joy
2020-03-11,#Pakistan’s Province of Sindh has a population of atleast 50 Million. A Provincial Minister says 188 tests have been done and 14 of them have tested positive for #coronavirus from the province Out of 50 Million people  188 tests. Rest you all know better.,Punjab,sadness
2020-03-11,Got one for my everyday-carry bag and one for my gym bag. Please maintain ur hygiene. #CoronaVirus ,Punjab,neutral
2020-03-11,BREAKING: 1 new case of #coronavirus in Skardu  Pakistan. Total confirmed cases in #Pakistan reach 20. Patient is a 14 year old boy,Punjab,neutral
2020-03-11,BREAKING: 78 new cases of #coronavirus in #Denmark. Total reaches 340,Punjab,anger
2020-03-11,BREAKING: #Indian Media reports 10 new cases of #coronavirus in the country and First suspected Death from #coronavirus. Total number of cases reach 60.,Punjab,anger
2020-03-11,BREAKING: 6 new cases of #coronavirus in #SouthAfrica,Punjab,neutral
2020-03-11,#coronavirus in Europe: Cases/Deaths (Min 100+) Italy: 10 149/631 France: 1784/33 Spain: 1695/36 Germany: 1565/2 Netherlands: 382/4 Switzerland: 491/3 Norway: 400/0 UK: 383/6 Sweden: 326/0 Belgium: 267/0 Denmark: 264/0 Austria: 182/0,Punjab,neutral
2020-03-11,Coronavirus: 16 countries shut down schools nationwide as Italy case numbers soar #Coronavirus ,Punjab,sadness
2020-03-11,What countries have been affected by the novel coronavirus known as COVID-19? How many cases are there in China? https://infographics.channelnewsasia.com/covid-19/map.html via @ChannelNewsAsia,Punjab,sadness
2020-03-11,BREAKING: #British Health Minister tests positive for #coronavirus,Punjab,neutral
2020-03-11,BREAKING: 204 cases of #coronavirus in #Norway in the last 24 hours. Total in #Norway reaches 400.,Punjab,anger
2020-03-11,BREAKING: First case of #coronavirus in Turkey۔,Punjab,sadness
2020-03-11,US Airlines cut Flights Over Novel Coronavirus Fears https://www.pivot.one/share/post/5e6820765c78130fcafae259?uid=5c174324595ce707685b8964&amp;invite_code=NJIQAY,Punjab,disgust
2020-03-11,Schools in the University of California system are canceling in-person classes and transitioning to online classes due to coronavirus  according to the universities’ websites . It's so sad to hear that. #CoronaVirusUpdate #CoronavirusOutbreak #Corona #coronavirus,Punjab,sadness
2020-03-11,That is the number of the tweet in the omnious thread about coronavirus.,Punjab,neutral
2020-03-11,@WHO made the assessment that #COVID19 can be characterized as a pandemic. ,Punjab,anger
2020-03-11,The #coronavirus pandemic is a world-changing event  like 9/11. There was a world before Covid-19. And there will be a world after Covid19. But it won't be the same.,Punjab,joy
2020-03-11,|￣￣￣￣￣￣￣| | WASH | | YOUR | | HANDS | | ＿＿＿＿＿＿ | (\__/) || (•ㅅ•) || / づ It’s one of the best ways to prevent #COVID19,Punjab,joy
2020-03-11,The world vs COVID19 !!!,Punjab,neutral
2020-03-11,"Coronavirus cases rise to 62  one critical in Kerala" ,Uttar Pradesh,neutral
2020-03-11,"Coronavirus: 16 countries shut down schools nationwide as Italy case numbers soar" #Coronavirus ,Uttar Pradesh,sadness
2020-03-11,Karan Tiwari Adwaith @KaranAdwaith "Coronavirus: Italy on lockdown as spread slows in China and South Korea" #Coronavirus https://twitter.com/i/events/1219057585707315201,Uttar Pradesh,neutral
2020-03-11,Yes #COVID19 Please take care yourself wash your hands before work and after work only you can care yourself. ,Uttar Pradesh,joy
2020-03-11,Coronavirus fancy dress compitition @Mount Carmel School  Sector 47B  Chandigarh (Punjab) https://www.instagram.com/p/B9mt6M9JgZ7/?igshid=1op2was7puci8,Chandigarh,joy
2020-03-11,I'm fit for life #CoronaVirusUpdate #Corona #coronavirus #fitness #healthcare #healthylifestyle,Chandigarh,neutral
2020-03-11,One of the best Meme on #Corona Virus s/o to #Eminem 's Latest Music Video #Godzilla  Go watch it now https://youtu.be/r_0JjYUe5jo #MTBMB #GodzillaMusicVideo #CoronaVirusUpdate,Chandigarh,sadness
2020-03-11,Thank you @Chandigarh_uni COVID-19 (Coronavirus Disease 19) - Causes  Symptoms  Awareness https://youtu.be/2Q8YBX2hzTI via @YouTube,Chandigarh,surprise
2020-03-11,#URGENT #BreakingNews Dear Candidates  Taking into consideration the state of Corona virus outbreak worldwide and the directives of the French and Indian Governments  we regret to inform you that the March 2020… https://www.instagram.com/p/B9l6WsKH_eq/?igshid=1jhl32lbc683,Chandigarh,sadness
2020-03-11,@PMOIndia @drharshvardhan please shutdown all the offices in #Jammu  employees working there is all above 55 years old and they are very prone to #coronavirus,Chandigarh,joy
2020-03-11,Huuuuuge..covid19 a pandemic!!! ,Chandigarh,neutral
2020-03-11,https://youtu.be/zGCeixWb-WA Hand washing steps kya hai #handsanitizer #HypoFightCoronaVirus #WaspadaCegahCorona #COVID19italia #Handwash #COVID19,Chandigarh,neutral
2020-03-11,So finally all Burqa wearing people are safe from #coronavirus ??,Dadra and Nagar Haveli,joy
2020-03-11,#Coronavirus cases in Europe top 22 000 with 930 deaths,Delhi,surprise
2020-03-11,Are you afraid of coronavirus? Babes..i die every time i see you,Delhi,joy
2020-03-11,So  what gains do the purveyors of false info seek to make spreading wrong info on #coronavirus ? Have we lost our humanity to this extent? I think it's a tough time being a public health communicator!,Delhi,anger
2020-03-11,#Coronavirus update  #Italy: - 2 313 new cases today - 12 462 cases in total - 5 838 hospitalized - 1 045 recovered - 827 deaths - 1 028 in intensive care. Italy appears to be worse than #China taking the population of both the countries in context... and it had not yet peaked.,Delhi,joy
2020-03-11,#Coronavirus cases rise to 68 in #India; #WHO calls it a #pandemic,Delhi,joy
2020-03-11, To the people who bought 50 bottles of Sanitizer and liquid soap  leaving none on the store sleves for others  you do realise that to Stop getting CORONA VIRUS  you need other people to wash their hands too.. ,Delhi,neutral
2020-03-11,India suspends all tourist visas till April 15 over #coronavirus. There are 67 confirmed cases in the country. #COVID19india #Corona #COVID2019,Delhi,neutral
2020-03-11, #INFOCoronavirus #CoronaVirusUpdate 121 605 Total Confirmed Cases 4 371 Total Deceased 5 632 Total Serious 66 624 Total Recovered 114⁄195 Total Countries Infected #Coronavirus #COVID2019 #COVID19espana #CoronaVirusUpdate #Corona #COVID19,Delhi,neutral
2020-03-11,I heartily welcome PM @narendramodi's decision to suspend all existing visas  except diplomatic  UN  employment  and project visas till 15 April 2020  on account of #CoronaVirus. I think this is his deep understanding of the threat and respect for the lives of Indian citizens. ,Delhi,neutral
2020-03-11,BREAKING: Spain reports 420 new cases of coronavirus and 12 new deaths. A total of 2 115 cases and 48 deaths.,Delhi,neutral
2020-03-11,NEW: Angela Merkel says 60 to 70% of German population could get coronavirus.,Delhi,surprise
2020-03-11,BREAKING: First death from coronavirus reported in Ireland.,Delhi,sadness
2020-03-11,When Ireland  Boston  and Chicago cancel St Patrick's Day parade over coronavirus  you know it's serious.,Delhi,sadness
2020-03-11,BREAKING: Germany reports 288 new cases of coronavirus  1 853 cases in total. 81 cases in Berlin  366 cases in Bavaria.,Delhi,neutral
2020-03-11,Same date  different pandemic: 2020 - Coronavirus 1920 - Spanish flu 1820 - First cholera pandemic 1720 - Great Plague of Marseille,Delhi,joy
2020-03-11,JUST IN: First professional football player in Germany tests positive for coronavirus.,Delhi,joy
2020-03-11,China gave corona virus to the world . But blve me they will be the first one to be corona free. While in our country sadly they will increase. I hope Iam 200% wrong. Mr Trump we don't need stimulus we need treatment. The more you announce more panic. Public now is not lallu,Delhi,joy
2020-03-11,Dear HR I am suffering from corona virus and request you to grant me paid leave for 20 days. Otherwise I will come to office ......... ,Delhi,sadness
2020-03-11,India Found Anti-dod for #CoronaVirus Helo Friends Jhada kralo. ,Delhi,neutral
2020-03-11,As WHO declares #COVID19 a pandemic - India suspends visas till April 15 #coronavirus! foreign travel restricted as per conditions below @bbcworldservice #worklifeindia @BBCBusiness,Delhi,neutral
2020-03-11,Breaking: India is effectively locking down its borders starting Friday - until mid April. Would have been a difficult decision but given its weak health infrastructure  sanitation levels and density of population the authorities probably saw no choice #coronavirus #COVID19,Delhi,joy
2020-03-11,This video was distributed by NHS  UK to show people how easily the Corona virus spreads ,Delhi,surprise
2020-03-11,Just in: @airindiain cancelled Italy and Korea flights  Italy till 28th March and Korea 25th March. #coronavirusindia #coronavirus,Delhi,joy
2020-03-11,#Coronavirus pandemic: MEA appoints nodal person to coordinate relief efforts http://dnai.in/gsnL via @dna,Delhi,sadness
2020-03-11,It’s led to a pandemic  don’t get whys it called ‘novel’ #coronavirus? What’s do novel bout it,Delhi,sadness
2020-03-11,Dense population  very stringent "whom to test" and limited labs  I think @MoHFW_INDIA is not considering community transfer of #coronavirus in crowded places like #delhimetro. Actual numbers might be very high in #india. @mygovindia @narendramodi @BJP4India @drharshvardhan,Delhi,sadness
2020-03-11,As people are almost locked down in their small studio apartments in Italy on account of the #Coronavirus scare  some experts are expecting a baby boom... A blackout over just one night results in that... But this is about many weeks and many months. Interesting indeed!,Delhi,fear
2020-03-11,Kashmir shuts down all educational institutions! #coronavirus '#impact,Delhi,sadness
2020-03-11,Dense population  very stringent "whom to test" and limited labs  I think @MoHFW_INDIA is not considering community transfer of #coronavirus in crowded places like #delhimetro. Actual numbers might be very high in #india. @mygovindia @narendramodi @BJP4India @drharshvardhan,Delhi,sadness
2020-03-11,After #Coronavirus  highly pathogenic' #birdflu has broken out in two Chinese provinces near Hubei. Nearly 2 000 fowl were killed by the H5N6 strain of avian influenza on a poultry farm in Sichuan Province.,Delhi,sadness
2020-03-11,@north_mcd since we are currently facing coronavirus situation  hygiene and cleanliness is very much important. the workers left the waste outside as it is which is almost spread everywhere and rain has created it much worst. Please look into this and help to get this clean asap – at sri nagar gali no 2,Delhi,neutral
2020-03-11,EC DEPT. Dear Sir  I am suffering from corona virus and request you to grant me leave for 20days. Otherwise  *I will come to College *,Delhi,sadness
2020-03-11,So when GOI cancel IPL this year to avoid Corona virus threat. ,Delhi,neutral
2020-03-11,BREAKING: World Health Organization declares coronavirus a global pandemic.,Delhi,neutral
2020-03-11,Coronavirus: India suspends all tourist visas till April 15 - ,Delhi,neutral
2020-03-11,#WorldHealthOrganization declares coronavirus outbreak a pandemic Everyone Please be safe #CoronaVirusUpdate,Delhi,joy
2020-03-11,#Corona #CODVID19 #CoronaVirusUpdate Few times of washing hands will reduce your chance of getting infected  #precautions to keep you away from #coronavirus One should not use the #mask for more than a day.,Delhi,neutral
2020-03-11,Finally #COVID19 is declared #pandemic by @WHO #Corona #coronavirus ,Delhi,neutral
2020-03-11,Does #coronavirus gives us a glimpse of what might’ve happened to dinosaurs?,Delhi,neutral
2020-03-11,WHO declares #coronavirus a pandemic. #CoronavirusOutbreak #COVID19,Delhi,neutral
2020-03-11,Président @EmmanuelMacron has decided to greet all his counterparts with a ‘Namaste’ #coronavirus Pic via - @FranceinIndia,Delhi,surprise
2020-03-11,Yes. you are right but we should see what has happened in Italy  Spain and Germany. Advanced economies have failed. A totalitarian state like China also failed. You cannot depend on weather to fight something like corona virus,Delhi,sadness
2020-03-11,What does it mean for Indians. If your Indian you "can be subjected to quarantine for a minimum of 14 days" #coronavirus ,Delhi,anger
2020-03-11,To be honest looks like India's count is inaccurate. In Delhi there are only two centres which do Corona Virus test. Majority of people go to local small time doctors who would start treatment for cough and cold.,Delhi,joy
2020-03-11,After a century #coronavirus #pandemic,Delhi,neutral
2020-03-11,WHO has finally declared Corona Virus illness as Pandemic. India has cancelled all visa of travellers coming to India till 15 April. India has screened till date I million travellers at 100 airports. It has created 52 special laboratories for corona virus testing.,Delhi,surprise
2020-03-11,WHO declared the coronavirus a global pandemic. #CoronaVirusUpdate #COVID,Delhi,neutral
2020-03-11,Especially when person with #coronavirus may take 15 days to show symptoms. Any person with #COVID2019 and no/less symptoms may goto any crowded place and spread it. It is very high risk for #india.,Delhi,sadness
2020-03-11,It is a wake up call for everyone in India. @WHO has declared #coronavirus as pandemic. India must brace up for this storm. It will require discipline and community cooperation,Delhi,joy
2020-03-11,Dense population  very stringent "whom to test" and limited labs  I think @MoHFW_INDIA is not considering community transfer of #coronavirus in crowded places like #delhimetro. Actual numbers might be very high in #india. @mygovindia @narendramodi @BJP4India @drharshvardhan,Delhi,sadness
2020-03-11,Shit just got real. WHO elevates status of #CoronaVirus COVID-19 to “pandemic”. ,Delhi,surprise
2020-03-11,Dear HR  I am suffering from #Corona virus and request you to grant me paid leave for 20days. Otherwise I will come to office ......... #coronavirusinindia #coronavirusindia #coronavirus #COVID19 #COVID2019,Delhi,sadness
2020-03-11,#Coronavirus: #WHO classifies #COVID-19 as a #pandemic #Coronavirus ,Delhi,neutral
2020-03-11,Brace yourself people  WHO has declared coronavirus outbreak as pandemic! #coronavirus #WHO #CoronaVirusUpdate,Delhi,surprise
2020-03-11,Tokyo is contemplating whether to call off the Olympics 2020 and here BCCI is firm with going ahead with IPL. Foresight. Priorities. #CoronaVirus,Delhi,joy
2020-03-11,WHO declares #Coronavirus outbreak a ‘pandemic’ #Breaking @TimesNow @WHO,Delhi,neutral
2020-03-11,How to make hand Santizer at home. Extremely Easy to make. Protect youself from #Corona #CoronaVirusUpdate #coronavirus @narendramodi @drharshvardhan,Delhi,anger
2020-03-11,It seems that in today's time it's easy to cover one problem and forget about the problem that had come beforehand. #BushFires #coronavirus,Delhi,surprise
2020-03-11,How things have changed in the past few months. With people talking about #BushFires in #Australia to know #coronavirus spreading across the world. People surely going through #Issues these days like they a bunch of #Burgers,Delhi,sadness
2020-03-11,This means  it is difficult to enter India for anyone except for the exception provided as fear grow over #Coronavirus. All Tourist  Business visas stand suspended for everyone in the world. ,Delhi,neutral
2020-03-11,This will come into effect from 1200 GMT on 13th March 2020 at the port of departure #Coronavirus ,Delhi,surprise
2020-03-11,All existing visas  except diplomatic  official  UN/International Organizations  employment  project visas  stand suspended till 15th April 2020: India #Coronavirus ,Delhi,neutral
2020-03-11,Powers under Disaster Management Act invoked to deal with #CoronaVirus https://twitter.com/sidhant/status/1237746065123794947,Delhi,joy
2020-03-11,Just in: MEA appoints nodal person to coordinate efforts with #CoronaVirus crisis https://www.wionews.com/india-news/coronavirus-crisis-mea-appoints-nodal-person-to-coordinate-efforts-285680 @wionews,Delhi,sadness
2020-03-11,Dear HR  I am suffering from #Corona virus and request you to grant me paid leave for 20days. Otherwise I will come to office ......... #coronavirusinindia #coronavirusindia #coronavirus #COVID19 #COVID2019,Delhi,sadness
2020-03-11,CAN ANY BODY TELL ME IS THIS #coronavirus so dangerous!,Delhi,sadness
2020-03-11,Coronavirus effect vs berozgar Twitter holders,Delhi,neutral
2020-03-11,.@MORTHIndia advises States/ UTs to take all steps for Sanitation of Public Transport Vehicle Terminals. MoRTH issues advisory on Novel Coronavirus Control&amp; Containment Measures #coronavirusinindia @nitin_gadkari,Delhi,joy
2020-03-11,Public Health Professor Albert Ko on protecting yourself against coronavirus #Corona #CoronaVirusUpdate #COVID19india,Delhi,joy
2020-03-11,Largest Indian airline IndiGo says January-March period earnings to be impacted by #coronavirus Witnessed a decline of 15-20 % in daily bookings as mentioned in our article #aviation,Delhi,joy
2020-03-11,French Président Macron has decided to greet all his counterparts with a namaste #CoronaVirus ,Delhi,surprise
2020-03-11,The Awareness Campaign regarding “ Stay Protected and Stay Safe from Coronavirus! “  At ISBT with the help of Qrt/ DDMA Staff . ,Delhi,joy
2020-03-11,Coronavirus: 16 nations close all schools #Coronavirus ,Delhi,joy
2020-03-11,Ten positive cases of #coronavirus have been found in the state so far  including 8 positive cases in Pune. #coronainpune #Corona #coronavirusinindia #CoronaOutbreak,Delhi,surprise
2020-03-11,Sri Lanka has decided to suspend the On-Arrival-Visa facility for all visitors until further notice  in a bid to mitigate the coronavirus threat. #CoronaVirusUpdate,Delhi,neutral
2020-03-11,Haan but bc Corona virus join aa gya MOVE SOORYAVANSHI TO 10APRIL,Delhi,neutral
2020-03-11,I absolutely endorse this view. More so working in the field of IT we are also the easiest community to leverage technology for better well being of our employees and in turn protecting businesses as well as running them. #WellBeing #coronavirus #global #EmployeeSafety @DoT_India,Delhi,sadness
2020-03-11,French President Macron's virus-proof greeting: The Namaste #Coronavirus ,Delhi,neutral
2020-03-11,'Uber Eats' ad before the start of a video on YouTube and 'Corona Virus' alert before connecting a call on Airtel is the worst thing I've seen in my 22 years. I'm done! #Corona #CoronaVirus #CoronaVirusIndia,Delhi,joy
2020-03-11,So the world is really waiting for summer which with its high temp will slow down #coronavirus? I mean is that our only hope to contain?,Delhi,sadness
2020-03-11,Namaste Ghaziabad an Awareness campaign against Coronavirus has been done by distributing masks pamphlets &amp;Sanitizers at Indirapuram Gbad #5thDay #PreventCoronaVirus #together_We_Can #CORONAVIRUS #NamasteGhaziabad #Swasthaghaziabad @narendramodi @dm_ghaziabad @drharshvardhan,Delhi,surprise
2020-03-11,Namaste Ghaziabad an Awareness campaign against Coronavirus has been done by distributing masks pamphlets &amp;Sanitizers at Indirapuram Gbad #5thDay #PreventCoronaVirus #together_We_Can #CORONAVIRUS #NamasteGhaziabad #Swasthaghaziabad @narendramodi @dm_ghaziabad @drharshvardhan,Delhi,surprise
2020-03-11,Namaste Ghaziabad an Awareness campaign against Coronavirus has been done by distributing masks pamphlets &amp;Sanitizers at Indirapuram Gbad #5thDay #PreventCoronaVirus #together_We_Can #CORONAVIRUS #NamasteGhaziabad #Swasthaghaziabad @narendramodi @dm_ghaziabad @drharshvardhan – at Indirapuram,Delhi,surprise
2020-03-11,Maharashtra Government to postpone or cancel IPL matches in view of #Coronavirus transmission threat. Final decision will be taken tomorrow. #ipl -#IPLT20 @OfficeofUT @cricbuzz #cricket @sachin_rt,Delhi,joy
2020-03-11,Namaste Ghaziabad an Awareness campaign against Coronavirus has been done by distributing masks pamphlets &amp;Sanitizers at Indirapuram Gbad #5thDay #PreventCoronaVirus #together_We_Can #CORONAVIRUS #NamasteGhaziabad #Swasthaghaziabad @narendramodi @dm_ghaziabad @drharshvardhan – at Indirapuram,Delhi,surprise
2020-03-11,Namaste Ghaziabad an Awareness campaign against Coronavirus has been done by distributing masks pamphlets &amp;Sanitizers at Indirapuram Gbad #5thDay #PreventCoronaVirus #together_We_Can #CORONAVIRUS #NamasteGhaziabad #Swasthaghaziabad @narendramodi @dm_ghaziabad @drharshvardhan – at Indirapuram,Delhi,surprise
2020-03-11,Dear HR I am suffering from corona virus and request you to grant me paid leave for 20days. Otherwise I will come to office ,Delhi,sadness
2020-03-11,Does #coronavirus have a mind of its own? ,Delhi,surprise
2020-03-11,No one is panicking in India from Corona Virus ! People &amp; health authorities are deftly dealing with the situation ! India’s response &amp; preparedness to fight this disease is the best in the world !! The entire world needs to learn from it !!,Delhi,joy
2020-03-11,Just in: India invokes section 2 of Epidemic Disease Act to deal with #Coronavirus crisis ,Delhi,joy
2020-03-11,Great humor but it shows the intensity of deadlicious coronavirus ,Delhi,joy
2020-03-11,Dear HR  I am suffering from #Corona virus and request you to grant me paid leave for 20days. Otherwise I will come to office ......... #coronavirusinindia #coronavirusindia #coronavirus #COVID19 #COVID2019,Delhi,sadness
2020-03-11,Dear HR  I am suffering from #Corona virus and request you to grant me paid leave for 20days. Otherwise I will come to office ......... #coronavirusinindia #coronavirusindia #coronavirus #COVID19 #COVID2019,Delhi,sadness
2020-03-11,#Coronavirus #Covid_19 A Temp. In Varan. Has Put Face Masks On Deities &amp; Appealed To Devotees To Not Touch The Idols. "Just Like We Put Clothes On The Idols When It Is Cold &amp; Put ACs Or Fans When Its Hot  We Have Put Masks On The Deities"  The Temp. Priest Said. @varanasitrip,Delhi,joy
2020-03-11,Why you are not saying Narendra Modi brought Corona virus to the country ? Foreign commentators always respected by congress when they ridiculed India &amp; when Foreign Commentators praise India they say Modi asked them to do so !! I think Modi scares them in their dreams as well !,Delhi,neutral
2020-03-11,Noble Corona virus and it's precautions are beautifully explained by Mr wangchuk in Ladakhi. Very well articulated and informative. ,Delhi,joy
2020-03-11,No one is understanding the economic impact of #Coronavirus yet.,Delhi,sadness
2020-03-11,#NoSmokingDay is celebrated with an aim to make more people aware of the harmful socio-economic and health effects of smoking. This year  with the outbreak of coronavirus  Advancells positively encourages people to quit this habit as smokers. #QuitSmoking #CoronaVirusOutbreak,Delhi,neutral
2020-03-11,Two T20I matches between Asia Eleven vs World Eleven has been postponed due to Corona-Virus Threat,Delhi,anger
2020-03-11,AHEAD OF COVID-19  CAIT URGE PM TO ADOPT POLYMER NOTES AS CURRENCY & INTENSIFY DIGITAL PAYMENTS https://7dfreshnews.blogspot.com/2020/03/ahead-of-covid-19-cait-urge-pm-to-adopt.html?m=1 @praveendel @BCBHARTIA @sumitagarwal_82 @narendramodi @drharshvardhan @PiyushGoyal @nsitharaman @AmitShah @rajnathsingh @JPNadda @PrakashJavdekar #coronavirus,Delhi,neutral
2020-03-11,#coronavirusindia #coronavirus @TOIIndiaNews @ABPNews @htTweets @ZeeNews @aajtak media must insist to close down schools immediately. Delhi schools are already closed  why schools in Noida have not declared holiday? @narendramodi @myogiadityanath @MoHFW_INDIA @PMOIndia,Delhi,joy
2020-03-11,Do watch my video about Coronavirus and share with your friends #CoronaVirusUpdate  @BJP4Delhi @aajtak @ABPNews @MoHFW_INDIA @WHO,Delhi,joy
2020-03-11,Scindhiya killed corona virus with one stroke  all Pvt channels are showing him only !!,Delhi,sadness
2020-03-11,Dutch shud tell outsiders dat they r not interested in going Dutch. And doing Dutch too. This Gaanu community is worse off than even #Coronavirus.,Delhi,sadness
2020-03-11,#CoronaVirus: Thailand cancels visa on arrival from 18 countries including India ,Delhi,neutral
2020-03-11,Why Corona virus is not infected to the during the namaz on masjid and in the time of mss at church at Sunday,Delhi,neutral
2020-03-11,. #COVID @WHO @bbc @FitnessMagazine @Handcancel @LSHTM Ppl r learning d hygiene tips for #CoronaVirus There’s nothing new. These r basic hygiene etiquette which should b followed in day to day routine always to avoid all germs. And #Coronavirus is just a germ But deadly in some,Delhi,sadness
2020-03-11,I don't have #Coronavirus I'm coughing because I have #Cats and have cat hair lodged in my throat,Delhi,surprise
2020-03-11,Why Corona virus is not infected to the during the namaz on masjid and in the time of mss at church at Sunday,Delhi,neutral
2020-03-11,Hey Champion  when are you giving a visit to your Maternal Uncle house  pls go and have some research on #coronavirus  we know if you can make a machine with Potatoes in inputs with Gold at outputs so you do anything  just go inside the lungs &amp; have a discussion with corona virus,Delhi,sadness
2020-03-11,Once the final test results which are expected by tomorrow (12 March 2020)  they will be allowed to go home with their detailed documentation sent to the District/ State surveillance units for further surveillance. #CoronaVirus #DiamondPrincess,Delhi,joy
2020-03-11,119 individuals evacuated from cruise ship Diamond Princess & brought back in an AI special flight from Japan will complete their two weeks of quarantine. They are Army's Manesar quarantine facility. #CoronaVirus,Delhi,surprise
2020-03-11,Just in: 83 individuals who arrived from Italy on AI flight AI138 on 11 March 2020 are been quarantined at Indian Army facility at Manesar. 74 individuals are Indian nationals and balance nine is foreigners of Indian origin (six Italians & three US nationals) #CoronaVirus,Delhi,joy
2020-03-11,HOLY FUCK NO #coronavirus ,Delhi,neutral
2020-03-11,@HardeepSPuri highly recommended that if people cancel their air tickets because of corona virus scare be given full refund. This will avoid forced travel and contain spread of corona virus. @MoHFW_INDIA,Delhi,joy
2020-03-11,The upper house of Indian Parliament  Rajya Sabha discussing the evacaution of Indians as #CoronaVirus spreads globally. ,Delhi,neutral
2020-03-11,What news media showing us about #coronavirus : • Symptoms. • Death tally. • Total no. of case. • Fear mongering about it. What media not talking about : • About Treatment. • About low mortality rate. • How infected one's are recovering from it. Just for TRP gain ? ,Delhi,joy
2020-03-11,Coronavirus Conference Gets Canceled Because of Coronavirus #COVD19 #Corona #CoronaVirusUpdate #coronavirus #conferences,Delhi,neutral
2020-03-11,"Namaste Ghaziabad" an awareness campaign against Coronavirus. Venue- Aditya Mall Indirapuram Timing- 3:30 pm onwards Free distribution of masks  pamphlets &amp; sanitizer. #NamasteGhaziabad #PreventCoronaVirus #together_We_Can #CORONAVIRUS #Swasthaghaziabad #नमस्तेगाजियाबाद – at Indirapuram,Delhi,neutral
2020-03-11,Awareness Campaign regarding “ Stay Protected and Stay Safe from Coronavirus!" At Rajghat  Shanti Van and Jama Masjid area with the help of Qrt/ DDMA Staff. ,Delhi,joy
2020-03-11,India is safe   we’ll not die from Coronavirus   we already have politics for that.,Delhi,sadness
2020-03-11,Just in: India will be sending its medical team to Italy to screen people #Coronavirus,Delhi,joy
2020-03-11,Colors festival in New Delhi. My colleague in India celebrated. It is a holly time only one day. . No coronavirus. @vinodkashyap22 @tv5monde indiaculture @HHabergham à New Dhile https://www.instagram.com/p/B9lZqhlnEqg/?igshid=19c0mbl5cxa7s,Delhi,neutral
2020-03-11,Coronavirus was main reasons.,Delhi,neutral
2020-03-11,@RijijuOffice Request you to postponing of para national games to be held in Bhubaneswar in view of Corona virus scare.,Delhi,neutral
2020-03-11,@KirenRijiju request you to consider postponing Para National Games to be held in Bhuwaneshwar in view of Corona Virus Scare.,Delhi,joy
2020-03-11,Indian politicians are dangerous than #CORONA virus. At least #CORONA fear to spread in hot summer.,Delhi,sadness
2020-03-11,#COVID_19 #CORONAVIRUS Nine Fresh Cases Of #Coronavirus Has Been Reported In Kerala &amp; Karnataka  Taking The Total Number Of People Infected In To 56. @drharshvardhan @SatyendarJain,Delhi,joy
2020-03-11,Press 1 if you don't want to listen the Coronavirus caller tune. Thank me later. #coronovirusindia,Delhi,neutral
2020-03-11,#Coronavirus is mysteriously sparing kids and killing the elderly ,Delhi,joy
2020-03-11,#Coronavirus: 16 countries shut down schools nationwide as Italy case numbers soar #Coronavirus ,Delhi,sadness
2020-03-11,About CORONA VIRUS https://www.facebook.com/107918110593333/posts/213702366681573/?sfnsn=scwshmo&amp;extid=G2IHffqmBrz2ZWfD&amp;d=n&amp;vh=e,Delhi,neutral
2020-03-11,About CORONA VIRUS ,Delhi,neutral
2020-03-11,About CORONA VIRUS https://www.facebook.com/107918110593333/posts/213702366681573/?sfnsn=scwshmo&amp;extid=G2IHffqmBrz2ZWfD&amp;d=n&amp;vh=e,Delhi,neutral
2020-03-11,The 14th-century Italian book that shows us how to survive coronavirus ,Delhi,neutral
2020-03-11,Whatever be the reason..good or bad..people find business opportunities #coronavirusinindia #entrepreneurship #entrepreneur #attitude #coronavirus #Corona,Delhi,sadness
2020-03-11,In viral FB post  a coronavirus patient talks about her experience  symptoms and immunity - more lifestyle - Hindustan Times ,Delhi,neutral
2020-03-11,Namaste Ghaziabad an Awareness campaign against Coronavirus has been done by distributing masks pamphlets &amp;Sanitizers at Ghaziabad #4thDay #PreventCoronaVirus #together_We_Can #CORONAVIRUS #NamasteGhaziabad #Swasthaghaziabad @narendramodi @dm_ghaziabad @drharshvardhan,Delhi,surprise
2020-03-11,Namaste Ghaziabad an Awareness campaign against Coronavirus has been done by distributing masks pamphlets &amp;Sanitizers at Ghaziabad #3rdDay #PreventCoronaVirus #together_We_Can #CORONAVIRUS #NamasteGhaziabad #Swasthaghaziabad @narendramodi @dm_ghaziabad @drharshvardhan,Delhi,surprise
2020-03-11,One more person who has a travel history to Dubai has been tested positive for #Coronavirus in Jaipur  taking the total number of cases in India to 62. ,Delhi,surprise
2020-03-11,#Coronavirus All of us need to be careful but there is no need to panic. On the other hand  let's not be complacent either. Accept this challenging situation &amp; see how you can use it constructively. Perhaps  Nature wants everybody to slow down a little from the rush they are in.,Delhi,joy
2020-03-11,BREAKING: First cases of coronavirus confirmed in Michigan. Now 38 U.S. states reporting cases.,Delhi,sadness
2020-03-11,BREAKING: Michigan declares state of emergency over coronavirus.,Delhi,neutral
2020-03-11,Coronavirus update  U.S. - Washington: 267 cases - New York: 176 cases - California: 157 cases - Massachusetts: 92 cases - Georgia: 23 cases - Florida: 23 cases - Illinois: 20 cases - Colorado: 18 cases - New Jersey: 15 cases - Oregon: 15 cases - Iowa: 13 cases - Texas: 13 cases,Delhi,neutral
2020-03-11,Which mode if transportation to choose   in the times of coronavirus risk ? ... read on for point of view ,Delhi,joy
2020-03-11,The hectic pace of the world has slowed. We're breathing consciously. Grateful for being alive. Yes  we will overcome this virus. But I hope we fall in love with this new way of being! #coronavirus might be a blessing in disguise #LetsMakeWorldABetterPlace,Delhi,joy
2020-03-11,#CoronaVirus British Health Minister Nadine Dorries tests positive,Delhi,neutral
2020-03-11,#coronavirus meme videos on @TikTok_IN #COVID2019 #India,Delhi,neutral
2020-03-11,#coronavirus meme videos.. #COVID2019 on @TikTok_IN,Delhi,neutral
2020-03-11,1000 people test #coronavirus positive in USA All major Italian towns have been shut down US has demanded that Iran release US prisoners as corona has spread to prison premises in Iran Cases as far as Panama have been reported,Delhi,sadness
2020-03-11,Due to Corona Virus and Madhya Pradesh episode  both Hand Sanitizer and Burnol are in scarcity,Delhi,neutral
2020-03-11,Australia has unveiled 1.6 billion dollar pkg to tackle #coronavirus,Delhi,surprise
2020-03-11,I think keeping in view Corona Virus outbreak   Parliament session should be curtailed   it’s not only parliamentarians who are at risk but hundreds of staff members and also public .. I know it will hamper work but it’s important that lawmakers be safe and healthy for nation,Delhi,sadness
2020-03-11,#GodMorningWednesday #coronavirus Those who eat meat are more prone to suffer from serious diseases than those who don't. So stop eating meat. - Saint Rampal Ji Maharaj Must Watch Sadhana TV 07:30PM (IST). China ,Delhi,joy
2020-03-11,Xi Jinping interacts with a coronavirus patient... ,Delhi,neutral
2020-03-11,Haven't heard the #coronavirus advisory even once till now; that's how frequently I make outgoing calls these days.,Delhi,sadness
2020-03-11,Our Mission is Zero Emission . #letindiabreathe #goelectricwithgowel . . . . . #gowel #Bestelectricscooterinindia #coronavirus #greenmobility #electricvehicle #TheSmartMove #scooterrider #greenindia #ElectricBike #escooty,Delhi,neutral
2020-03-11,Fear is contagious but more than that  its addictive. Consume in right proportion. #coronavirus ,Delhi,joy
2020-03-11,Coronavirus update  Americas: - USA: 281 new cases - Canada: 17 new cases - Brazil: 9 new cases - Chile: 4 new cases - Paraguay: 4 new cases - Costa Rica: 4 new cases - Argentina: 2 new cases - Peru: 2 new cases - Bolivia: first cases - Panama: first cases - Jamaica: first case,Delhi,sadness
2020-03-11,World over the prison news from Italy  Iran  Australia and US owing to #coronavirus are in a state of panic. Almost feels like the movie I am Legend irl. Are Indian jails even thinking of any preps ya “jab hoyega tab dekha jayega”? ,Delhi,joy
2020-03-11,The Coronavirus Outbreak Reveals a Brutal Truth About Preparation That Few People Are Willing to Admit @jeff_haden https://www.inc.com/jeff-haden/the-coronavirus-outbreak-reveals-a-brutal-truth-about-life-that-few-people-are-willing-to-admit.html via @Inc,Delhi,neutral
2020-03-11,JUST IN: New York State reports 31 new cases of coronavirus today. A total of 173 cases  including 36 in NYC.,Delhi,joy
2020-03-11,State of emergency due to coronavirus: - India Awaiting for government response - Colorado - North Carolina - Illinois - Ohio - New York - Rhode Island - New Jersey - Oregon - Iowa - Utah - Kentucky - Pennsylvania - Maryland - Indiana - Florida - California - Washington,Delhi,neutral
2020-03-11,NEW: Iran reports 881 new cases of coronavirus today and 54 new deaths. A total of 8 042 cases and 291 deaths.,Delhi,neutral
2020-03-11,NEW: Iran releases about 70 000 prisoners to stop the spread of coronavirus in jails.,Delhi,joy
2020-03-11,BREAKING: First cases of coronavirus confirmed in South Dakota. Now 37 U.S. states reporting cases.,Delhi,sadness
2020-03-11,Coronavirus update  Italy: - 977 new cases today - 10 149 cases in total - 5 038 hospitalized - 1 004 recovered - 631 deaths - 877 in intensive care,Delhi,neutral
2020-03-11,NEW: Norway reports 147 new cases of coronavirus today  374 cases in total. Norway's largest daily increase so far.,Delhi,joy
2020-03-11,BREAKING: First case of coronavirus confirmed in Turkey.,Delhi,sadness
2020-03-11,BREAKING: First UK member of parliament tested positive for coronavirus.,Delhi,sadness
2020-03-11,BREAKING: Google recommends all of its 100 000+ North American employees to work from home due to coronavirus.,Delhi,joy
2020-03-11,NEW: First case of coronavirus confirmed in DR Congo. The 107th case in Africa.,Delhi,sadness
2020-03-11,NEW: France reports 372 new cases of coronavirus in the last 24 hours. Raising country's total to 1 784 cases.,Delhi,joy
2020-03-11,NEW: Waffle House employee in Atlanta area tested positive for coronavirus. 12 co-workers in self-quarantine.,Delhi,neutral
2020-03-11,JUST IN: First 2 cases of coronavirus confirmed in Bolivia.,Delhi,joy
2020-03-11,Nothing will happen  President Donald Trump has strong immunity  will never affect or weak him such a small issue like Coronavirus or Joe Biden. ,Delhi,sadness
2020-03-11,This amateurish decision by very incompetent and clumsy people in positions in annoucing the closure of schools and college till 31st March by playing this nonsense hoax of #COVID19 is ridiculous - Chur'jamaat @DrSyedSehrish @kansalrohit69 @directorate_sch @diprjk @Junaid_Mattu,Delhi,sadness
2020-03-11, #INFOCoronavirus #CoronaVirusUpdate 121 605 Total Confirmed Cases 4 371 Total Deceased 5 632 Total Serious 66 624 Total Recovered 114⁄195 Total Countries Infected #Coronavirus #COVID2019 #COVID19espana #CoronaVirusUpdate #Corona #COVID19,Delhi,neutral
2020-03-11,Bankers #HarPalAapkeSaath  With you in your #tears With you in your #smiles Bankers are #Legend #FightingCorona and serving #NationFirst #Coronaindia #COVID19 #Banking #coronavirusindia #CoronaKoDhona #HarKaamDeshKeNaam #NationalisedBanks,Delhi,neutral
2020-03-11,As WHO declares #COVID19 a pandemic - India suspends visas till April 15 #coronavirus! foreign travel restricted as per conditions below @bbcworldservice #worklifeindia @BBCBusiness,Delhi,neutral
2020-03-11,Breaking: India is effectively locking down its borders starting Friday - until mid April. Would have been a difficult decision but given its weak health infrastructure  sanitation levels and density of population the authorities probably saw no choice #coronavirus #COVID19 ,Delhi,joy
2020-03-11,Strong decision but highly essential. #COVID19 ,Delhi,joy
2020-03-11,Finally #COVID19 is declared #pandemic by @WHO #Corona #coronavirus,Delhi,neutral
2020-03-11,Here is the full thread by @MoHFW_INDIA. #CoronaVirusUpdate #COVID19 #India https://twitter.com/mohfw_india/status/1237772414752178182?s=21,Delhi,joy
2020-03-11,WHO declares #coronavirus a pandemic. #CoronavirusOutbreak #COVID19 ,Delhi,neutral
2020-03-11,“all countries can still change the course of this pandemic"-@DrTedros #PreventionOverPanic #COVID19 ,Delhi,neutral
2020-03-11,This is going to be the biggest crisis we have seen in our lives. #COVID19 ,Delhi,joy
2020-03-11,India shuts down its borders! That is a huge step but clearly a necessary one. #COVID19 #CoronaVirusUpdate #India,Delhi,sadness
2020-03-11,#COVID19 is now declared #Pandemic by @WHO. The situation indeed requires full attention at each level: individual; community; state/country and region. Business-as-usual would be dangerous. Let’s take all precautions; and NOT panic. @MoHFW_INDIA,Delhi,sadness
2020-03-11,The world needs to act NOW or NEVER.. #CoronaVirusUpdate #pandemic #COVID19 ,Delhi,joy
2020-03-11,Dear HR  I am suffering from #Corona virus and request you to grant me paid leave for 20days. Otherwise I will come to office ......... #coronavirusinindia #coronavirusindia #coronavirus #COVID19 #COVID2019,Delhi,sadness
2020-03-11,BREAKING: #COVID19 can be characterized as a pandemic says WHO ,Delhi,neutral
2020-03-11,High level GoM reviews current status&actions for prevention& management of #COVID19.Cabinet Secy meeting with Secretaries  Army  ITBP. It was decided all states follow @MoHFW_INDIA to invoke provisions of Section2 of Epidemic DiseaseAct1897 so that all advisories are enforceable,Delhi,joy
2020-03-11,Immunity to infections is largely organism-specific. So yes  we're likely to be more immune to certain 'food bacteria/viruses' because of our diet  but since the COVID19 is a totally new strain of virus that we're not exposed to  we don't really have any special immunity to it.,Delhi,neutral
2020-03-11,Dear HR  I am suffering from #Corona virus and request you to grant me paid leave for 20days. Otherwise I will come to office ......... #coronavirusinindia #coronavirusindia #coronavirus #COVID19 #COVID2019,Delhi,sadness
2020-03-11,Dear HR  I am suffering from #Corona virus and request you to grant me paid leave for 20days. Otherwise I will come to office ......... #coronavirusinindia #coronavirusindia #coronavirus #COVID19 #COVID2019,Delhi,sadness
2020-03-11,Dear HR  I am suffering from #Corona virus and request you to grant me paid leave for 20days. Otherwise I will come to office ......... #coronavirusinindia #coronavirusindia #coronavirus #COVID19 #COVID2019,Delhi,sadness
2020-03-11,Indian mission in Milan starts 24*7 helpline to deal with #COVID19 crisis ,Delhi,joy
2020-03-11,10 new cases of #COVID19 confirmed. 8 cases are from Kerala   1 each from Rajasthan &amp; Delhi. Total 60 in India .@MoHFW_INDIA @ICMRDELHI @COVID19Update #coronavirusindia #CoronaOutbreak,Delhi,neutral
2020-03-11,This is the most important graph related to COVID-19. Organisation - private/govt who proactively contributed to the blue graph should know that they have done a huge service to their communities  much more they will get credit for. Graph - @davetroy #COVID19 #Corona #india,Delhi,joy
2020-03-11,It is a strange coincidence that all worst affected Covid19 cases are along the same latitude 40ํ. From left onwards: France  Italy  Iran  Wuhan  S Korea  Japan  Seattle  Washington  NewYork ,Delhi,joy
2020-03-11,Corporates getting more and more cautious. Airport like screening for all employees everyday. #COVID19india #COVID19 ,Delhi,surprise
2020-03-11,IAF C-17 returns from Iran to Hindon airbase with 58 Indian citizens on-board. The passengers include 25 men  31 women and 2 children. The aircraft also carried 529 samples for investigations. #COVID19 ,Delhi,joy
2020-03-11,Hope #India's #Prisons have started preventive measures to combat against #Corona #COVID19. @PIBHomeAffairs @MoHFW_INDIA #CoronaVirusUpdate #coronavirusindia,Delhi,surprise
2020-03-11,No one is panicking in India from Corona Virus ! People &amp; health authorities are deftly dealing with the situation ! India’s response &amp; preparedness to fight this disease is the best in the world !! The entire world needs to learn from it !!,Delhi,joy
2020-03-11,It's time! Telecom providers should make international calls and data services to be free or atleast highly subsidized. #coronavirus #COVID19 @NITIAayog @narendramodi @PMOIndia,Jaipur,anger
2020-03-11,#WHO officially declares #Coronavirus(#COVID19 ) a global pandemic Appeal To Global Leaders to stand together &amp; stop any politics on this. Everyone Please follow Official Health Advisories and take every possible precaution &amp; don't create panic Stay Safe &amp; Healthy Everyone ,Jaipur,fear
2020-03-11,#SmartIndiaHackathon2020 Software Edition is now rescheduled along with Hardware Edition in 2nd Week of July due to #Coronavirus(#COVID19) outbreak. Have to wait more to participate in #SIH2020 Finale Stay Safe &amp; Healthy Everyone @abhayjere @SIH_2020 @PMOIndia @ANI @IndiaToday,Jaipur,sadness
2020-03-11,Help prevent the virus from spreading #coronavirus #SafetyFirst,Jaipur,neutral
2020-03-11,#coronavirus #italy #health lets us work together #outbreak,Jaipur,surprise
2020-03-11,It's time! Telecom providers should make international calls and data services to be free or atleast highly subsidized. #coronavirus #COVID19 @NITIAayog @narendramodi @PMOIndia,Jaipur,anger
2020-03-11,#WHO officially declares #Coronavirus(#COVID19 ) a global pandemic Appeal To Global Leaders to stand together &amp; stop any politics on this. Everyone Please follow Official Health Advisories and take every possible precaution &amp; don't create panic Stay Safe &amp; Healthy Everyone ,Jaipur,fear
2020-03-11,#SmartIndiaHackathon2020 Software Edition is now rescheduled along with Hardware Edition in 2nd Week of July due to #Coronavirus(#COVID19) outbreak. Have to wait more to participate in #SIH2020 Finale Stay Safe &amp; Healthy Everyone @abhayjere @SIH_2020 @PMOIndia @ANI @IndiaToday,Jaipur,sadness
2020-03-11,All existing visas  except diplomatic  official  UN/International Organizations  employment  project visas  stand suspended till 15th April 2020. This will come into effect from 1200 GMT on 13th March 2020 .Is this true? #coronavirusindia #CoronaVirusUpdate #COVID19,Jaipur,surprise
2020-03-11,Corona virus arrived ,Chennai,surprise
2020-03-11,Thank you China. We're all fucked up. #Coronavirus #Pandemic,Chennai,joy
2020-03-11,#BreakingNews The government has made a huge decision today. #WHO declares #CoronaVirus as a Pandemic. I really hope people exercise caution and cooperate with the government. #CoronaVirusUpdate https://twitter.com/archvivekh/status/1237787690893885440/photo/1,Chennai,anger
2020-03-11,Coronavirus: Wuhan doctor speaks out against authorities via @guardian,Chennai,surprise
2020-03-11,Was just watching TV (something like a soap) w/ my grandparents  & a character talked about postponing a trip to a neighboring state over coronavirus concerns. That the virus has already made its way into contemporaneous fictional entertainment is something...,Chennai,joy
2020-03-11,@CFigueres Thank you for seeing me. The #coronavirus is just the same as the #Fear of melting permafrost releasing an unknown virus into the world #HealTheWorld ‘Prophets are telling you the End is near  And I’m telling you that it’s all pretence’ —@Madonna #LoveMotherEarth – at Madras Club,Chennai,sadness
2020-03-11,@AirAsiaSupport hi air asia support  kindly notice my DM which has been not attending for almost 2 days now  i could understand its a tough situation because of corona virus. But i have to reschedule my ticket to reach final destination in Japan. Kindly attend to this issue asap,Chennai,sadness
2020-03-11,Some effin things exists in Indian DNA & that is helping in containing #CoronaVirus from mass containment even when patients have exposure to community. Even patients being detected aren’t infecting it to their own family while in west community spread is crazy each day!,Chennai,joy
2020-03-11,#CoronaVirus tracking corona live @xvizsuite,Chennai,neutral
2020-03-11,Live updates: Coronavirus cases pass 115 000 worldwide ,Chennai,surprise
2020-03-11,Live updates: Coronavirus cases pass 115 000 worldwide https://cnn.it/2xtGhmP,Chennai,surprise
2020-03-11,procure necessary equipment incl ventilators along with those who can operate them  while reassuring the public that there’s no need to panic. Let’s remember it’s going to be a long haul before we leave this episode behind - that’s till the next one hits us. #coronavirus n/n,Chennai,sadness
2020-03-11,Meanwhile  Govt needs to focus on capacity building  by first increasing the capacity in hospitals  prepare to convert schools n public properties into makeshift hospitals if needed  increase staff strength incl doctors n para medics ...#coronavirus 6/n,Chennai,sadness
2020-03-11,...with exams rescheduled and studies in general under threat. Can we the common folks rise to the occasion and support the government in its efforts to address this health challenge with the attention it warrants? #coronavirus 5/n,Chennai,sadness
2020-03-11,In this context  the media  intellectuals n thought leaders have a responsible role to play. It’s a pity that everybody has jumped on the bandwagon to spread panic. It’s time to reassure the public  in particular children who may be under mental n physical stress #coronavirus 4/n,Chennai,joy
2020-03-11,It may hit more among us with the old vulnerable if WHO research is to be believed  but the need of the hour is handling it with care and sensitivity - knowing that this is like any other virus  plausibly less virulent than SARS. #coronavirus,Chennai,neutral
2020-03-11,throwing at risk careers of students n professionals alike. Face mask or no face mask  quarantine or no quarantine  travel ban or no travel ban...you cannot wish the disease away.#coronavirus 2/n,Chennai,sadness
2020-03-11,The scare mongering over #Coronavirus defies comprehension. The calm and maturity needed at this time is missing. The over-reaction appears almost universal - with productivity at its lowest ebb and schools  colleges  offices ...shut down all around  1/n,Chennai,sadness
2020-03-11,Reports suggest that the #CoronaVirus.  Mr. #COVID19 was seen with a mask around #Rajinikanth residence.#OnlyThalaivar #SuperStar,Chennai,joy
2020-03-11,What’s really interesting is the mandatory coronavirus 411 message during phone calls. You go to call someone  an automated informational message about #COVID19 plays before your call is connected. It’s also what’s playing before you hear the dial tone on a landline.,Chennai,joy
2020-03-11,I landed in India earlier this morning  and local measures against #COVID19 are quite striking. Everyone had to fill out a travel history form upon &amp; we had our temperature taken to check for fevers. Signs posted everywhere (notably listing “corona virus” as in 2 words),Chennai,sadness
2020-03-11,DELHI Riots Crude Oil prices tumbling Corona Virus Modi aur SHAH ka haat hai ? #delhi #delhiriots #crudeoil #coronavirus #corona #economy #awareness #truth @Worldwide https://www.instagram.com/p/B9lUgAFBbfk/?igshid=1fv024oyuskoe,Chennai,neutral
2020-03-11,Any amount of pin pricking or abusing or sarcastic comments won't deter us the voters to unseat Modiji and coronate you as the PM when Corona virus is a menace to the society.,Chennai,neutral
2020-03-11,@PiyushGoyal @narendramodi Sir a positive learning out of the corona virus outbreak -industry should look for ways to run thier businesses by relying more on communication technology cutting travel thereby leading to lower oil imports  cleaner air  adding to the bottom line.,Chennai,joy
2020-03-11,#COVID19 For now what I can see is that Simpsons and the book had stated Carona is coming. Bullshit Illuminati!,Chennai,sadness
2020-03-11,Reports suggest that the #CoronaVirus.  Mr. #COVID19 was seen with a mask around #Rajinikanth residence.#OnlyThalaivar #SuperStar,Chennai,joy
2020-03-11,What’s really interesting is the mandatory coronavirus 411 message during phone calls. You go to call someone  an automated informational message about #COVID19 plays before your call is connected. It’s also what’s playing before you hear the dial tone on a landline.,Chennai,joy
2020-03-11,I landed in India earlier this morning  and local measures against #COVID19 are quite striking. Everyone had to fill out a travel history form upon &amp; we had our temperature taken to check for fevers. Signs posted everywhere (notably listing “corona virus” as in 2 words),Chennai,sadness
2020-03-11,@Vijayabaskarofl Sir appreciations for ur team on efforts taken on COVID19  We tamilans are expert in homeopathy  siddha &amp; also in different medical streams am sure we can find a medicine to cure COVID19 ; Tis wl Create a image for TN in world forum; Pl consider @CMOTamilNadu,Chennai,joy
2020-03-11,I often wonder if being neutral is the right thing  when everyone around me is busy picking sides & community preferences. Then #COVID19 &amp; #Corona comes along &amp; wipes out people irrespective of the cast/community they are or the side they are on. I go back to being neutral again.,Chennai,joy
2020-03-11,Market is going in a bad shape everywhere .Everyone wants quick measure to stop this corona virus...can other virus destroy this virus just like Maraba virus  or MG1  can target and destroy the kind of HIV-infected cells that standard antiretroviral therapies – at Chorus Inn,Kolkata,joy
2020-03-11,Coronavirus isn't a good bet for dying. Mortality rate is too low. Haha.,Kolkata,sadness
2020-03-11,@MoHFW_INDIA @drharshvardhan @BCCI . Sir kindly consider postponement of IPL (Indian Premier League) this time for the Corona Virus pandemic. It is for the sake of the nation and it's citizens. And a very important step surely.,Kolkata,joy
2020-03-11,@BCCI Kindly consider postponement of IPL this time for Corona Virus. It is for the sake of nation and the country. WHO has already declared it as a pandemic.,Kolkata,joy
2020-03-11,India shuts down incoming foreign traffic. Almost all existing valid visas  including OCIs  suspended until April 15 due to #coronavirus #Corona #CoronaVirusUpdate,Kolkata,sadness
2020-03-11,Older people  diabetics at higher risk of death because of #coronavirus ,Kolkata,neutral
2020-03-11,Israeli coronavirus infections jump to 76 as second case of 'unknown origin' appears ,Kolkata,neutral
2020-03-11,WHO says #COVID19 a pandemic #coronavirus #coronavirusindia,Kolkata,neutral
2020-03-11,Please request to all governments be prepare to fight corona virus's,Kolkata,joy
2020-03-11,Multiple matches and leagues around the world have been suspended due to the #coronavirus outbreak. Do you think #Euro2020 and the Summer #Olympics2020 will be Played! #CoronavirusOubtreak,Kolkata,joy
2020-03-11,What countries have been affected by the novel coronavirus known as COVID-19? How many cases are there in China? https://infographics.channelnewsasia.com/covid-19/map.html via @ChannelNewsAsia,Kolkata,sadness
2020-03-11,Congress party me corona virus fail gaya hai pahle inse to nipat le ,Kolkata,neutral
2020-03-11,#JanJanTakJanAushadhi PM Modi’s appeal to people to stay away from rumours regarding Coronavirus https://www.youtube.com/watch?v=yboE9YdXw_I via NaMo App,Kolkata,joy
2020-03-11,Coronavirus - at a glance globally  thanks to @AIPSmedia https://www.aipsmedia.com/index.html?page=artdetail&amp;art=27264 @sjfi1976 @JPNadda @KirenRijiju @RijijuOffice @DrSJaishankar @AipsAsia @sattamalsahli @ShakirAbbasi22 @MamataOfficial @PMOIndia,Kolkata,neutral
2020-03-11,A health minister in Boris Johnson's government tests positive for coronavirus and had interacted with the prime minister before her diagnosis. #CoronaVirusUpdate #thisisscary https://www.businessinsider.in/politics/news/a-health-minister-in-boris-johnsons-government-tests-positive-for-coronavirus-and-had-interacted-with-the-prime-minister-before-her-diagnosis/articleshow/74568082.cms?utm_source=social_Twitter&amp;utm_medium=social_sharing&amp;utm_campaign=Click_through_social_share via @BiIndia,Kolkata,sadness
2020-03-11,Quick data pack on #coronavirus that should help you understand more about it's nature. A thread,Kolkata,neutral
2020-03-11,Markets are the best indicator; of the damage or benefits of a particular event; as they are always forward looking. The way global markets have panned our over the last fortnight. #COVID19 doesn’t look good. Things likely getting worse.,Kolkata,surprise
2020-03-11,@WHO declaring #COVID19 as a pandemic is a real game changer imo .. now every govt has to take stringent action   already india has suspended all visas ! All public gathering and sporting events will be cancelled !,Kolkata,neutral
2020-03-11,WHO says #COVID19 a pandemic #coronavirus #coronavirusindia,Kolkata,neutral
2020-03-11,https://infographics.channelnewsasia.com/covid-19/map.html In case you missed it. Here's where you can track #COVID19 especially for those travelling,Kolkata,joy
2020-03-11,What policies are you following for overseas client/partners who are visiting your office traveling from and/or through infected zones? #COVID19,Kolkata,joy
2020-03-11,Work from Home is too mainstream.. Lets Occupy Mars..!! #coronavirus #elonmuskbabazindabad,Pune,neutral
2020-03-11,@suhasinih @Nidhi @Geeta_Mohan @fayedsouza @zoo_bear "Coronavirus: WHO classifies COVID-19 as a pandemic" #coronavirus https://twitter.com/i/events/1219057585707315201,Pune,neutral
2020-03-11,World Health Organization declares the coronavirus outbreak a global pandemic ,Pune,neutral
2020-03-11,Much needed step to stop corona virus spread ,Pune,joy
2020-03-11,@IndiGo6E @goairlinesindia u must be flooded but I also need assistance. Helpline numbers are not being responsive nor the emails ! Need to postpone/cancel the flights "to-from" Bangkok. #coronavirus #notravel @MoCA_GoI,Pune,neutral
2020-03-11,We need to Suppress the Epidemic by learning from the past. Shutting down systems wherever possible. Learn from SARS and other diseases from past. Contact tracing and doing more to separate affected patients. Improve health care systems - WHO Briefing #COVID19 #coronavirus ,Pune,sadness
2020-03-11,@PMOIndia Are we doing enough? #coronavirus #Coronavid19 #coronavirusindia,Pune,neutral
2020-03-11,#coronavirus #Corona you are not real villian,Pune,neutral
2020-03-11,Shortage of sanitizers in mkt leading to black market sales. Pune is facing acute shortage of Sanitizers n masks. Shops are selling at Double rate. How Govt is planning to fight this? #coronavirus #shortage @CMOMaharashtra @AdityaThackrey @BJP4India @ShivSena @abpmajhatv @TOIPune,Pune,sadness
2020-03-11,Well  the first health minister to make contact with the novel coronavirus was from Iran. This is actually the second such case.,Pune,neutral
2020-03-11,All incoming international arrivals in India are now stopped till 15th April !!!! #coronavirus #COVID19india,Pune,sadness
2020-03-11,Dear @OfficeofUT   Coronavirus victims have been found in Pune .All IT company employees are under the fear. The holiday has been declared in few companies but in few of them  still the decision is pending.The above mention request should be considered as important one.,Pune,surprise
2020-03-11,#coronavirus #COVID19india #COVID2019 #Covid_19 #WHO #healthcare #health #awareness #precure @MoHFW_INDIA @WHO @UN @UNICEF @PMOIndia @CMOMaharashtra @OfficeofUT @AjitPawarSpeaks India should start implementing the Health programs and should take initiatives which aren’t seen!,Pune,joy
2020-03-11,One more casualty of #coronavirus ,Pune,neutral
2020-03-11,A perfect Leave Application Dear HR I am suffering from corona virus and request you to grant me paid leave for 20days. Otherwise I will come to office ......... ,Pune,sadness
2020-03-11,.@OfficeofUT @AUThackeray @Jayant_R_Patil @PMCPune @MCGM_BMC Pl make mandatory all gathering places like marriage reception halls/lawns to keep plenty of hand washing facility N Hand sanitizer. #coronavirus #Corona #coronavirusinindia,Pune,anger
2020-03-11,@ANI @OfficeofUT any official site for latest valid information to avoid rumors #coronavirus #CoronaVirusUpdate #CoronaPune,Pune,neutral
2020-03-11,https://youtu.be/Y7nZ4mw4mXw Put everything aside and see this video and ensure it reaches the nearest health care facility and politicians for Corona virus protection to reduce fatalities Received from Prof Gabriel Leung HK who believes that 50% of the world will be infected.,Pune,joy
2020-03-11,The best period of time to follow our old tradition by greeting NAMASTE!! #saynotohandshake #coronavirus #CautionYesPanicNo #staycleanstayfit,Pune,sadness
2020-03-11,#BreakingNews: Mumbai reports first 2 #coronavirus cases. #Sakal #SakalNews #viral #ViralNews #SakalTimes #news #Corona #COVID19 #CoronavirusOutbreak #CoronaAlert #covid #coronavirusindia http://www.sakaltimes.com,Pune,sadness
2020-03-11,Should you go to the Dr. for #coronavirus? #Corona #COVID19,Pune,joy
2020-03-11,I'll be like this  when she asked me for date Note:- She stands for Coronavirus Jokes apart As you already know that the coronavirus is spreading all around the country and now entered to Maharashtra… https://www.instagram.com/p/B9mDhdfFi2R/?igshid=11v1uvrmyllya,Pune,sadness
2020-03-11,Correct Coronavirus Terminology Thread. Much needed in the days of mass hysteria. ,Pune,neutral
2020-03-11,Just to teach us basics and seriousness of health and hygiene  #coronavirus has arrived.. toh kya sikha bachho !!! ,Pune,surprise
2020-03-11,No testing kit for Corona virus in Aundh  Government Hospital  Pune. This is shocking. @RubikaLiyaquat @abpmajhatv "If you have high fever then we will admit you else you are on your own" the Doctor said. #coronavirusindia,Pune,anger
2020-03-11,Coronavirus COVID19: Magarpatta City Tower evacuated after employee tested positive ,Pune,neutral
2020-03-11,High alert in pune  stop spreading corona virus. For safety of nation use mask  stay away from crowd  avoid shake hands. Jai Hind. ,Pune,neutral
2020-03-11,Will #Corona go after the gigantic (unscientific) protest by MP Shri. Ramdas Athavale? #COVID19india #coronavirus #GoCorona,Pune,joy
2020-03-11,Since the news broke out about the #coronavirus cases in pune my mum can't stop calling me routinely to check me out  to remind me to avoid crowd places and to wash hands regularly. Can we even ever repay mom's love? #motherhood,Pune,joy
2020-03-11,For a change  people at work are cautious due to coronavirus scare and I haven't experienced a more peaceful working day yet.,Pune,surprise
2020-03-11,No but seriously avoid crowd guys.. #coronavirus,Pune,neutral
2020-03-11,The problem is we are waiting for the employees to test positive before the work from Home is in place. Can the companies wake up before it's too late? Or wait untill we have #Italy or #Iran like situation? #coronavirusindia #coronavirus ,Pune,joy
2020-03-11,Govt advices everyone to distance themselves from people from Italy due to Coronavirus.Jyotiraditya Scindia took it too seriously and left the Congress party itself ,Pune,joy
2020-03-11,Govt advices everyone to distance themselves from people from Italy due to Coronavirus.Jyotiraditya Scindia took it too seriously and left the Congress party itself ,Pune,joy
2020-03-11,Govt advices everyone to distance themselves from people from Italy due to Coronavirus.Jyotiraditya Scindia took it too seriously and left the Congress party itself ,Pune,joy
2020-03-11,Govt advices everyone to distance themselves from people from Italy due to Coronavirus.Jyotiraditya Scindia took it too seriously and left the Congress party itself ,Pune,joy
2020-03-11,@PMCPune you must declare Medical Emergency for Corona Virus so all IT Companies declared Work from Home or provide leaves. Already confirmed cases reach to 5 so far. Please... कहीं देर ना हो जाए।,Pune,anger
2020-03-11,@hotelsdotcom sad that you guys are not refunding due to the on going corona virus pandemic. My country has issued advisory not to make any non essential travel and you guys are hell bent on not to process any refunds. Extremely disappointed. ,Pune,neutral
2020-03-11,Go Corona Go #Trending following @RamdasAthawale Hope we get soon the medicine for #coronavirus #GoCorona #gocoronago #coronovirusindia #pune #Maharashtra @ThePuneMirror @PuneTimesOnline @ABPNews @abpmajhatv #TrendingNow @sudhirchaudhary @FunnyOrDieNews,Pune,neutral
2020-03-11,Coronavirus: Why information 'infodemic' is sowing panic https://gulfnews.com/opinion/op-eds/coronavirus-why-information-infodemic-is-sowing-panic-1.1583839589617 It's a fear created by media  Govt. And other authorities and its more infodemic and sowing panic in the minds of people....,Pune,fear
2020-03-11,#petrolPrice must drop to give some relief to common men who are facing double whammy- Corona Virus and the resultant Sock Market crash.,Pune,neutral
2020-03-11,Protect Yourself from #coronavirus Wear Your #mask,Pune,joy
2020-03-11,Work From Home for a week due to corona virus in pune. #Corona #coronaviruspune #coronavirus @MoHFW_INDIA – at Pune | पुणे,Pune,neutral
2020-03-11,Be aware about corona virus Take care yourself....use mask to avoid Corona..avoid to go in crowde areas...be aware and save other life .#beawareandsaveothers #gobackcorona #WednesdayThoughts #Wednesday #WednesdayWisdom #WednesdayVibes #gobackcoronavirus #India,Pune,joy
2020-03-11,In the wake of coronavirus situation  let us exercise precautions and care to safeguard ourselves and others from being affected. let us not be victim of Unverified news and rumours. let us also take a step to pray for the victims and the surviving families of deceased.,Pune,sadness
2020-03-11,Every morning when I come to work I have to dodge on road the spit of people  when will people of understand basic hygiene manners.. It's disgusting  thanks to #coronavirus hope these people at least understand now..,Pune,disgust
2020-03-11,In #1990 we thought that in #2020 we'll have flying cars  cities on other planets..... But no  here we are teaching people how to wash hands  not to #spit on road.. #coronavirus #wakeupindia,Pune,neutral
2020-03-11,#coronavirus latest updates from India and around the world. #Sakal #SakalNews #viral #ViralNews #SakalTimes #news #Corona #CoronavirusOutbreak #CoronaAlert #covid #CoronavirusOutbreak https://www.sakaltimes.com/nation/coronavirus-latest-updates-india-and-around-world-47374,Pune,neutral
2020-03-11,Don't worry. Say like this only. Corona will go. #coronavirus #Corona,Pune,joy
2020-03-11,Be safe. #CoronaVirus #CoronaVirusOutbreak #CoronaVirusIndia,Pune,joy
2020-03-11,Coronavirus: Italy on lockdown as spread slows in China and South Korea #Coronavirus ,Pune,neutral
2020-03-11,All information about #coronavirus #COVID19 in Marathi.. Published by Sandhodhan India.. Thanks @sanshodhanindia,Pune,neutral
2020-03-11,Dear @Olacabs please pass on the information of all passengers who travelled in infected driver’s cab to govt (if not yet done) @MoHFW_INDIA @CMOMaharashtra @Info_Pune https://www.thehindu.com/news/national/other-states/pune-coronavirus-case-kin-of-couple-who-tested-positive-cab-driver-in-isolation/article31031624.ece #coronavirus #CoronaOutbreak #Pune #COVID2019 #coronavirusinindia,Pune,sadness
2020-03-11,Clean your hands by using an alcohol-based hand rub or wash your hands with soap & water #coronavirusindia #coronavirus #Pune #StaySafe – at NDA Golf Course,Pune,neutral
2020-03-11,https://youtu.be/PIYQXF8Lx5w @RamdasAthawale and his genius method of ensuring #coronavirus goes a long long way away from all of us,Pune,joy
2020-03-11,It’s been hectic week with #covid19 news flow and fuzzy situation around the world. #developerlife however continues. This is an interesting visualisation of flow distribution in conference room with square plaque diffuser fitting performed using @simulation_hub #HVAC app.,Pune,joy
2020-03-11,#COVID19 is now #Pencedemic. @WHO declared.,Pune,neutral
2020-03-11,We need to Suppress the Epidemic by learning from the past. Shutting down systems wherever possible. Learn from SARS and other diseases from past. Contact tracing and doing more to separate affected patients. Improve health care systems - WHO Briefing #COVID19 #coronavirus,Pune,sadness
2020-03-11,#BreakingNews: Mumbai reports first 2 #coronavirus cases. #Sakal #SakalNews #viral #ViralNews #SakalTimes #news #Corona #COVID19 #CoronavirusOutbreak #CoronaAlert #covid #coronavirusindia http://www.sakaltimes.com,Pune,sadness
2020-03-11,Should you go to the Dr. for #coronavirus? #Corona #COVID19 ,Pune,joy
2020-03-11,Coronavirus COVID19: Magarpatta City Tower evacuated after employee tested positive ,Pune,neutral
2020-03-11,My friend had gone to Aundh  Hospital  Pune for COVID19 Tests  sadly there was no system for testing  nobody knows what to do  infact Health Ministry  Maharashtra had no clue about whete the tests are carried out in Pune. This is frightening. @PMOIndia @CMOMaharashtra @PMCPune,Pune,neutral
2020-03-11,#COVID19india #Maharashtra #Health Minister @rajeshtope11 says “No #COVID19 positive #patient in #Mumbai. We are monitoring t situation. Tracing those people who had come n contact with the #Pune couple” No need to fear @CMOMaharashtra @moayush @MoHFW_INDIA,Pune,fear
2020-03-11,All information about #coronavirus #COVID19 in Marathi.. Published by Sandhodhan India.. Thanks @sanshodhanindia,Pune,neutral
2020-03-11,India quarantines itself from world for a month to fight coronavirus. This is straight out of Greenland's playbook in @NdemicCreations #PlagueInc #COVID19,Hyderabad,neutral
2020-03-11,Pls follow the thread. #coronavirus #India,Hyderabad,neutral
2020-03-11,Coronavirus: Three F1 team members in self-isolation at Australian Grand Prix - ,Hyderabad,neutral
2020-03-11,For your break from #coronavirus ,Hyderabad,neutral
2020-03-11,The next US president should be whoever who has a solution to #coronavirus. Plain and simple. Any presidential debate should focus on it,Hyderabad,surprise
2020-03-11,Everybody has a theory on #coronavirus. My theory is #kovil (temple in Tamil) will protect all of us from #covid . Have faith and patience !! Pray for the world !! We will get through this,Hyderabad,surprise
2020-03-11,Trust @YesSirHumphrey to be on top of things always !! #coronavirus ,Hyderabad,neutral
2020-03-11,Don't buy a mask when you don't need one. Let's save the necessary resources for the needy. Stay healthy. Stay safe. #coronavirus #covid19 – at As Rao Nagar,Hyderabad,joy
2020-03-11, Keep on trying Spread it like corona virus Jihadi rapist supporter like you people can't do good for society,Hyderabad,joy
2020-03-11,"Coronavirus is mysteriously sparing kids and killing the elderly" ,Hyderabad,joy
2020-03-11,"Coronavirus: 16 nations close all schools" #Coronavirus ,Hyderabad,joy
2020-03-11,@arunbothra on the lighter side of this serious life A perfect Leave Application Dear HR I am suffering from #coronavirus and request you to grant me paid leave for 20days. Otherwise I will come to office ........ #humorViral,Hyderabad,sadness
2020-03-11,#Pakistan way of treatment for #coronavirus ,Hyderabad,neutral
2020-03-11,Allah's warning to chinee's ruling party send as Corona virus attack? Stop harassing local muslim population. Other wise further seviour punishment Will follow? All your military power can stop it .Araméen.,Hyderabad,anger
2020-03-11,Are you aware? Corona counts 60 in India now. #corona #coronavirus #covid #covid2019 #india #coronaindia #coronavirusindia #health #lifestyle #virus #outbreak #health @Hyderabad Telangana's Capital https://www.instagram.com/p/B9l4Y0tl0xI/?igshid=1pt793q5mpuak,Hyderabad,neutral
2020-03-11,New pet Dog in BJP #Islamabad #KamalnathGovernment #petrolPrice #milindsoman #ScindiaDumpsCongress #Corona #coronavirus #CoronaVirusUpdate #WednesdayMotivation #Mysskin #DaburChyawanprash #MadhyaPradeshPoliticalCrisis #jyotiraditya #MPGovtCrisis #ScindiaResigns @JM_Scindia #BJP,Hyderabad,neutral
2020-03-11,Wow 4 days to attend complaint 2950.thats the importance being given to Corona virus if spreads thru drain overflow. Thanks for this 4 days action @CommissionrGHMC @Hmwssbdgmasmngd @Hmwssbmgrmrbagh @KTRTRS,Hyderabad,joy
2020-03-11,Dear @MoHFW_INDIA   The Corona virus callertune is a good initiative. However  it will be more useful if its in local languages. Copy @PMOIndia,Hyderabad,joy
2020-03-11,Print media coverage of @TheDeverakonda awareness message about #CoronaVirus #CoronaVirusIndia – at Malkajgiri,Hyderabad,neutral
2020-03-11,Amazon India trying to spread Coronavirus. Sent a used jeans with a used handkerchief in the pocket. @Amazon @amazonIN @JeffBezos #coronavirusindia #coronavirus #amazonbrandsymbol #symbol,Hyderabad,joy
2020-03-11,@RGVzoomin Hey I Hope you can do a better film On Corona Virus better than Hollywood n Bollywood . It brings more n more Craze even to you. Why don’t you try......,Hyderabad,joy
2020-03-11,#coronavirus precautions is to stay hydrated as per #Japanese doctors @WHO @MoHFW_INDIA,Hyderabad,joy
2020-03-11,#Coronavirus latest: -Cases surpass 117 000 worldwide; deaths exceed 4 200 -China reports just 24 new cases -Italy infections over 10 000  cases in the U.S. near 1 000 #COVID2019,Hyderabad,joy
2020-03-11,North Koreans might have been shot dead  but technically it's also a death caused by corona virus ,Hyderabad,surprise
2020-03-11,List of Private Hospitals with Isolation Facilities in Hyderabad for Coronavirus #Coronavirus #CoronavirusIsolation #Hyderabad #Hospital,Hyderabad,neutral
2020-03-11,India quarantines itself from world for a month to fight coronavirus. This is straight out of Greenland's playbook in @NdemicCreations #PlagueInc #COVID19 ,Hyderabad,neutral
2020-03-11,From Good things  I learn to be a Thankful Person. From Bad things  I learn to be a Strong Person.. #ThursdayMotivation #MotivationalQuotes #motivation #ThoughtForTheDay #PrayForItaly #HelpUsToHelpYou #Corona #COVID19 #DigitalMarketing,Hyderabad,joy
2020-03-11,Novel way to be safe in #COVID19 era #handsanitizer #ShakeShakeTogether #COVID2019 #Corona #TomandJerry #BreakingNews,Hyderabad,joy
2020-03-11,@ICANN I like d idea of #icannfridays by @how5 #stephanieperrin W #COVID19 going #pandemic #kualalumpur #FingersCrossed #virtual is better as it is easy on #environment than #face2face @WHO @NCUC @NCSG_ICANN @NPOC_ICANN #IDN #nbgp @UASGTech less #carbonfootprint #ICANN67,Hyderabad,joy
2020-03-11,To my friends in Italy along with everyone else in the world dealing with these hard times  we are all in this together @UniAvogadro #COVID19 #COVID2019,Hyderabad,joy
2020-03-11,#COVID19 is now declared Pandemic by WHO. The situation indeed requires full attention at each level: individual; community; state/country and region. Business-as-usual would be dangerous. Let’s take all precautions; and NOT panic.,Hyderabad,sadness
2020-03-11,Don't buy a mask when you don't need one. Let's save the necessary resources for the needy. Stay healthy. Stay safe. #coronavirus #covid19 – at As Rao Nagar,Hyderabad,joy
2020-03-11,When whole world is shivaring at COVID19 we should not be disgusted about the mesures being taken by govt .,Hyderabad,disgust
2020-03-11,Where the facility testing COVID19 takes 24 hours and lab designated can take load of testing. Increase designated labs with increase in quarantine centres. @AteequrRah @MoHFW_INDIA @TelanganaHealth,Hyderabad,joy
2020-03-11,Really hope someone asks Klopp about coronavirus tonight too #UCL #LIVATL,Bangalore,joy
2020-03-11, BREAKING NEWS @WHO has characterized #COVID19 as PANDEMIC #coronavirus,Bangalore,surprise
2020-03-11,The corona virus hype is all rubbish. A teacher was telling this in class today  and I’m a med student. Media has just overhyped it.,Bangalore,joy
2020-03-11,Arey.. People here created some hype that corona virus spreads through Chicken and Chicken rate had dropped to ₹50/Kg.. And here we bring chicken to our room from the stall like Rockstars..!! So I can send u chickens there and inturn send those sanitizers...,Bangalore,joy
2020-03-11,Karnataka has not declared a statewide epidemic of coronavirus. Here is Karnataka Health Commissioner Pankaj Kumar Pandey explaining the situation. ,Bangalore,neutral
2020-03-11,Saudi Arabia to close cinemas until further notice over coronavirus @COVID19Update #cinema,Bangalore,sadness
2020-03-11,Why US passport holders & nationals not barred? What’s special privilege they’ve got? Are they immune to #coronavirus? ,Bangalore,neutral
2020-03-11,So finally #coronavirus #COVID19 is a “pandemic” and still people in india are not taking it that seriously ,Bangalore,sadness
2020-03-11,Read the thread. Chills  Someone like me to help u. To remove the coronavirus awareness audio permanently if you feel it's irritating. Dial *646*224#and press 1 to deactivate in #Airtel. Thank me later #CoronaVirusUpdate / #CoronavirusOutbreak / #COVID19india,Bangalore,anger
2020-03-11,WHO declares coronavirus outbreak a pandemic ,Bangalore,neutral
2020-03-11,It’s melancholic!#People exploiting the #COVID-19 by making it infectious in #social #media with spurious #news. In this unfathomable time proliferating prices of #medical essentials &amp; elevating #TRPs by scuttlebutt? Request all to come forward and succour #Coronavirus #victims,Bangalore,anger
2020-03-11,"Coronavirus: WHO classifies COVID-19 as a 'pandemic'" #Coronavirus ,Bangalore,neutral
2020-03-11,Chills  Someone like me to help you. To remove the coronavirus awareness audio permanently. Dial *646*224#and press 1 to deactivate  Thank me later ,Bangalore,anger
2020-03-11,Chills  Someone like me to help you. To remove the coronavirus awareness audio permanently. Dial *646*224#and press 1 to deactivate  Thank me later ,Bangalore,anger
2020-03-11,Was WHO sucking Xi's dick till now? They are declaring #coronavirus a pandemic now after shit hit the hole. If this was done a month ago  things could have been a lot better.,Bangalore,sadness
2020-03-11,To remove the coronavirus awareness audio permanently. Dial *646*224#and press 1 to deactivate. Thank me later ,Bangalore,anger
2020-03-11,Heya   To remove the coronavirus awareness audio permanently. Dial *646*224#and press 1 to deactivate. Thank me later! @Airtel_Presence,Bangalore,anger
2020-03-11,Coronavirus will hit you in more ways than you ever expected!!! #Coronavid19,Bangalore,joy
2020-03-11,The #Corona alert message on call is utter annoying and waste of time especially on emergency calls  not helping anyone. @MoHFW_INDIA #Coronavid19 #coronavirus #coronavirusinindia #CoronaVirusUpdate,Bangalore,neutral
2020-03-11,The Corona Virus is taking the toll of Humanbeings all over the World. This " callamity " we must realise that World Is Only Place of Human Habitat . Interconnected Dependent. Let Us Shed our Narrowminded Attitudes Beliefs Compartmentalisation. Break Free Love Humanity !,Bangalore,joy
2020-03-11,FFS!!! Was so excited for office team outing for so long and now the HR team has asked us to cancel it because of Corona virus ,Bangalore,sadness
2020-03-11,Coronavirus: Karnataka launches ‘Namaste over Handshake’ campaign @IndianExpress Read: https://bit.ly/3cItlJQ,Bangalore,neutral
2020-03-11,Any plans of documentary on corona virus ?? @netflix @NetflixIndia,Bangalore,neutral
2020-03-11,Things are getting serious  people. Soon coronavirus may catch coronavirus and that could be the end of everything. Coronavirus Conference Gets Canceled Because of Coronavirus ,Bangalore,joy
2020-03-11,le me just Coronavirus thing #GoCorona #COVID19india,Bangalore,joy
2020-03-11,I read this article of children being the least susceptible to the novel coronavirus.,Bangalore,sadness
2020-03-11,Support Corona Virus relief fund anta app bere shuru maDavre,Bangalore,neutral
2020-03-11,I nominate the Corona Virus for the Nobel Peace prize. Corona Virus has been the greatest peace ambassador in global history. Since it hit no missiles from North Korea  no middle east battles  no Hindu Muslim enmity. Everyone is at home  counting toilet paper rolls. #CoronaVirus,Bangalore,sadness
2020-03-11,I think this is where Corona Virus has come from!,Bangalore,surprise
2020-03-11,Excellent funny useful information on coronavirus by Dr Pal Manickam from California ,Bangalore,joy
2020-03-11,With the rising case of both Cholera and Corona Virus in Bengaluru it's a different kind a battle going on between them to prove one's supremacy. #cholera #coronavirusindia #battleforourlife #StaySafe,Bangalore,joy
2020-03-11,Not just Coronavirus  but also Hongkong protests and their police action as compared our own Shaheen Bagh  Delhi riots  Godhra carnage  JNU&amp;Jamia episodes  mass genocide of Uighur Muslims  Tiananmen massacre. No word of criticism from human right torch bearers of the USA  UK  etc,Bangalore,sadness
2020-03-11,You think your life is bad. Think of the below scenario. "I'll not step out for work for a few days because of this Corona Virus. I've got a good amount of savings in my Yes Bank Account".,Bangalore,neutral
2020-03-11,Oh the Irony! A Council on Foreign Relations roundtable called “Doing Business Under Coronavirus” has been canceled due to the coronavirus https://www.bloomberg.com/news/articles/2020-03-10/coronavirus-conference-gets-canceled-because-of-coronavirus,Bangalore,joy
2020-03-11,BBC News - Coronavirus: Health minister Nadine Dorries tests positive ,Bangalore,neutral
2020-03-11,@sriramulubjp Dear Concern  As this is Global Concern of Corona Virus which is spreading speedly in India Being Dr. I like to suggest direct all Bangalore offices to work from Home for three to four weeks! Also Restricted Foreign Travel,Bangalore,joy
2020-03-11,For US Corona virus is a child's play. Last 4 years have made them immune to any virus.,Bangalore,anger
2020-03-11,@SureshAngadi_ @RailMinIndia : With Sudden outbreak of Corona Virus my old age parents are forced to cancel travel plans. Would like to understand if Indian Railways are still charging cancellation charges on train tickets. Would request Indian Railways to waive off the charges. ,Bangalore,joy
2020-03-11,Daughters clay art version of #coronavirus ,Bangalore,neutral
2020-03-11,Thank you so much Shreyaa Yes after #coronavirus end I will go again ,Bangalore,joy
2020-03-11,@ShraddhaKapoor @RajkummarRao Found the prevention to the virus #coronavirusinindia #CoronavirusOutbreak #Coronavid19 #Corona #coronavirus ,Bangalore,surprise
2020-03-11,Coronavirus might be the dreaded C now but Cancer still is a fearful C. Former India player Arun Lal survived it and has now transformed Bengal as coach  old school style. https://www.deccanherald.com/sports/cricket/how-cancer-survivor-lal-transformed-bengal-812457.html @deccanherald #RanjiTrophy #cancersurvivor,Bangalore,neutral
2020-03-11,If you're planning to attend a conference please asses the health risk in the wake of Coronavirus. This news is sad but useful to make you realise this https://www.bloomberg.com/amp/news/articles/2020-03-10/engineer-who-attended-cybersecurity-event-contracts-coronavirus?__twitter_impression=true,Bangalore,sadness
2020-03-11,Hats off to every doctor & other medical professionals who are braving #CoronaVirus by treating patients from the front. It takes sheer sacrifice  selflessness  guts to do so. While other professionals can choose to work from home  these won't. That makes medics a class apart KBM,Bangalore,anger
2020-03-11,Made in CHINA Products: Made in CHINA Now the DEATH is also from Made in CHINA COrONA VIRUS Credit:(OlaAuto) Sridhar uncle @srivatsayb @vijayrpandey @BhavikaKapoor5 @naukarshah @Nehr_who @absolutesatya @YasminKidwai @SalmanNizami_ @AmberShrma @ArshadRizwan,Bangalore,anger
2020-03-11,Corona virus has achieved the impossible. Basavanagudi to Devarabeesanahalli in less than an hour on a working day. #coronavirusindia #Bengaluru #Traffic,Bangalore,surprise
2020-03-11,@WHO thanks for reassuring your services to the world with your measures 2 counter #novelcoronavirus . In d latest press release it's mentioned 70% cases in China has been treated successfully. Is der any #antidote found or how is this coronavirus infected people getting treated?,Bangalore,neutral
2020-03-11,Tourist sites in Asia hit by coronavirus fears – before and after ,Bangalore,fear
2020-03-11,Moving from Banglore to Calicut it is good working at Bangalore for the last two days I find the way things in Bangalore Is far better in terms of hygiene and precautions they are handling for corona virus thank you Silicon Valley good morning all,Bangalore,joy
2020-03-11,Coronavirus (COVID-19) in babies and kids: Symptoms and what you need to know ,Bangalore,sadness
2020-03-11,Please stop @OfficialFPL #coronavirus,Bangalore,joy
2020-03-11,Chiken been culled in many parts of Karnataka (Bengaluru) due to fear and Panic of #COVID19 ( #coronavirusinindia ) Govt. should address This uneccesary Panic Issue Quickly before it gets out of control.,Bangalore,surprise
2020-03-11,Nation with Most Deaths By #COVID19 #CoronaVirusUpdate CHINA: 3158 ITALY: 827 IRAN: 354 SOUTH KOREA: 61 SPAIN: 54 FRANCE: 48 U.S.A: 31 JAPAN: 15 U.K: 8 IRAQ: 7 NETHERLAND: 5 SWITERLAND: 4 HONGKONG: 3 AUSTRALIA: 3 SAN MATINO: 3 GERMANY: 2 LEBANON: 2 @WHO has Declared as Pandemic,Bangalore,surprise
2020-03-11, BREAKING NEWS @WHO has characterized #COVID19 as PANDEMIC #coronavirus,Bangalore,surprise
2020-03-11,This is a brave but necessary response. #COVID19 #coronavirusindia,Bangalore,neutral
2020-03-11,So finally #coronavirus #COVID19 is a “pandemic” and still people in india are not taking it that seriously ,Bangalore,sadness
2020-03-11,I don’t know if it is true but I think that the best way to market things to minimise #GlobalWarming and economical or regional discussions is by talking more about #Corona #COVID19 Besides the fact that  everyone takes priority to themselves first than thinking about society,Bangalore,sadness
2020-03-11,@AirAsia I have my flight booking for Saturday and I am calling well in advance dur #COVID19 flight changes are allowed. Why isn't your team doing that. Additionally they are asking for money? It's well 3days in advance. #needhelp.,Bangalore,joy
2020-03-11,Something to cheer about #COVID19 ,Bangalore,joy
2020-03-11,Wash you damm Hands Peoples. #GoCorona #COVID19 #CoronaVirusUpdate #Corona,Bangalore,neutral
2020-03-11,#COVID19 is not Funny Stop is foolish immature #GoCorona stupid shit.,Bangalore,neutral
2020-03-11,Demographic breakdown by Age for India and Italy  and Death Rate by Age for #COVID19. 80% of India's population falls in the 0.4 % death-rate zone or thereabouts if infected with CoVID-19. Of course  take all precautions but please avoid panic or scaremongering. ,Bangalore,joy
2020-03-11,Definition of #Covid19 ,Bangalore,neutral
2020-03-11,Can we say COVID-19 is dumbest thing that humans did than Chernobyl!? #covid19,Bangalore,neutral
2020-03-11,#COVID19 will also see that #PublicHealth #epidemiology will be seen as the cutting edge science that it is. Will certainly inspire a generation of medical students to move away from scalpels &amp; stethoscopes to statistics &amp; strategising. @epigiri @AnantBhan @ThePHF @MoHFW_INDIA,Bangalore,joy
2020-03-11,Yale studies #China’s response to #COVID19. Hard to imagine similar things on a war footing if it were to become necessary with #COVID19india,Bangalore,joy
2020-03-11,Corona Virus is a Big Fat lie just to create benefits for pharma companies to devour large profits out of budget that government will create out of our taxes! Don't be afraid of anything people!,Ahmedabad,joy
2020-03-11,Massive increase in Corona virus cases in Europe and USA #COVID19 infected : 10 149 : 1 784 : 1 458 : 1 674 : 975 : 491 : 400 : 383 : 382 : 350 : 267 : 264 : 182 : 89 : 65 : 49 : 39 : 31 : 31 : 30 : 34 : 22 : 14 : 12 : 10 : 9,Ahmedabad,neutral
2020-03-11,#India will suspend all tourist visas to prevent the spread of #coronavirus in the country. "All existing visas  except diplomatic  official  UN/international organizations  employment  project visas  stand suspended till 15th April 2020 " Indian govt said in a statement Wed.,Ahmedabad,neutral
2020-03-11,Coronavirus is mysteriously sparing kids and killing the elderly ,Ahmedabad,joy
2020-03-11,60 cases of coronavirus in India: An update from around the world ,Ahmedabad,neutral
2020-03-11,*me calls someone* *me till Coronavirus ringtone ends* ,Ahmedabad,joy
2020-03-11,Hope that growing threat of #Coronavirus in India would not deter or distract the ruling party from toppling opposition ruled state governments or engineer legislator defections for ensuing Rajya Sabha elections. #CoronaVirusUpdate,Ahmedabad,neutral
2020-03-11,Corona Virus Effect ,Ahmedabad,neutral
2020-03-11,If anything goes bad from here!! Corona Virus:1 Liverpool:0,Ahmedabad,sadness
2020-03-11,#tata #aia protect yourself. Policy #coronavirus #secured. Secure your life up to 100 th birthday and get gauranteed returns up 9.14 tax free returns. Call 9724554855 @Aditya Sandesara - Financial Advisor https://www.instagram.com/p/B9mV2gMngae/?igshid=vhd0ue6c0f7p,Ahmedabad,surprise
2020-03-11,How lonely are you? Me: I haven't heard Corona Virus advisory that plays when you call someone yet.,Ahmedabad,joy
2020-03-11,What countries have been affected by the novel coronavirus known as COVID-19? How many cases are there in China? https://infographics.channelnewsasia.com/covid-19/map.html via @ChannelNewsAsia,Ahmedabad,sadness
2020-03-11,Coronavirus is the reason behind cancelled Coronavirus conference. Can I call it cannabalism ? #justasking #coronavirus ,Ahmedabad,joy
2020-03-11,Modi government  taking care of every Indian. #COVID19india #COVID19 #coronavirus #coronavirusinindia,Ahmedabad,joy
2020-03-11,Spread colors of happiness and not coronavirus Holi @Gujarat #mytravelstory #happyholi #happyholi2020 #holi #ahmedabad #gujarat #festivalofcolors #Corona #coronavirusindia #CoronaVirusUpdate #COVID19 #COVID2019 #HoliFestival #HoliCelebrations #coronavirus #2019nCoV #Corona,Ahmedabad,neutral
2020-03-11,No once any political leader get Coronavirus then only you hope for it ,Ahmedabad,neutral
2020-03-11,Massive increase in Corona virus cases in Europe and USA #COVID19 infected : 10 149 : 1 784 : 1 458 : 1 674 : 975 : 491 : 400 : 383 : 382 : 350 : 267 : 264 : 182 : 89 : 65 : 49 : 39 : 31 : 31 : 30 : 34 : 22 : 14 : 12 : 10 : 9,Ahmedabad,neutral
2020-03-11,Modi government  taking care of every Indian. #COVID19india #COVID19 #coronavirus #coronavirusinindia,Ahmedabad,joy
2020-03-11,Spread colors of happiness and not coronavirus Holi @Gujarat #mytravelstory #happyholi #happyholi2020 #holi #ahmedabad #gujarat #festivalofcolors #Corona #coronavirusindia #CoronaVirusUpdate #COVID19 #COVID2019 #HoliFestival #HoliCelebrations #coronavirus #2019nCoV #Corona,Ahmedabad,neutral
2020-03-11,Stay Aware. Stay Healthy. if possible work from home  help others fellow community members  take care of elders & the ones with weak immunity. . . #who #covid19 #pandemic #awarenesscampaign #healthyindia #beprepared,Ahmedabad,joy
