Tweet Posted Time (UTC),Tweet Content,Tweet Location,Emotion
2020-03-07,Nowadays  the prevalence of corona virus has become so much that people are starting to put on Max but cannot wear a helmet during a motorcycle trip.,Bihar,neutral
2020-03-07,@irctceastzone i am travelling in vaishali sf exp train no 12554..to protect us from getting infected by corona virus they provided us hand sanitizer with lunch and dinner...great work @irctceastzone .,Bihar,neutral
2020-03-07, #CoronaVirus scare #Pre-#Holi dull phase #Examination period Yet  #Baaghi3 takes a big start on Day 1... Emerges biggest opener of 2020 [so far]... Fifth film of #TigerShroff to open in double digits... Single screens excel  plexes decent... Fri ₹ 17.50 cr. #India biz.,Bihar,joy
2020-03-07,I personally want to tweet @narendramodi ji to not to take lightly to #COVID19. It’s only matter of time and so far what should be the first to give information to slum dwellers they shall probably die in mass and they shall possibly make uncontrollable the whole issues,Bihar,neutral
2020-03-07,Coronavirus outbreak: Melbourne doctor who tested positive may have affected his own patients ,Goa,joy
2020-03-07,Corona virus confirmed cases surpass 101 000 worldwide. UN says a drop in global travel may cost $50 billion. https://www.amazon.in/Love-Honour-Sunil-Gera/dp/1528933974/ref=sr_1_3,Goa,neutral
2020-03-07,Corona Virus may not come to Goa considering the outrage towards outsiders coming to Goa.,Goa,neutral
2020-03-07,Honorable Prime Minister of Pakistan Advisor to PM National Health Service’s We Homoeopaths of Pakistan offer our volunteer services against Coronavirus Humanity is our first priority Please give chance to Homoeopaths of Pakistan Love my nation Love for Homoeopathy ,Punjab,sadness
2020-03-07,233 people have died of corona virus there  thousands are infected and 6 provinces are quarantined. Muft bhi koi lejaye to nahi jaen gay. ,Punjab,surprise
2020-03-07,The presentation of data alone in this one image shows the progress of KP in terms of health monitoring as a proactive measure for #CoronaVirus. ,Punjab,neutral
2020-03-07,Fact don't know what comes after next 100 years. #coronavirus ,Punjab,sadness
2020-03-07,The resistance is unhappy on how brilliantly the government has so far dealt with Coronavirus.,Punjab,sadness
2020-03-07,Pirbright’s livestock coronavirus research – your questions answered https://shar.es/aH3MJE,Punjab,surprise
2020-03-07,@MiracleGardenAE there are news that all masisve gathering public places might get closed temporarily bc of corona virus.,Punjab,surprise
2020-03-07,The masks  which are being wore for coronavirus  are actually ‘made-in-china’. What an irony! #COVID,Punjab,neutral
2020-03-07,Urdu commentary and Dastak dance in PSL is a different type of Corona virus - #PZvIU #IUvPZ,Punjab,neutral
2020-03-07,Coronavirus disease (COVID-19): What parents should know @unicef,Punjab,sadness
2020-03-07,I think there is ample evidence to suggest that Pak-China ties are strong and unlikely to nosedive. FTA  Uighurs' issue and Coronavirus are just three cases in point.,Punjab,sadness
2020-03-07,Those hit by coronavirus should not go bankrupt: IMF ,Punjab,sadness
2020-03-07,Lol #COVID19 #covid vs ,Punjab,neutral
2020-03-07,I’m suitably impressed on the attempt to clean such a busy place usually on any given day #COVID #COVID19 #covid2019,Punjab,joy
2020-03-07,"Coronavirus cases in India now at 33 as Punjab reports two positive cases" ,Uttar Pradesh,neutral
2020-03-07,Indian economy would benefit from coronavirus outbreak: Pankaj Bobade @moneycontrolcom,Uttar Pradesh,neutral
2020-03-07,#Prevention_is_better_than_Cure For Prevention of Corona Virus distributing mask and spreading awareness about corona infection (COVID-19). #SocialActivist #AnkitSinghParmar @ABPNews @PMOIndia @dmhardoi @AdminLKO @hardoipolice @WHO @MoHFW_INDIA @DHSCgovuk @DOHgovph,Uttar Pradesh,surprise
2020-03-07,The government said a truncated version of the civil aviation show #WingsIndia2020 will be held in Hyderabad later this month  amid concerns over #coronavirus outbreak.,Uttar Pradesh,joy
2020-03-07,"Coronavirus: More countries report their first confirmed cases" #Coronavirus ,Uttar Pradesh,sadness
2020-03-07,In a book "End of Days"   written by Sylvia Brownie ..This is mentioned ... Yes!! It is relatable to corona virus maybe #coronavirusinindia #CoronavirusReachesDelhi #coronavirus ,West Bengal,neutral
2020-03-07,Holi aane wali hai  Beware of unknown/known potential molestors. you can use coronavirus to avoit it/or visit a old age home. the terrible stories I have heard from my female friends sends down chills to my spine. #AuratAzadiMarch2020,Daman and Diu,neutral
2020-03-07,Just 1 case Corona Virus in India and people are crazy for masks. Daily 400 people are died in road crashes &amp; incident and still no craze for Helmets #SafetyFirst #COVID19india,Daman and Diu,neutral
2020-03-07,Scared of coronavirus? This #Holi use cowdung cakes for Holika dahan  &amp; be tensionless. #CelebrateHoliInVedicStyle Burning just 2 kg of dry cowdung gives 300 grams of Oxygen. #Bapuji Divya satsang on @SureshChavhanke news channel 6 - 12 March 8 - 8.15 am,Daman and Diu,joy
2020-03-07,This can happen only in India. Plz do something @drharshvardhan @AyushmanNHA @MoHFW_INDIA @narendramodi @myogiadityanath @Flipkart @amazon @UNODC @DelhiPolice @IncomeTaxIndia @BJP4India @DeptConsumerAff @consaff @jagograhakjago #coronavirusindia #coronavirus #CoronaVirusUpdate,Delhi,fear
2020-03-07,Submitted a letter to all the competent authorities of JNU to ensure the precautions against the outbreak of the new Corona virus. #coronavirusindia @mamidala90 @guptar @Neerajkundan @nsui @SunnyMehtaINC,Delhi,joy
2020-03-07,Coronavirus update  Italy: - 1 247 new cases today - 5 883 cases in total - 2 651 hospitalized - 589 recovered - 233 deaths - 567 in intensive care,Delhi,neutral
2020-03-07,NEW: Washington state reports 22 new cases of coronavirus and 3 new deaths. Raising U.S. total to 401 cases  19 deaths.,Delhi,neutral
2020-03-07,@DelhiAirport Slow claps for your quest to fight the #coronavirus ,Delhi,joy
2020-03-07,'Eating of chicken by Telangana ministers responsible for spread of COVID-19'#coronavirus ,Delhi,neutral
2020-03-07,Hindu Mahasabha plans gaumutra party with cow-dung cakes to fight coronavirus in India #coronavirus https://theprint.in/health/hindu-mahasabha-plans-gaumutra-party-with-cow-dung-cakes-to-fight-coronavirus-in-india/375026/ via @ThePrintIndia,Delhi,neutral
2020-03-07,I have never seen IGI airport so empty. Checkin  immigration and security check all combined took less than 10 minutes. #coronavirus,Delhi,sadness
2020-03-07,Coronavirus Risk Rises for U.S.  Global Economies ,Delhi,neutral
2020-03-07,A man wears a mask to protect himself from the deadly coronavirus in New Delhi  India. #COVIDー19 #Corona #china #india #Tourism,Delhi,joy
2020-03-07,Tracking #coronavirus: Map  data and timeline - ,Delhi,neutral
2020-03-07,Can science detect Corona Virus https://youtu.be/DtEFVxP3NEg via @YouTube,Delhi,neutral
2020-03-07,So I’ve home arrested myself this weekend due to the corona virus outbreak and boy! I just finished reading this amazing book . I should get myself home arrested more,Delhi,surprise
2020-03-07,"Namaste Ghaziabad" an awareness campaign against Coronavirus. Venue- Shoprix Mall  Vaishali Timing- 3:30 pm onwards Free distribution of masks  pamphlets &amp; sanitizer. #NamasteGhaziabad #PreventCoronaVirus #together_We_Can #CORONAVIRUS #Swasthaghaziabad #नमस्तेगाजियाबाद,Delhi,neutral
2020-03-07,Coronavirus Effect: Wall Street’s fear gauge  the VIX index’s closing high has spiked to levels last seen 2011 at the height of euro zone debt crisis. ,Delhi,joy
2020-03-07,#CoronavirusReachesDelhi #CoronaVirusUpdate #coronavirus #Delhi Coronavirus : Delhi NCR tour on Roads 06.03.2020 #BazukaWorld #Coronavirus #Delhi #Vlog #MunishPuri https://youtu.be/-xdmsNiTuvU,Delhi,neutral
2020-03-07,@CoronaVid19 Coronavirus : Delhi NCR tour on Roads 06.03.2020 #BazukaWorld #Coronavirus #Delhi #Vlog #MunishPuri https://youtu.be/-xdmsNiTuvU,Delhi,neutral
2020-03-07,Coronavirus : Delhi NCR tour on Roads 06.03.2020 #BazukaWorld #Coronavirus #Delhi #Vlog #MunishPuri https://youtu.be/-xdmsNiTuvU,Delhi,neutral
2020-03-07,This is new weapon from China But not an issue  India can beat #coronavirus sir ,Delhi,neutral
2020-03-07,Farooq Renzu Shah: You're more dangerous than Coronavirus . ,Delhi,sadness
2020-03-07,@TrainlineTeam @thetrainline I'm a Indian resident and had plans to travel UK on 9th March but looking at the Corona virus increasing cases in UK  I am being advised not to travel. 593089394407 is booking ref number. Can you please help with refund on advance tickets? #COVID19,Delhi,sadness
2020-03-07,Both the cases of #Coronavirus in Ladakh had visited Iran &amp; came to India in the last week of Feb. Reports @Ieshan_W,Delhi,surprise
2020-03-07,BREAKING: U.S. Navy sailor in Italy tests positive for coronavirus.,Delhi,neutral
2020-03-07,Are you nuts  @reliancejio? This automated advisory #coronavirus caller tune is really not informative or cool. Called maasi in the morning  and got so scared because of that loud cough sound  I thought she's unwell. Almost got a heart attack. ,Delhi,neutral
2020-03-07,Namaste Ghaziabad an Awareness campaign against Coronavirus has been done by distributing masks pamphlets &amp;Sanitizers at MahagunMall Ghaziabad #PreventCoronaVirus #together_We_Can #CORONAVIRUS #NamasteGhaziabad #Swasthaghaziabad @narendramodi @dm_ghaziabad @drharshvardhan,Delhi,surprise
2020-03-07,Caller tunes in India being replaced with Coronavirus precaution messages by @reliancejio . Brilliant idea! @airtelindia  @VodafoneIN - time to copy a good idea! #coronavirus,Delhi,joy
2020-03-07,Namaste Ghaziabad an Awareness campaign against Coronavirus has been done by distributing masks pamphlets &amp;Sanitizers at MahagunMall Ghaziabad #PreventCoronaVirus #together_We_Can #CORONAVIRUS #NamasteGhaziabad #Swasthaghaziabad @narendramodi @dm_ghaziabad @drharshvardhan,Delhi,surprise
2020-03-07,Keeping in view the fear of corona virus  I think all the fixed wedding banquets must be cancelled in order to prevent mass gathering @Divcomkashmir @listenshahid @Junaid_Mattu @MayorofS @diprjk @dcpulwama @rifatabdullahh Health is wealth. Please issue advisory ,Delhi,surprise
2020-03-07,JUST IN: Newly elected Iranian MP dies from coronavirus.,Delhi,joy
2020-03-07,Coronavirus update  Iran: - 1 076 new cases today - 5 823 cases in total - 1 669 recovered - 145 deaths - 8% of parliament infected,Delhi,neutral
2020-03-07,JUST IN: Coronavirus quarantine hotel collapses in China  trapping 70 people.,Delhi,joy
2020-03-07,Currency notes and coins are the potential threat for spreading #CORONAVIRUS Please avoid them as much as possible and adopt #digital transfer of money through @Paytm   @NPCI_BHIM and other digital apps and join hands with @narendramodi to encourage and boost #cashless economy.,Delhi,sadness
2020-03-07,Collected from Google ( Whether it is Right Or Wrong ?) :People Are Claiming This 40-Year-Old Novel Allegedly Predicted The Coronavirus Outbreak In China,Delhi,joy
2020-03-07,Same approach is be used for coronavirus as was done at the time of article 370..#Kashmir,Delhi,joy
2020-03-07,#coronavirus #SundayThoughts The only solution to the corona virus… watch satsang on Sadhana Channel daily from 7:30 to 8:30 pm It is only 1 day to die… Corona virus or not… Why not do devotion… ,Delhi,neutral
2020-03-07,@HDFC_Bank I Think So Ur Server Is Infected With Coronavirus ,Delhi,neutral
2020-03-07,Govt Refuses To Relent  Begins Khelo India Winter Games In Kashmir Amid Coronavirus Scare ,Delhi,neutral
2020-03-07,Health minister of Tamil Nadu confirms first case of #Coronavirus in the state. ,Delhi,sadness
2020-03-07,Ironically Doctors are advising others to avoid gatherings but holding up their elections in such critical conditions. DMC elections should be postponed due to corona virus outbreak? When conferences are being cancelled/postponed? Daily new cases are being added @MoHFW_INDIA,Delhi,neutral
2020-03-07,Ironically Doctors are advising others to avoid gatherings but holding up their elections in such critical conditions. DMC elections should be postponed due to corona virus outbreak? When conferences are being cancelled/postponed? Daily new cases are being added to toll ,Delhi,neutral
2020-03-07,Precautionary steps coz of Coronavirus. ,Delhi,neutral
2020-03-07,NEW: Iran reports 1 076 new cases of coronavirus today and 21 new deaths. A total of 5 823 cases and 145 deaths.,Delhi,neutral
2020-03-07,India has put 150 people surveillance who wr found in contact with the American national found positive in Bhutan. The American was in India before moving to Bhutan. #coronavirus,Delhi,joy
2020-03-07,31 active cases of #coronavirus in India: Health Ministry https://twitter.com/sidhant/status/1236274749493276673,Delhi,neutral
2020-03-07,Impact of corona virus on the human society. #coronavirusindia,Delhi,neutral
2020-03-07,Cases of #coronavirus in Punjab: Samples under test ,Delhi,joy
2020-03-07,#coronavirus: 31 active cases of corona virus. 15 Indian &amp; 16 Italians tourists.,Delhi,neutral
2020-03-07,India now has 31 active cases of #coronavirus  overall number of people infected with virus are 34  with 3 being discharged. ,Delhi,neutral
2020-03-07,People in India suffering more with Rona Virus rather than Corona Virus.. #coronavirusinindia,Delhi,sadness
2020-03-07,Just In: India confirms 3 more cases of #coronavirus  2 in Ladakh  one in Tamil Nadu,Delhi,joy
2020-03-07,PM Shri @narendramodi reviewed the situation on Novel Coronavirus (COVID 19) and action taken so far by various Ministries today in New Delhi. http://nm-4.com/zga9,Delhi,joy
2020-03-07,@JioCare We have not enrolled for Corona Virus Hello Tune. Please stop this nonsense. Who gave Reliance Jio permission to change our Hello Tune without our consent??? Stop this right away.,Delhi,sadness
2020-03-07,@reliancejio We are not interested in Corona Virus Hello Tune. Please stop this nonsense right away. We have not enrolled for it. Who gave Reliance Jio permission??,Delhi,sadness
2020-03-07,China virus #coronavirus successfully spread to India also No worries guys  we have beaten swine flu years before vll beat #coronavirus as well as  we believe in our doctors that they vll fix this problem so be save whenever u go outside @aajtak @ArvindKejriwal @republic,Delhi,neutral
2020-03-07,PM Modi instructs offcials "to plan for early testing and evacuation of Indians from Iran.". He did this during morning review meeting regarding #coronavirus,Delhi,joy
2020-03-07,Hey @vishalgondal   Can you arrange for a class with them on #Goqii play . Lets fight #coronavirus together,Delhi,surprise
2020-03-07,So far  India has 32 confirmed #coronavirus cases - relatively low considering its size and location close to the epicenter. In reality  the count may be much higher but we wouldn't know because India's monitoring system is seriously flawed 1/ @joerwallen,Delhi,joy
2020-03-07,Abhi to I don't need any of these #coronavirus ,Delhi,neutral
2020-03-07,More signs #China wants to return to normal. Schools to start reopening next week. Qinghai province to stagger start dates from Mar 11 to 20. Guizhou province says schools to reopen Mar 16. (These areas very few cases of #coronavirus.) #CoronaAlert #CoronaIndia #China,Delhi,neutral
2020-03-07,Due coronavirus one person stopped roaming around the world any guess..,Delhi,neutral
2020-03-07,All mass gatherings to be deferred in Bhutan in view of #coronavirus fears: Bhutan Home Secretary ,Delhi,fear
2020-03-07,Big news! after all of us trend on Baaghi3 best action film Corona virus ki dr ke ftt gyi h Rukna nhi h tigerianssss Ronnieeeeeeeeeeeee i love u Baaghi3 best action film,Delhi,joy
2020-03-07,@reliancejio Pathetic customet service. There is an irritating caller tune which has been set for coronavirus without my permission. I had to put another caller tune to override. Reaching customer care is impossible.,Delhi,neutral
2020-03-07,Around 650 000 Passengers Screened At 30 Indian Airports Due To Coronavirus Outbreak https://indiainfrahub.com/2020/aviation/around-650000-passengers-screened-at-30-indian-airports-due-to-coronavirus-outbreak/#airlines #2019nCoV #civilaviation #Hardeepspuri #airports,Delhi,neutral
2020-03-07,Coronavirus is carnivorous,Delhi,neutral
2020-03-07,#JanJanTakJanAushadhi PM Modi’s appeal to people to stay away from rumours regarding Coronavirus https://www.youtube.com/watch?v=yboE9YdXw_I via NaMo App,Delhi,joy
2020-03-07,@moneycontrolcom There is no news live news of Coronavirus today. I think you publish news only during market hours to spread panic. @FI_InvestIndia,Delhi,neutral
2020-03-07,Still doctors have not reached to cure the #coronavirus  deaths ratio has reached so high still there is no solution for this virus  for how many days this drama will run may I know..? @ArvindKejriwal @Kokabalikhan @narendramodi,Delhi,sadness
2020-03-07, Problem of every Outstation Students:- -Parson Parent ne Call kr k kaha ki Bahar mat jana Dange ho rhe hain Delhi Mein -Kal Kah rhe the k Coronavirus Spread ho rha hai.. Bahar mat Jana #Out_station_Student_Delhi_University,Delhi,neutral
2020-03-07,The cases in here #Delhi are confirmed of #coronavirus and guess what when we most need the masks the prices are increased to the level that poor ones cannot buy. This is how it works here and it will spread more! @narendramodi @PMOIndia @ArvindKejriwal #CoronavirusReachesDelhi,Delhi,joy
2020-03-07,@redBus_in a platform where you book a good bus and get a piece of shit in return that was 2hrs late  broken floor and non AC.I booked a ticket worth 1300 &amp; I travelled in 300rs worth coach sharing my sleeper birth with some random passanger in such coronavirus situation.#comment,Delhi,neutral
2020-03-07,@drharshvardhan Sir On every Airport CISF staff are touching every Mobile Phone for Ticket checking. Last night I hv noticed on Bhubaneswar Airport. It should be stop.#COVID2019 #CoronaOutbreak #coronavirusindia #coronavirus @PMOIndia @MoHFW_INDIA @WHO @CISFHQrs @ANI @PTI_News,Delhi,sadness
2020-03-07,The new #AppEconomies  how the next generation technologies are going to change the B2B &amp; B2C engagement. Meditation  Entertainment and co-development ecosystem is what is paving the new internet highway  it would be interesting to see how the #coronavirus is going to fuel these! ,Delhi,sadness
2020-03-07,Don't panic  drink warm water and wash your hands. #DelhiRains #CoronavirusReachesDelhi #coronavirusindia #CoronaKoDhona #CoronaVirusUpdate #coronavirus – at Ashok Park Main Metro Station,Delhi,joy
2020-03-07,Let’s practice ourselves and motivate Our families  friends & communities to do so too! #ForEveryChild protection from #CoronaVirus ,Delhi,joy
2020-03-07,We were two weeks ahead of WHO in handling Coronavirus. The Indian government’s response has been immense  whatever could physically be done was done. We not only screen we have cctv footage of who is being screened  says @HardeepSPuri #ETGBS,Delhi,neutral
2020-03-07,When no vaccine to treat Corona virus has been developed then what the vaccine for flue will help us. ,Delhi,neutral
2020-03-07,@YESBANK kindly keep sanitizer at all your branches. Since ppl are rushing to get money out of their accounts  it is mandatory to be safe from corona virus!! #coronavirus #preventionisbetterthancure,Delhi,surprise
2020-03-07,Aaj ka gyan Jo sabko pata hai. I am solely responsible for all the posts. Kindly do not think i am okay. Yours Virus Sorry #vaibhav . #gyan #orange #apple #coronavirus #staysafe #stayhealthy #oranges #vitaminc… https://www.instagram.com/p/B9bEc3-Ajim/?igshid=12kvyluhl3d8q,Delhi,sadness
2020-03-07,Don't believe in rumours  consult your doctor: PM Modi's advise amid coronavirus scare https://www.oneindia.com/india/dont-believe-in-rumours-consult-your-doctor-pm-modis-advise-amid-coronavirus-scare-3046299.html?utm_source=article&amp;utm_medium=tweet-button&amp;utm_campaign=article-tweet #coronavirus via @oneindia,Delhi,neutral
2020-03-07,The entire world is today learning the tradition of namaste. There are very small things that can help in prevention from Coronavirus. Just take the basic measures and act according to the doc's advice: PM @narendramodi #JanJanTakJanAushadhi,Delhi,joy
2020-03-07,Coronavirus death toll China: 3070 Italy: 197 Iran: 124 South Korea: 44 US: 15 France: 9 Spain: 8 Japan: 6 Australia: 2 UK: 2 Hong Kong: 2 Iraq: 2 Switzerland: 1 Netherlands: 1 Thailand: 1 Taiwan: 1 San Marino: 1 Philippines: 1,Delhi,neutral
2020-03-07,@DrHVoffice @drharshvardhan Sir  i am seeing a number of videos on social media where pharmacists are taking advantage of the #coronavirus and selling items like masks  sanitizers above MRP. Is there some control on this?,Delhi,joy
2020-03-07,Fear kills more than virus. As we try to calm down  everyone can use some positivity. #Coronavirus: nine reasons to be reassured ,Delhi,sadness
2020-03-07,Respected @ArvindKejriwal @OfficialSdmc @gaur_bhavna Amid the fear of Coronavirus   the residents of Rz-29/B  Block A  Raja Puri  Matiala  are suffering from ills of choked drains from last 1 yr. Previous complaint number 20191055251  20191055290. Pls provide permanent soltn. ,Delhi,sadness
2020-03-07,Test reports of the 2 suspected patients from Jammu received.Both high viral load cases. High probability of testing positive #Coronavirus Both suspected cases kept in isolation at GMC Jammu  Stable.All protocols being followed @ABPNews,Delhi,neutral
2020-03-07,@HardeepSPuri @HardeepSPuri Sir in view of the Corona Virus scare I wanted to cancel my trip to SFO on the 20th. Mar by Air India in biz class  but find there is no waiver of cancellation charges. Can u pl look into this.i will then cancel after your revert. Regards,Delhi,sadness
2020-03-07,Just in: Iran plane carrying swab samples of stranded Indians lands in India; will take back Iranians stranded in India due to cancellation of flights between the 2 countries #Coronavirus,Delhi,joy
2020-03-07,2 deaths from #coronavirus in Florida  as reported,Delhi,neutral
2020-03-07,#Coronavirus is the best thing that could happen to me: • wife does not want to travel • She doesn't want to buy anything because everything comes from China. • She Does not go to the Mall for fear of being infected. • She Spend all day &amp; night with her mouth covered ,Delhi,sadness
2020-03-07,Tats great  #HajBhawan was so nicely built tat it can be used as hospital too  Rather than any gaushala.. But why not Gaushala? It’s said #coronavirus can be cured by cow dung ? #CoronavirusOutbreak #coronavirusinindia #CoronaVirusUpdate #UttarPradesh #India,Delhi,sadness
2020-03-07,Yet oil companies falling like nine pins why. Corona virus is not only a problem for India but fir the rest of the world too. Dow rcvrd 600 points from D lows. Yet sgx closed at days low. It suggests there is something wrong with our economy. D Govt is aware. Including yes bank ,Delhi,joy
2020-03-07,Our Media is constantly engaged in the job of misguiding people whether it’s related to Coronavirus or CAA- Shaheen Bag or Delhi riots  spreading Panic/Confusion &amp; chaos. No words to express annoyance!!,Delhi,sadness
2020-03-07,Hello! Sir..... R u listening? IN the era of coronavirus  a chunk of debris and flith-water alongwith road is inviting new diseases. All just happen in first rain @CommEDMC @BJP4Delhi @pwddelhi @SatyendarJain,Delhi,joy
2020-03-07,No it's not speeding like wildfire...India is taking too much steps regarding this...don't worry be safe and stay positive... remember: positive with thinking not corona virus ,Delhi,sadness
2020-03-07,New cases of coronavirus  March 6: Iran: +1 234 Italy: +778 South Korea: +309 France: +230 Germany: +195 China: +143 Spain: +119 Switzerland: +94 Belgium: +59 Japan: +56 UK: +48 Netherlands: +46 Sweden: +43 India: +31,Delhi,neutral
2020-03-07,First cases of coronavirus in the US today: - Hawaii - Kentucky - Oklahoma - Connecticut - Nebraska - Indiana - Minnesota - Pennsylvania - South Carolina,Delhi,sadness
2020-03-07,BREAKING: First case of coronavirus confirmed in Utah.,Delhi,sadness
2020-03-07,Called my father  this time caller tune was not just a Ring but it was all precautions briefly explaining to avoid #Coronavirus. Seems good approach to spread #Awareness by expert guided specialized caller tune on mobile phones. @airtelindia @reliancejio @JioCare @VodafoneIN @CNN,Delhi,sadness
2020-03-07,Bhutan confirmed the first COVID-19 case as an American tourist tested positive for the virus. In order to reduce the risk & vulnerability for further spreading of the virus within the country  the Govt has put a temporary restrictions on the tourist cmng to Bhutan. #CoronaVirus ,Delhi,sadness
2020-03-07,#COVIDー19: Pharma Companies airlift inputs to deal with supply disruptions #coronavirus ,Delhi,joy
2020-03-07,#coronavirus infections reached 6 digits today... More than 101 400 infections now. Tipping point approaches.,Delhi,neutral
2020-03-07,Corona virus to each other rn #2019nCoV #coronovirusindia,Delhi,neutral
2020-03-07,Is recovery from #Coronavirus in China fake? ,Delhi,neutral
2020-03-07,BREAKING: First case of coronavirus confirmed in Hawaii.,Delhi,sadness
2020-03-07,NEW: Delta flight passenger tested positive for coronavirus last week  but the person who sat next to her wasn't notified until Tuesday.,Delhi,sadness
2020-03-07,NEW: First case of community transmitted coronavirus confirmed in Arizona.,Delhi,joy
2020-03-07,BREAKING: First case of coronavirus confirmed in Connecticut,Delhi,sadness
2020-03-07,NEW: 21 passengers aboard cruise ship in California test positive for coronavirus. 19 are crew members.,Delhi,neutral
2020-03-07,#Coronavirus: Japan asks India to reconsider visa suspensions ,Delhi,joy
2020-03-07,Breaking on CMG Global Few news reports suggest that China was developing Coronavirus in Wuhan lab to initiate Biological warfare in some countries but it leaked and killed thousands in its own country @cmhglobal CMH global App from android and Apple stores,Delhi,anger
2020-03-07,Breaking on CMG Global 1. Global coronavirus cases cross 1 lakh figure. Delhi identifies third case. 2. Saudi Crown Prince detains three family members to avoid threat to his rule. 3. House of yes Bank founder Rana Kapoor searched by ED. @cmhglobal,Delhi,anger
2020-03-07,Just learnt about why virus outbreaks happen out of China and the risks of wildlife farming. Startled to witness that there's not enough noise on the global system to put an end to this practice. It's not a coincidence that money is again at the core of the problem. #coronavirus,Delhi,sadness
2020-03-07,#COVID2019 #COVIDー19 #COVID19 #CoronavirusReachesDelhi #CoronaVirusUpdate #COVID19india Eat plant. Stay safe. #DontBeAMurga,Delhi,joy
2020-03-07,@TrainlineTeam @thetrainline I'm a Indian resident and had plans to travel UK on 9th March but looking at the Corona virus increasing cases in UK  I am being advised not to travel. 593089394407 is booking ref number. Can you please help with refund on advance tickets? #COVID19,Delhi,sadness
2020-03-07,Pathogenesis of #COVID19 &amp; #H5N1 #BirdFlu has to be connected. Outbreaks are emerging consecutively. Meat nd eggs carry deadly pathogens. Govt wont encourage precaution because that wld outrage the industry. Your life is on your plate. Choose wisely.,Delhi,joy
2020-03-07,Be Kind & support one another during #COVID19 #CoronaVirusChallenge #WHO #coronavirusinindia #CoronavirusInSA,Delhi,neutral
2020-03-07,Proud to be a partner with WHO  MoH  IAP  IMA  CDC  & many others in the mission to train health professionals in effectively preventing & controlling infections! #COVID19 #SwasthaBharat #HealthForAll #CoronaOutbreak,Delhi,neutral
2020-03-07,“Affirmations: "I love & respect my mind  body  spirit." & "I do what best nurtures all parts of myself." & "I thrive on wholeness." Namaste!” #coronavirusinindia #covid19 #Namaste,Delhi,joy
2020-03-07,#Covid19 impact: Financing rounds beginning to slow down  supply chains are getting impacted: @RajanAnandan at #ETGBS @Sequoia_India,Delhi,surprise
2020-03-07,@drharshvardhan @MoHFW_INDIA @HardeepSPuri @MoCA_GoI @PMOIndia @tourismgoi @IATODELHI covid19 fear is gripping Tourism Sector. Good decision to screen all international flight but unfortunately not 100% screening is done by health officials. We are at RISK.,Delhi,sadness
2020-03-07,Confirmed COVID19 cases in the Region India 31 Afghanistan 1 Bahrain 56 Egypt 15 IR Iran 4747 incl 124 deaths Iraq 38 incl 2 deaths Jordan 1 Kuwait 58 Lebanon 16 Morocco 2 Oman 16 OPT 7 Pakistan 6 Qatar 11 Tunisia 1 KSA 5 UAE 29,Delhi,neutral
2020-03-07,A friend just landed in Delhi from Jo’burg and sent me these pictures of the ‘screening’ process for #COVID19 at T3. Told me that if he didn’t have the virus already  he is pretty sure he has it after this ‘chaotic and crowded’ process! ,Delhi,joy
2020-03-07,#coronavirus try to enter in my body   Meanwhile काढ़ा which is prepared by my mom: ,Jaipur,joy
2020-03-07,EXTREMELY IMPORTANT INFORMATION ABOUT CORONA VIRUS ,Jaipur,neutral
2020-03-07,#corona #coronaVirus We are ready and fullfil all check list before delivering to the customer !! Support with #3M #VohiSharmajiKaLadka @Vohi Sharmaji Ka Ladka https://www.instagram.com/p/B9bGrd0hkIg/?igshid=1b7euooawa65g,Jaipur,anger
2020-03-07,The strain of the recent outbreak #Coronavirus originated in the Wuhan province of #China. Coronavirus can affect people and animals  causing disease ranging from the cold to severe infections. Here is all about the… https://www.instagram.com/p/B9aZDoMH8Ny/?igshid=54gqxy12gaqc,Jaipur,joy
2020-03-07,#coronavirus will subside by march end but for me the damage is done. Buisness loss is unparalleled With #markets down #economy slow unemployment rising #YesBankfailing there seems no hope What's in the future ?? Try N #staypositive #Becalm #peace #LookUp #COVIDー19,Chennai,joy
2020-03-07,When is this Coronavirus thing gonna end man I wanna travel again peacefully,Chennai,joy
2020-03-07,#coronavirusindia Novel Coronavirus spread can be stopped. Cover your mouth properly while coughing &amp; sneezing. Wash hands with soap frequently. Avoid touching your eyes  nose &amp; mouth. Avoid close contact with anyone with cough fever or difficulty in breathing,Chennai,sadness
2020-03-07,The Coronavirus Is Much Worse Than You Think | Psychology Today ,Chennai,sadness
2020-03-07,#India #NIV has finally shared two whole genome sequence data of the novel #coronavirus (SARS-CoV-2) with the Global Initiative on Sharing All Influenza Data (#GISAID). #COVID19 #CoronaVirusUpdate,Chennai,neutral
2020-03-07,@narendramodi @nitin_gadkari @drharshvardhan while the media has sensationalized the Coronavirus beyond proportion creating panic among people however Wish they sensitize the deaths which happens due to road accidents.,Chennai,fear
2020-03-07,Corona entered Tamilnadu. One patient from Oman is admitted in RGGH Chennai with corona positive. #coronavirusinindia #CoronaAlert #COVID19india #WorldHealthOrganization #coronavirus,Chennai,neutral
2020-03-07,#BREAKING : TN reports 1st #coronavirus case in Chennai.. ,Chennai,neutral
2020-03-07,#Apple asks Silicon Valley employees to work from home while the #coronavirus spreads https://vanakkamtamila.in/apple-asks-silicon-valley-employees-to-work-from-home-while-the-coronavirus-spreads/ #CoronavirusUSA,Chennai,joy
2020-03-07,Coronavirus cases in India now at 33 as Punjab reports two positive cases ,Chennai,neutral
2020-03-07,Corona virus mostly spreads thorugh saliva and my main work is with saliva so should I also stop going to hospital 3layered masks prices shooted very badly only they are earning because of this ,Chennai,joy
2020-03-07,#Baaghi3 opens huge at 17.5 crores. Becomes the highest opener of 2020 despite non holiday  coronavirus and ongoing exams. #SajidNadiadwala @iTIGERSHROFF @NGEMovies @ShraddhaKapoor @WardaNadiadwala @foxstarhindi,Chennai,neutral
2020-03-07,Coronavirus confirmed in two attendees at US pro-Israel summit,Chennai,neutral
2020-03-07,@SavlonIndia has a wonderful product for the people on the move  it's a Pen Sanitizer Spray which will defend the #CoronaVirus – at Madras High Court,Chennai,surprise
2020-03-07,நெல்லிக்காய் ரசம் | Village Style Nellikai Rasam | Amla Rasam | Healthy Gooseberry Rasam https://youtu.be/ZpgJ5IZiY3k #Jhansi'sKitchen #நெல்லிக்காய்ரசம் #VillageStyleNellikaiRasam #AmlaRasam #HealthyGooseberryRasam #ImmuneBooster #COVID19 #CoronaVirus #CoronaVirusImmuneBooster,Chennai,neutral
2020-03-07,1st case of #COVID19 in Chennai ,Chennai,neutral
2020-03-07,#India #NIV has finally shared two whole genome sequence data of the novel #coronavirus (SARS-CoV-2) with the Global Initiative on Sharing All Influenza Data (#GISAID). #COVID19 #CoronaVirusUpdate,Chennai,neutral
2020-03-07,#Latest: 3 more #COVID19 cases confirmed in #India (2 in Ladakh and 1 in TN). Total count reached 34. #CoronavirusOutbreak #coronavirusindia,Chennai,anger
2020-03-07,Useful resource #COVID19 ,Chennai,neutral
2020-03-07,Hope @drharshvardhan @PMOIndia will notify authorities to control mass gatherings to prevent outbreak of #COVID19india #COVID19 #coronavirusinindia. This is a season where many states have CAR festivals and huge gatherings take place.,Chennai,sadness
2020-03-07,நெல்லிக்காய் ரசம் | Village Style Nellikai Rasam | Amla Rasam | Healthy Gooseberry Rasam https://youtu.be/ZpgJ5IZiY3k #Jhansi'sKitchen #நெல்லிக்காய்ரசம் #VillageStyleNellikaiRasam #AmlaRasam #HealthyGooseberryRasam #ImmuneBooster #COVID19 #CoronaVirus #CoronaVirusImmuneBooster,Chennai,neutral
2020-03-07,Sure  with your bank balance no virus is a virus #ElonMusk #Coronavirus ,Kolkata,neutral
2020-03-07,Gabriel Garcia Marquez wrote 'Love in the Time of Cholera.' Had he been alive and seen this  he would have penned 'Love in the Time of Coronavirus'. Haha.,Kolkata,joy
2020-03-07,So we know how to dodge corona virus now?! ,Kolkata,sadness
2020-03-07,76 people are carrying Covid19 in New York .The governor of New York declares state of emergency over coronavirus outbreak .17 people have died in the US from covid19. 5900 people in Italy are now carrying covid19. 233 people in Italy have died from covi19 ,Kolkata,sadness
2020-03-07,There is a highly trained MI6 operative in India who is conducting the biological ware fare in India.Unless we trace and neutralise him corona virus cases will grow unabated.He was authorised by Queen Elizabeth to spread as much as possible.He is planning to kill all of us.,Kolkata,surprise
2020-03-07,Modi can test veracity of my intelligence by spraying corona virus on Rahul Gandhi.,Kolkata,neutral
2020-03-07,Rahul Gandhi May never contact the coronavirus.Because he is the select few who got the anti dote to his recent visit to Italy.Coronavirus is a deep conspiracy of British-American empire to control and subdue other countries who do not follow their dictat.,Kolkata,neutral
2020-03-07,This corona virus has given me another reason to cancel all my plans ,Kolkata,neutral
2020-03-07,Corona virus was probably reached Kolkata but is still searching for a place to stay..,Kolkata,anger
2020-03-07,Coronavirus Outbreak LIVE Updates: Hotel used to quarantine patients collapses in China's Quanzhou; 70 feared trapped ,Kolkata,fear
2020-03-07,Corona virus shunted me to be the Non Resident Indian PM. ,Kolkata,neutral
2020-03-07,#icsi join hands together to fight #coronavirus nothing can stop the seminar and getting pch hours #cs #fightCoronavirus – at icsi  cs Institute,Kolkata,neutral
2020-03-07,Due to Corona virus  one Dude stopped roaming around the world. Guess who?,Kolkata,neutral
2020-03-07,Do we have enough stock of cow shit and cowpiss to fight this virus ? "Coronavirus cases in India now at 33 as Punjab reports two positive cases" ,Kolkata,neutral
2020-03-07,As our dear boys are on their world tour they are roaming different countries . The spread of Corona Virus ( CODVID 19 ) has become a major factor of safety . So please don't let them take any risk ....... #btsbesafe,Kolkata,joy
2020-03-07,I'm not afraid of the Corona virus. I'm afraid of religion. #Atheist_republic_India thelogicalatheist_1618 india_natheist atheistrepublic atheistactivist _atheist_ atheist795 irish_atheist_ @Kolkata https://www.instagram.com/p/B9bgjHcAFeR/?igshid=1038fiw0mubqa,Kolkata,neutral
2020-03-07,Was he moved because Jan Aushadhi said eat cow shit drink cow piss to cure Corona virus. ? Just asking. NDTV News: Watch: PM Modi Moved By Message From Janaushadhi Kendra Beneficiary. https://www.ndtv.com/india-news/pm-modi-on-jan-aushadi-kendra-watch-pm-modi-moved-by-message-from-jan-aushadi-kendra-beneficiary-2191443 via @GoogleNews,Kolkata,joy
2020-03-07,Govt has changed Hello Tunes of Jio and BSNL users to a man coughing and a message on Coronavirus  I would still prefer efficient screening of travellers instead of this as a measure.,Kolkata,joy
2020-03-07,Nadakkatte. Onnum avan povunnilla. The whole Corona virus is like a Fair and Lovely whitening cream campaign. Cool.,Kolkata,neutral
2020-03-07,Please do a pushback against cowdung and cowpiss therapists too who claim they have breakthrough treatment for Corona virus. Even if you lose some votes. Thank you ,Kolkata,sadness
2020-03-07,The last Dream Cruise trip before Covid-19 Corona Virus infected Cruises around the world. #cruiseships #cruises #CoronaCrisis #coronavirusinindia #coronacruise,Kolkata,joy
2020-03-07,With coronavirus threatening to run riot in India  here's how you can keep yourself safe from the scourge. As of now  a vaccine has not been formulated for coronavirus COVID-19. In light of this fact  prevention appears to be the best cure available.#keepsafe from #coronavirus ,Kolkata,sadness
2020-03-07,It's really good to observe that maximum people are concerned about the #CoronaVirus &amp; Using nose masks at Kolkata airport.,Kolkata,sadness
2020-03-07,76 people are carrying Covid19 in New York .The governor of New York declares state of emergency over coronavirus outbreak .17 people have died in the US from covid19. 5900 people in Italy are now carrying covid19. 233 people in Italy have died from covi19 ,Kolkata,sadness
2020-03-07,More than 300 people are carrying covid19 in the US. More than 5000 people in Italy have caught Covid19. More than 3200 people have died &amp; 100 000 people are currently accompanying covid19. covid19 might destroy global economy .We don't know when can we stop talking Covid19.,Kolkata,sadness
2020-03-07,No Viruses can survive temperature beyond 24 degrees  but those already infected COVID19 r vulnerable &amp; be quarantined. Sea food mustn't be taken  &amp; don't get panicked. ,Kolkata,fear
2020-03-07,Covid19 has pushed back admissions of Chinese students in different universities of UK. It seems everyone is tagged with a death threat from covid19. ,Kolkata,surprise
2020-03-07,14 people have died from covid19 so far in the US. Covid19 has do far claimed lives of 3400 people &amp; infected 100 000 people globally. To run away from Covid19  we are closing schools colleges offices shops  sporting events  postponing meetings etc. ,Kolkata,joy
2020-03-07,We can We will Fight Corona Virus. Make the world a better place without #Coronavirus; The New Fight - Humanity against Corona virus; were some of the messages given by students of ISBS during the Corona virus awareness drive undertaken by the CSR committee. ,Pune,joy
2020-03-07,After seeing all the spread and growing numbers about #coronavirus it is appreciable that #coronavirusinindia numbers are still in control specially the epicentre is at our neighbour country #China. Thanks to @narendramodi and @AmitShah for quick &amp; appropriate action.,Pune,joy
2020-03-07,@IndiGo6E How insensitive are you folks  it's appalling indeed. While the organisations across the globe are issuing advisories to their staff about keeping safe against coronavirus  you have been totally ignorant about the whole matter by not even issuing masks to your crew !!!!,Pune,neutral
2020-03-07,I request #RohitShetty &amp; Super Star @akshaykumar not release #Sooryavanshi on 24-03-20 if #coronavirus problem not solved #Baaghi3 ko Bahut he nuksan ho Raha ha Age AAP ke margi family theater me Jane Se dar Rahi hai today condition postpone plz,Pune,neutral
2020-03-07,Play safe. Think twice before opening account with #cheters like @zerodhaonline . #Fraudster They will not pickup phone nor would ever respond on time. #fraudster. #coronavirus #YesBank #YesBankScam #Delhi #BJP @CNBCTV18Live,Pune,sadness
2020-03-07,save world #coronavirus ,Pune,neutral
2020-03-07,“No-Handshake  only Namaste” policy has been implemented at our office... a good policy which every office should follow to prevent any spread of infection... #Namaste #CONVID19 #coronavirus #healthcare @timesofindia @ndtvindia #nohandshakeonlynamaste @etimes,Pune,sadness
2020-03-07,Sometimes u got to read something very deep on current situation . . . #YesBankCollapse #IndiaRejectsUN #coronavirus ,Pune,surprise
2020-03-07,The global death toll of #coronavirus could reach 1.5 crore even in best case senario says a new study; global #economy to hit a loss of $2.3 trillion. http://www.esakal.com #Sakal #SakalNews #viral #ViralNews #SakalMedia #news #Corona #CoronavirusOutbreak #CoronaAlert,Pune,sadness
2020-03-07,Guess she has taken this #washyourhands thing quite seriously with #coronavirus rising up and spreading across and the #festivalofcolors in a few days. You should see the way she has started washing her hands taking… https://www.instagram.com/p/B9aqVL6F6F-/?igshid=z15req0alabq,Pune,joy
2020-03-07,Panic is always dumb  but public #awareness is GOOD!!! Happy to notice that @JioCare is playing pre-recorded caller tune to spread safety &amp; preventive measures to control #COVID19 #coronavirusinindia Hope @Idea @airtelindia &amp; others too play same tune in public interest,Pune,sadness
2020-03-07,Due to #Coronovirus (#COVID19) all TCP applications are being converted to UDP to avoid Handshakes. #WhatsappForward,Pune,neutral
2020-03-07,Who would like to see this @BJP4India #MLA @TigerRajaSingh who does not know how to pronounciate the word #CoronaVirus  And was saying #Koranaviral  Every time he changes the wording pronounciate. Seriously call it a Namuna or a key toy  but a great time pass for laughing.,Hyderabad,sadness
2020-03-07,1 follower = #coronavirus patient recover plz RT gain your followers Reply me I will follow back quick,Hyderabad,neutral
2020-03-07,Wth why all caller tunes are of corona virus @reliancejio @airtelindia @Idea,Hyderabad,neutral
2020-03-07,(2/2) and gobar could be used to treat corona virus'. If only China would've known it  more than 3000 deaths could've been prevented. #coronavirus #coronavirusindia #Corona #CoronavirusReachesDelhi #BJPLeDoobi #BJPBurningIndia Read more at:,Hyderabad,sadness
2020-03-07,NDTV News: 2 Test Positive For Coronavirus At US Conference Attended By Mike Pence. https://www.ndtv.com/world-news/coronavirus-outbreak-2-test-positive-for-coronavirus-at-united-states-conference-attended-by-vice-pr-2191393 via @GoogleNews,Hyderabad,neutral
2020-03-07,One colleague of #coronavirus positive case in #Telangana found symptomatic https://www.aninews.inundefined,Hyderabad,surprise
2020-03-07,Scary The Siasat Daily: Coronavirus: Study predicts 15 million deaths  economic disaster. https://www.siasat.com/coronavirus-study-predicts-15-million-deaths-economic-disaster-1848891/ via @GoogleNews,Hyderabad,neutral
2020-03-07,The News Minute: Tamil Nadu reports first case of coronavirus  patient hospitalised in Chennai. https://www.thenewsminute.com/article/tamil-nadu-reports-first-case-coronavirus-patient-hospitalised-chennai-119733 via @GoogleNews,Hyderabad,sadness
2020-03-07,No case of #coronavirus in #AndhraPradesh  says State Health Minister https://www.aninews.inundefined,Hyderabad,neutral
2020-03-07,*"I DIDN'T HAVE MY BIRTH CERTIFICATE" TELANGANA CM K. CHANDRA SHEKHAR RAO.* https://youtu.be/POqDVWEQQr0 #Yes_Bank #AlokVermaExposed #AuratMarch #coronavirus #coronvirusuk #WomensDay2020 #Master #TelanganaAssembly #TelanganaBudgetSession2020 #KCR #birthday #birthcertification #citi,Hyderabad,surprise
2020-03-07,Business Insider: How to use Apple Pay and Google Pay to avoid coronavirus - Business Insider. https://www.businessinsider.com/use-apple-pay-google-pay-avoid-coronavirus-2020-3 via @GoogleNews,Hyderabad,neutral
2020-03-07,Economic Times: Can we get a vaccine early? How the rich are preparing for coronavirus. https://economictimes.indiatimes.com/magazines/panache/can-we-get-a-vaccine-early-how-the-rich-are-preparing-for-coronavirus/articleshow/74527603.cms? via @GoogleNews,Hyderabad,neutral
2020-03-07,Eat beef and build immunity against Corona virus.,Hyderabad,neutral
2020-03-07,With #coronavirus panic  Bengali parents are at the peak of “Eta corona  seta corona”,Hyderabad,fear
2020-03-07,Be Safe from #coronavirus infection,Hyderabad,joy
2020-03-07,MetroRail security staff should be authorised to stop Ppl with dry cough   any High Fever - shud give Masks- since #coronavirus if starts spread in crowded areas  Situation will be unimaginable - Need2 setup Mobile Handwash Rooms  Toilets by converting old buses @md_hmrl,Hyderabad,joy
2020-03-07,Get #coronavirus free ,Hyderabad,neutral
2020-03-07,is coronavirus attacks only to the mases? why it is not attacks to politicans?,Hyderabad,neutral
2020-03-07,Union Health Minister Shri @drharshvardhan praised the Telangana government's efforts to control the corona virus. #CoronaVirus #COVID19 @DrRanjithReddy @KTRTRS @Eatala_Rajender @GandhiArekapudi @trspartyonline @trsinnews,Hyderabad,neutral
2020-03-07,"Coronavirus: More countries report their first confirmed cases" #Coronavirus ,Hyderabad,sadness
2020-03-07,Every Corona is not a Virus #coronavirus #coronavirusindia #nako_corona_please hahahhaha @corona,Hyderabad,neutral
2020-03-07,@hvgoenka a new issue cropping up #coronavirus ,Hyderabad,neutral
2020-03-07,Corona Virus Diagnosis and Medical Certificate provided for all those who need to submit it to their Employer. ,Hyderabad,neutral
2020-03-07,Seven Surprising #Economic Upsides To #Coronavirus ,Hyderabad,neutral
2020-03-07,Times of India: Trump signs $8.3bn bill to combat coronavirus outbreak in US. https://timesofindia.indiatimes.com/world/us/trump-signs-8-3bn-bill-to-combat-coronavirus-outbreak-in-us/articleshow/74516012.cms via @GoogleNews,Hyderabad,neutral
2020-03-07,#Baghi3 #Suryavanshi #BollywoodHungama #Tollywood #mollywood #Kollywood #Hollywood be careful avoid crowded places ypu can always enjoy #movies some other time #healthcare important #coronavirus #COVIDー19,Hyderabad,joy
2020-03-07,Deccan Chronicle: Colleague of Hyderabad’s Covid19 patient found to be symptomatic. https://www.deccanchronicle.com/nation/current-affairs/070320/colleague-of-hyderabads-covid19-patient-found-to-be-symptomatic.html via @GoogleNews,Hyderabad,surprise
2020-03-07,Whatever be the name Javed Sahab should be silent in view of Covid19 spreading through droplets ,Hyderabad,neutral
2020-03-07,Since nobody is diognized with COVID19 in TS so far   better NOT to panic .,Hyderabad,neutral
2020-03-07,Union Health Minister Shri @drharshvardhan praised the Telangana government's efforts to control the corona virus. #CoronaVirus #COVID19 @DrRanjithReddy @KTRTRS @Eatala_Rajender @GandhiArekapudi @trspartyonline @trsinnews,Hyderabad,neutral
2020-03-07,As of now there is no proper conclusion regarding #COVID19 But rumours r spreading tat it’s from Chicken meat &amp; above 27*C Covid will die  Dei any meat cook with 65*C to 75*C or above of it. Apram epdi daa it’s affecting human being by eating of meat???#Nonvegetarian !!,Hyderabad,sadness
2020-03-07,BECAUSE OF SUCH HATRED AND VIOLATIONS OF NATURAL JUSTICE GOD HAS SENT CORONA VIRUS. PEOPLE FORGET THIS.,Bangalore,neutral
2020-03-07,What countries have been affected by the novel coronavirus known as COVID-19? How many cases are there in China? https://infographics.channelnewsasia.com/covid-19/map.html via @ChannelNewsAsia,Bangalore,sadness
2020-03-07,My current favourite...Drop yours!!! #handsanitizer #coronavirusindia #coronavirus #CoronaVirusChallenge #Coronavid19 Kudos to you @3M  @3MDesign !!! #3M #Avagard,Bangalore,neutral
2020-03-07,You know what kind of precautions should be taken . #coronavirusindia #coronavirus ,Bangalore,sadness
2020-03-07,Fascinating material Solar paint Turning a building into power station It will be Revolutionary architectural material  will change the whole architectural feature for future Should be made mandatory for all future buildings Technology should spread like corona virus ,Bangalore,sadness
2020-03-07,9thMarch2020 1130 at Townhall  #BBMP team has called for a meeting with RWAs Public has been invited for a meeting on #coronavirus awareness &amp; prevention. It is expected to have all Sr Health officials. Pls use the opportunity. @BBMPCOMM @BBMP_MAYOR @BPACofficial @ArvindLBJP – at New U Fitness Gym,Bangalore,joy
2020-03-07,#nohandshake . . #btsport Liverpool walk straight past the Bournemouth players with pre-game handshakes suspended #coronavirus . ,Bangalore,neutral
2020-03-07,Coronavirus: Medical students deputed for surveillance activities at the airport and hospitals in #Karnataka @IndianExpress Read: https://bit.ly/3cE94oG,Bangalore,neutral
2020-03-07,The default #coronavirus caller tune set by @reliancejio is scary. Please give us an option to disable it.,Bangalore,fear
2020-03-07,Okay so @peakbengaluru moment again with the recent #CoronaVirus scenes ,Bangalore,anger
2020-03-07,@IndiGo6E I have booking from Jaipur to BANGALORE on 11th March 2020 with infant. Due to coronavirus my family wants to postpone the journey. Can I do it without rescheduling charges? Please reply.,Bangalore,joy
2020-03-07,Whoever tf gave the idea to telecom companies to make a caller tune starting with a person coughing followed by #coronavirus advice  ARE YOU MAD? I called my friend who I met today morning  got a mini heart attack with that caller tune @drharshvardhan look for alternatives!,Bangalore,surprise
2020-03-07,Political virus is more dangerous than corona virus. Be careful about the first one Sir,Bangalore,sadness
2020-03-07,Never mind China  look to the US for the next big coronavirus crisis ,Bangalore,joy
2020-03-07,@narendramodi also teach us how to get rid of you along with corona virus ,Bangalore,surprise
2020-03-07,@MoHFW_INDIA @PMOIndia @drharshvardhan thank you for awareness about prevention of Coronavirus as caller tune; its so for better if it in it’s respective states local language.,Bangalore,joy
2020-03-07,Best Buy for #HDFCAMC : ~ 2900 /2700  tgt could be ~3800++ Once this CoronaVirus story gets over   recent fall in this bcz of YES bank story . Will add money here in small qty in each drop ,Bangalore,surprise
2020-03-07,Repost by _reposta ——— Hosachiguru is aware about the Coronavirus break out and we are taking necessary steps to ensure safety at the Eco-Friendly Celebrations tomorrow at Hosachiguru Bristlecone  presented by… https://www.instagram.com/p/B9boaSGJL_4/?igshid=hr2pzfqlys44,Bangalore,joy
2020-03-07,They are not aware .. the plastic mask / face shroud will kill them more than CORONAVIRUS.,Bangalore,joy
2020-03-07,Suspected case of #Corona virus in #Bongaigaon Assam has been come out negative result today after being tested.#CONVID19 #coronavirusindia #CoronaVirusUpdate #coronavirusassam,Bangalore,surprise
2020-03-07,The eyes darkness. Author mentioned about disease earlier in 19's about CoronaVirus #coronavirusindia #Coronavirus #CoronaVirusUpdate https://instagram.com/stories/nomadnik_/2259497130426503148?utm_source=ig_story_item_share&amp;igshid=1n22ivd62jge0,Bangalore,sadness
2020-03-07,@RCBTweets trying to download app since last 30 mins but unable to from play store. Hope there's no Corona Virus effects??? #HallaBol #ESallaAlsoCoffeeCupNimage,Bangalore,sadness
2020-03-07,Please don't promote playing holi in groups while ongoing coronavirus outbreak.,Bangalore,joy
2020-03-07,As per the advisories  mass gatherings of any form is not advisable amid the #CoronaVirus situation. Quick question - Is #IPL2020 on?? #IPL #BCCI,Bangalore,neutral
2020-03-07,Just one case of Corona Virus in India and people are crazy for masks!! Daily 400 people die in road crashes and still no craze for Helmets ,Bangalore,neutral
2020-03-07,An Intel employee  who has been under observation after his roommate in Bengaluru tested positive for coronavirus infection on March 2  is likely to be removed from the observation list on Friday after showing no signs of infection. @IndianExpress Read: https://bit.ly/38rFQGx,Bangalore,neutral
2020-03-07,For the outgoing calls  Mobile companies have started putting an awareness Mesage about #CoronaVirus. Good Initiative  but don't want to hear the 20 seconds message for every outgoing call. #Airtel,Bangalore,joy
2020-03-07,What if the #PremierLeague is cancelled due to #CoronaVirus ,Bangalore,neutral
2020-03-07,Appreciate the gesture onlymuchlouder unfortunate it’s cancelled because of the Coronavirus impact #iphotography #shobology #onlyinindia #comedyfestival #coolinvite #retro @echogunjan @Bangalore  India https://www.instagram.com/p/B9aiFU8lTWr/?igshid=qljx9oqqko1o,Bangalore,neutral
2020-03-07,The world is in the fear of #corona virus. We Indians are scattered from our #spritual #knowledge and became servants of western medicines. #SaturdayThoughts #SaturdayMotivation Let #CelebrateHoliInVedicStyle by burning desi cow kande and destroying #coronavirus #CoronaAlert – at Sant Shri Asharam Ji Ashram,Bangalore,neutral
2020-03-07,The 2019 novel Coronavirus outbreak was mainly introduced in China which has expanded globally hitting in countries in large numbers. It is increasing intensely in China every consecutive day. ,Bangalore,neutral
2020-03-07,#covid19 victim ,Bangalore,neutral
2020-03-07,4 out of 5 community meetups got cancelled this weekend due to #COVID19. #DataFolks is the only #community who took their chances &amp; went home successful. I know it's risky and we made sure all precautions were taken because life goes on &amp; so do we. Stay safe. Happy weekend!,Bangalore,neutral
2020-03-07,@JontyRhodes8 u r nt scared of #covid19 since u travel a lot ?,Bangalore,fear
2020-03-07,Due to #Coronovirus #COVID19 all TCP applications have to be converted to UDP to avoid Handshakes. (Copied) #2019nCoV #coronavirusinindia #Corona,Bangalore,neutral
2020-03-07,Was at a local shopping mall today. Literally  it was like another weekend afternoon. Folks shopping  eating  watching movies. No #COVID19 scare whatsoever!!,Bangalore,sadness
2020-03-07,#COVID19 @WHO warns shortage of PPE may endanger healthcare workers worldwide. If YOU are not symptomatic (cough  cold  breathing issues) YOU Do Not Need a Mask.,Bangalore,neutral
2020-03-07,Powerful statement by Mr. Shah. Please have a look people #CoronavirusOutbreak @CoronaVid19 #CoronaOutbreak #COVIDー19 #COVID19 Don't spread false information and don't worry be alert and be strong. ,Bangalore,joy
2020-03-07,*******Stop Non Veg foods ******* Latest News : Infia is 100% safe from CORONA VIRUS DUE TO 120%Vegetarian ( BJP) ppl n 10% Non-Veg (CONG)ppl. ,Ahmedabad,joy
2020-03-07,*******Stop Non Veg foods ******* Latest News : Infia is 100% safe from CORONA VIRUS DUE TO 120%Vegetarian ppl n 10% Non-Veg ,Ahmedabad,joy
2020-03-07,*******Stop Non Veg foods ******* Latest News : Infia is 100% safe from CORONA VIRUS DUE TO 120%Vegetarian ( BJP) ppl n 10% Non-Veg (CONG)ppl. ,Ahmedabad,joy
2020-03-07,@MoHFW_INDIA *******Stop Non Veg foods ******* Latest News : Infia is 100% safe from CORONA VIRUS DUE TO 120%Vegetarian ( BJP) ppl n 10% Non-Veg (CONG)ppl.,Ahmedabad,joy
2020-03-07,*******Stop Non Veg foods ******* Latest News : Infia is 100% safe from CORONA VIRUS DUE TO 120%Vegetarian ( BJP) ppl n 10% Non-Veg (CONG)ppl. ,Ahmedabad,joy
2020-03-07,*******Stop Non Veg foods ******* Latest News : Infia is 100% safe from CORONA VIRUS DUE TO 120%Vegetarian ( BJP) ppl n 10% Non-Veg (CONG)ppl. ,Ahmedabad,joy
2020-03-07,If you have following symptoms 1. Headache 2. Body ache 3. Poor eyesight 4. Difficulty in breathing 5. High temperature 6. Always out of mind 7. Difficulty in sleeping 8. Most of the time in shock 9. Feeling dizzy This is not CORONA VIRUS These are symptoms of Married life,Ahmedabad,sadness
2020-03-07,Proactively  our HR dept has made the compulsory in the office to protect the safety interest of the office staff. #COVIDー19 #COVID19india #coronavirus ,Ahmedabad,anger
2020-03-07,I dnt think there can be a better antidote flr coronavirus then a wife shouting on husband . #marriedpeople,Ahmedabad,joy
2020-03-07,"Coronavirus: More countries report their first confirmed cases" #Coronavirus #COVIDー19 #coronavirusinindia,Ahmedabad,sadness
2020-03-07,Coronavirus: More countries report their first confirmed cases #Coronavirus ,Ahmedabad,sadness
2020-03-07,"COVID-19" A name day to day going to become dangerous across the world. What is it? How it spreads? Which types of other viruses are in the world ? What's impact of corona on India ? Know everything by my blog. https://samarticles2022.blogspot.com/2020/03/lets-beat-together-deadly-corona.html #coronavirusinindia #COVID19 @WHO,Ahmedabad,sadness
2020-03-07,No offence but Coronavirus is paving way for OCD to wash hands every hour of the day and I'm afraid.,Visakhapatnam,neutral
2020-03-07,Your comment is incompetent. I traveled with the Corona virus being out there from America to Kerala. Simply that.,Tirupati,joy
2020-03-07,You sound incompetent. The Corona virus is out there and I was traveling in the midst of it. That’s exactly what my title says. I was traveling with the Corona Virus and I went from America to Kerala. Periodt.,Tirupati,joy
2020-03-07,Coronavirus(Covid-19) sensitisation and prevention program conducted at Tirupati Airport in the presence of Hon'ble MP of Tirupati constituency Shri B Durga Prasad with the help of Chittoor DM&amp;HO unit. Awareness pamphlets were distributed. @collectorctr @MoCA_GoI @AAI_Official,Tirupati,surprise
