Tweet Posted Time (UTC),Tweet Content,Tweet Location,Emotion
2020-03-03,Novel Coronavirus - This Singapore News channel has setup a live count n keeps changing as and when it gets updated. #coronavirus Zoom n dis will give u an idea where de virus is spreading on daily basis and help you to plan your travel around the world. https://infographics.channelnewsasia.com/wuhan/gmap.html,Goa,surprise
2020-03-03,Next month's Coles recipe book  "How to feed your family with those 20 packs of toilet paper you bought" #australia #coronavirus,Goa,neutral
2020-03-03,"Quit Playing The Clown": Rahul Gandhi Slams PM Over Coronavirus Response - NDTV ,Goa,joy
2020-03-03,PA: Sir  our MLA from Assam says that Gaumutra  gobar may cure coronavirus. It’s all over social media. PM: I am going off social media with effect from Sunday ले रखी है इन लोगों ने । #ModiJi #ModiQuitsSocialMedia #ModiLeavingTwitter,Goa,anger
2020-03-03,Corona virus to NIDA : Everybody needs just a little love  lots of hope and unshakable faith.,Punjab,joy
2020-03-03,how coronavirus is traveling all over the world any body help me pls,Punjab,joy
2020-03-03,German Chancellor met today on the Corona virus threat. #CoronaOutbreak #CoronaVirusUpdate #germanchancellor,Punjab,joy
2020-03-03,Corona virus precautionary measures when you don’t have masks ,Punjab,surprise
2020-03-03,Panic buying of Masks. #CoronaVirusUpdate #panicbuying #coronavirus ,Punjab,fear
2020-03-03,Creativity at its peak  student in GES Katloohi just made a paper mask to fight against Corona Virus. #CoronaOutbreak @DrMuradPTI,Punjab,anger
2020-03-03,For protection against #Coronavirus  eat two cloves of garlic and one raw onion every morning and evening. It is actually useless but will keep people at safe distance from you ( an advice from an expert Doctor ) #CoronaOutbreak,Punjab,joy
2020-03-03,4th person in your taglist is corona virus-,Punjab,neutral
2020-03-03,China’s aggressive measures have slowed the coronavirus. They may not work in other countries ,Punjab,neutral
2020-03-03,900 people get Coronavirus and the whole world wants to wear surgical mask  30 million people have AIDS but still nobody wants to wear a condom #CoronaOutbreak,Punjab,neutral
2020-03-03,“Adviser to #Iran's Supreme Leader dies after contracting coronavirus“ When was the last time he had a face to face contact with the Leader??? #Iran #CoronaOutbreakInIran #CoronaVirusIran #IranianSupremeLeader @HassanRouhani @JZarif,Punjab,surprise
2020-03-03,Many reports indicate #Coronavirus has #spread to #Iran #prisons too. This is all because of #mismanagement of #IranianGovernment and #President @HassanRouhani. I #urge the @UN &amp; it's #HumanRightsCommission to pressurise the #Iran and prevent a major #humanitarian #catastrophe.,Punjab,surprise
2020-03-03,Reduce your risk from #coronavirus,Tamil Nadu,neutral
2020-03-03,https://twitter.com/ajplus/status/1234832685295636481?s=19 corona virus come in india god help us pleas live be careful #coronavirusindia #CoronavirusReachesDelhi #coronainuttarapradesh ,Uttar Pradesh,joy
2020-03-03,All employees to have paid mandatory leave to avoid the spread of the #Covid_19 novel #coronavirus starting from March 5  2020. Offices will resume after 2 weeks of the mandatory closure. Read the full article here: https://external-preview.redd.it/vxPXEGgL4v8mCGw06IFGsmJNtqWQg-z60xQQ79dHKPY.jpg?auto=webp&amp;s=db7685262e9b352a4888e547f52a244e2ea2cb9f #CoronavirusReachesDelhi,Uttar Pradesh,neutral
2020-03-03,Take precautions. Wear mask carry sanitiser with you. #coronavirusindia #CoronavirusReachesDelhi #coronavirus #CoronaBukaBorokRezim,Uttar Pradesh,joy
2020-03-03,#Coronavirus update by Monday 2 March @TwitterLive,Uttar Pradesh,neutral
2020-03-03,ZDNet: Coronavirus: Effective strategies and tools for remote work during a pandemic. https://www.zdnet.com/article/effective-strategies-and-tools-for-remote-work-during-coronavirus/ via @GoogleNews,Uttar Pradesh,joy
2020-03-03,Reduce your risk from #coronavirus,Tamil Nadu,neutral
2020-03-03, Are you guided by math  or history? Your answer dictates how you feel about the coronavirus ,Chandigarh,neutral
2020-03-03,Hahaha perhaps drink Corona Extra to kill Corona virus,Chandigarh,sadness
2020-03-03,Won't Coronavirus boost car sales as people avoid mass public transport? @pkrarET @EconomicTimes,Chandigarh,neutral
2020-03-03,@BCCI @rsprasad @drharshvardhan @HMOIndia @PMOIndia @narendramodi IPL tournament to be cancelled this year as CORONA VIRUS spread in huge public gathering,Dadra and Nagar Haveli,neutral
2020-03-03,@BCCI @rsprasad @drharshvardhan @HMOIndia @PMOIndia @narendramodi IPL tournament to be cancelled this year as CORONA VIRUS spread in huge public gathering,Daman and Diu,neutral
2020-03-03,10 coronavirus-related searches and other things you should not do online Please read the official information given regarding thought world health education system and follow them accordingly. Stay safe https://www.gadgetsnow.com/slideshows/10-coronavirus-disease-related-things-you-should-not-do-online/photolist/74446653.cms?utm_campaign=andapp&amp;utm_medium=referral&amp;utm_source=native_share_tray Download the TOI app now: https://timesofindia.onelink.me/efRt/installtoi,Delhi,sadness
2020-03-03,Coronavirus is not danger in India  we have dozens of cows. Our peaceful BJP leaders proved that cow dung and cow urine instantly cures the virus now lets all moo #coronavirus,Delhi,neutral
2020-03-03,Someone already predicted this outbreak. #Coronavirus #Coronavirustruth #2019nCoV #ChinaCoronaVirus #WuhanCoronovirus,Delhi,neutral
2020-03-03,"Coronavirus: Response to outbreak compromised by protective equipment shortages  WHO says" #Coronavirus ,Delhi,joy
2020-03-03,We r under attack! Defeat the enemy with precautions and persistence. Take care of d environment around you. Read about corona virus n make people aware. It’s a collective responsibility of each one of us. Stay vigilant #coronavirusindia #CoronavirusReachesDelhi #CoronaOutbreak,Delhi,anger
2020-03-03,* Note * The Ayush Ministry of India has suggested that you should take the Arsenicum Album-30 * homeopathic medicine for three days to avoid infecting the corona virus. Please forward this message to all ,Delhi,joy
2020-03-03,Sanitizer sold out in my area. I visited almost 10 medicine shops. Didn't find!! #CoronavirusReachesDelhi #coronavirus,Delhi,joy
2020-03-03,Delhi Govt gets ready to tackle #coronavirus Threat. ,Delhi,surprise
2020-03-03,What countries have been affected by the novel coronavirus known as COVID-19? How many cases are there in China? https://infographics.channelnewsasia.com/covid-19/map.html via @ChannelNewsAsia,Delhi,sadness
2020-03-03,Will the coronavirus impact the search marketing industry? #SEO #SearchEngineOptimization #DigitalMarketing #marketing #coronavirus – at Amrapali Silicon City Sector 76 Noida,Delhi,neutral
2020-03-03,COVID-19 (corona virus) . These are few things you all need to know about it. . There are few things we got to keep in mind and take maximum precautions. Other than the mentioned things please REMEMBER : 1. Don't… https://www.instagram.com/p/B9R6loplbVs/?igshid=kdrn4o94c5af,Delhi,neutral
2020-03-03,MINISTRY OF HEALTH GOVERNMENT OF INDIA MINISTRY OF HEALTH HAS ISSUED BASIC PROTECTIVE MEASURES FROM (COVID 19) CORONAVIRUS PASS THIS IMPORTANT INFORMATION TO YOUR NEAR AND DEAR #CoronavirusReachesDelhi #coronavirusindia – at Jasola,Delhi,neutral
2020-03-03,This is Big!! Emergency rate cut by @federalreserve of 50 bps Fed chair  Jerome Powell shared  ‘fed acted in face of new risks to economy caused by corona virus.’ Last such emergency rate cut was seen during Lehman in 2008 #coronavirus ,Delhi,sadness
2020-03-03,.@OnlyBabaSehgal can help spread the right germ of idea - greet people with namaste in the time of #Coronavirus. ,Delhi,joy
2020-03-03,Dow drops 200 points even after Fed slashes rates to combat coronavirus ,Delhi,joy
2020-03-03,Why doesn’t google integrate and release a real time knowledge graph of #coronavirus by regions?,Delhi,neutral
2020-03-03,The good news is that CoronaVirus is not Sanghi ,Delhi,sadness
2020-03-03,https://www.who.int/emergencies/diseases/novel-coronavirus-2019/advice-for-public Coronavirus reaches Delhi  so we have to be extra careful now onn. The link above is a report by @WHO And It will surely help you to understand and prevent you and your family from coronavirus.. #CoronavirusReachesDelhi “Prevention is better than cure”,Delhi,sadness
2020-03-03,Corona Virus is now in delhi... #CoronavirusReachesDelhi #coronavirusindia #CoronaVirusUpdate #coronavirus,Delhi,neutral
2020-03-03,Corona virus everywhere is corona virus. ,Delhi,neutral
2020-03-03,@PMOIndia Sorry to say but Government has not taken steps to ensure that Coronavirus infected cases and materials donot enter India for economic reasons  but a coronavirus outbreak will bring economic catastrophe.,Delhi,neutral
2020-03-03,Fed Slashes Interest Rates by half percent in Emergency Move as Coronavirus Fears Mount ,Delhi,neutral
2020-03-03,Dear government if in Delhi any corona virus is present and any cases have done so you should take quick action @narendramodi @ArvindKejriwal @indiagovernment,Delhi,joy
2020-03-03,A pertinent  well-discussed video on #Coronavirus in India by @MohanaBasu and @RuhiTewari. Answers many questions related to #COVID19.,Delhi,joy
2020-03-03,Hindu Mahasabha plans gaumutra party with cow-dung cakes to fight coronavirus in India ,Delhi,neutral
2020-03-03,@AmitShah nahi pahucha England abhi? Corona virus can seriously hold things in EPL. It’s a main threat bro,Delhi,anger
2020-03-03,Nano chip fame anchor talking about #Coronavirus crisis. Be careful people ,Delhi,neutral
2020-03-03,India's largest naval excercise postponed due to #coronavirus scare https://www.wionews.com/india-news/indias-largest-naval-excercise-postponed-due-to-coronavirus-scare-284043 @wionews,Delhi,fear
2020-03-03,Seems like corona virus trials are happening,Delhi,neutral
2020-03-03,Don't panic and be careful. #coronavirus #covid19,Delhi,neutral
2020-03-03,Coronavirus. There is no need to panic. We need to work together  take small yet important measures to ensure self-protection. ,Delhi,neutral
2020-03-03,@narendramodi Dear PM  We hope we are in safe hands and you will be able to take care of us from corona virus. Please assure me and every indian. @PMOIndia @AmitShah @drharshvardhan,Delhi,joy
2020-03-03,Rahul Gandhi now should postpone his future journey to Bangkok. In Rahul Gandhi’s jibe at Modi  Singapore PM’s video on coronavirus is ammo - india news - Hindustan Times ,Delhi,neutral
2020-03-03,Corona virus hits Delhi/NCR Stay safe and stay hygenic..... @MagzineGlobal,Delhi,joy
2020-03-03,@AnantBhan : could you help verify this notification regarding preventive Coronavirus medicine  brought out by govt. Of Manipur ,Delhi,sadness
2020-03-03,#Coronavirus: #SouthKorea declares 'war' on outbreak as cases surge over 5 000,Delhi,joy
2020-03-03,Nishtthayog answer to corona virus attack. 9999909149,Delhi,neutral
2020-03-03,VCH (03.03.20) - The coronavirus (COVID-19) causes a fever  cough and trouble breathing. Symptoms are a bit like those people have with a cold or the flu. The virus can be more serious in… https://www.instagram.com/p/B9RrjtHAYcbCkSNO_avgnwBm5y_loeZych68Os0/?igshid=mz4oycu9lkkf,Delhi,surprise
2020-03-03,Nishtthayog answer to corona virus attack. 9999909149,Delhi,neutral
2020-03-03,To boost immune system & protect against #coronavirus Shakti drops 5 drops +1 cup of hot water daily morning. Tab Amrut 2-0-2 before food Tab Turmeric 1-0-1 after food. Tab Amla 1-0-1 after food For one month. @SriSriTattva,Delhi,neutral
2020-03-03,Basic Protective Measures for protection against Novel Coronavirus. #coronavirusindia,Delhi,neutral
2020-03-03,The horrible face of the urban world! #coronavirus #racism,Delhi,fear
2020-03-03,To avoid corona virus  don’t sake hands. Use only Namaskar,Delhi,neutral
2020-03-03,To boost immune system & protect against #coronavirus it’s recommended to use shakti drops  Amrut tablet   Turmeric Tablet &amp; Amla Tablet with hot water by @SriSri_Hospital @SriSriTattva Stay Safe &amp; Healthy. Prevention is better than cure. #coronavirusindia #CoronaOutbreak,Delhi,joy
2020-03-03,Today all TV Anchors after every 2 minutes were reminding every trader that corona virus is fatal. What happened nobody bought oversold scrips. Including indusind larsen a few eg.,Delhi,neutral
2020-03-03,Hard Facts in last 6 trading sessions  once Dow fell maximum n broke records of 10 years. N now the way it has gone up broke records of 11 years. Corona virus was prevailing when it fell. N is still there when has gone up,Delhi,sadness
2020-03-03,Best way to cure #coronavirus is to uninstall social media ,Delhi,joy
2020-03-03,Guys take necessary precautions for coronavirus- http://coronavirusdisease.in/precautions-for-coronavirus/ #CoronavirusReachesDelhi #coronavirusindia #CoronaOutbreak,Delhi,joy
2020-03-03,You buffoon. Leave aside Corona virus this govt takes a chronic permanent virus like you also very seriously. Trust me you are the most stupid person born on this planet ever. You are such a big moron. You think everybody is like you. Have a heart and shut up. Enough of your crap,Delhi,sadness
2020-03-03,Multilateral naval exercise MILAN has been postponed due to coronavirus outbreak. The exercise was scheduled to be conducted from March 18 to 28 at Visakhapatnam. @indiannavy #CoronavirusReachesDelhi #CoronaVirusUpdate,Delhi,surprise
2020-03-03,Breaking: Indian Navy postpones mega multilateral Naval exercises Milan which were to take place from 18th to 28th March in Visakhapatnam due to travel restrictions over #Coronavirus fears; Navies of 30 countries wr to participate in the Naval exercises,Delhi,joy
2020-03-03,Noida DM says “No official directions issued for closing schools in wake Coronavirus in Noida. Only one school is being sanitised  rest can operate. Board exams scheduled to take place in that school will now be held in St. Joseph’s  Gr Noida. #CoronaVirus Via: @Iam_Ayushmann,Delhi,sadness
2020-03-03,Reduce your risk from #coronavirus,Delhi,neutral
2020-03-03,Reduce your risk from #coronavirus,Delhi,neutral
2020-03-03,Be safe Now Corona virus #DelhiNcr #CoronavirusReachesDelhi ,Delhi,joy
2020-03-03,Saturn entered in Capricorn on 24 th Jan 2020 Saturn by 7 th Aspects on Cancer Resulted in Corona virus  China is important as world knows. ,Delhi,sadness
2020-03-03,If i had the corona virus  i would sneeze on my boss. Khud toh dubenge sanam........ – at Aerocity Central,Delhi,surprise
2020-03-03,To reduce your risk from the #coronavirus infection -clean your hands regularly -don't touch your face after touching contaminated surfaces -clean surfaces regularly with disinfectant @puneetpost @naveenthacker @snehiil @alahari_lokesh @DrManojGrover,Delhi,sadness
2020-03-03,Mask is not the prevention  please be careful. https://www.forbes.com/sites/tarahaelle/2020/02/29/no-you-do-not-need-face-masks-for-coronavirus-they-might-increase-your-infection-risk/ No  You Do Not Need Face Masks To Prevent Coronavirus—They Might Increase Your Infection Risk - Forbes,Delhi,neutral
2020-03-03,The department of ayush is distributing this one as a coronavirus preventive medicine. 6pills once everyday for 30 days for adults. #coronavirusindia,Delhi,surprise
2020-03-03,Noida’s Shriram Millennium School shuts after father of student tests positive for #coronavirus https://theprint.in/india/noidas-shriram-millennium-school-shuts-after-father-of-student-tests-positive-for-coronavirus/374683/ via @ThePrintIndia,Delhi,sadness
2020-03-03,#India now has three more cases of #coronavirus  including an Italian national ,Delhi,neutral
2020-03-03,@dm_ghaziabad @UPGovt As per news the corona virus outbreak in uttar pradesh is being found. This is a serious matter to look after especially in educational institutions like school  training centers and colleges. So I request you to take a serious step towards this outbreak . ,Delhi,joy
2020-03-03,You are more dangerous than coronavirus to this country ,Delhi,sadness
2020-03-03,Del Dy CM .@msisodia n Health Min @SatyendarJain on measures to tackle #CoronaVirus threat In 25 hospitals  isolation wards r being prepared 230 beds being readied Testing facility available at 12 centres 8000 separation kits  3.5 lakh masks available ,Delhi,joy
2020-03-03,The government should not allow any foreigners and our citizens without checking at airports for international travel. For Departure also we should check before boarding & for Arrival also. This will help globally to coronavirus.#coronavirusindia,Delhi,neutral
2020-03-03,Guys do you know that the Crona virus has taken the whole world in its grip Is there any cure to avoid it Will our humanity be able to eliminate it from its roots? What will it not be able to do? I keep thinking about this disease day and night #coronavirus #saveearth,Delhi,sadness
2020-03-03,Coronavirus case in Delhi-NCR: Noida school fumigated  students under observation | Cities News The Indian Express ,Delhi,neutral
2020-03-03,Better Rahul go to Italy to help fight corona virus. At this time his Nanihal require him most,Delhi,joy
2020-03-03,India got few cases of #coronavirusus Who is responsible? #CoronavirusReachesDelhi #India #CoronaVirusUpdate #coronavirus #Coronaviruspakistan #Coronavirustexas #CoronaVirusIran #COVID #Delhi #delhicoronavirus,Delhi,surprise
2020-03-03,We must come forward to set up control rooms in all PCC & DCC. We should help the hospitals and administration to fight with coronavirus. We should guide every one to follow safety precautions. #coronavirusindia,Delhi,anger
2020-03-03,@OfficialDMRC Please check if gloves can be provided to all security staff for Coronavirus. Even they can be infected while checking people who are sneezing  coughing etc. This could be a small step by which we can minimize the risk for #COVID19,Delhi,anger
2020-03-03,Reduce your risk from #coronavirus,Delhi,neutral
2020-03-03,3rd case of #coronavirus in India confirmed in last 2 day. ,Delhi,joy
2020-03-03,.@ArvindKejriwal Govt takes Precautionary Steps to tackle #CoronaVirus Threat in Delhi Isolation wards being prepared in 25 Hospitals 230 beds in Hospitals are ready Testing Facility available at 12 Centres 8 000 Separation Kits 3.5 lakh masks are available,Delhi,joy
2020-03-03,No wonder you are from @IYC! Just like your leader @RahulGandhi Ji  you don’t believe in fact-checking &amp; are a rumour-mongering busybody. Instead of helping people stay calm &amp; tackle the emergency  you are spreading fear  that too from a @verified handle. Shame! #coronavirus ,Delhi,neutral
2020-03-03,We have to nab our social media specially Facebook  Whatsapp and Twitter else people start spreading rumors and create chaos which will create panic amongst people and they will start storing unnecessarily masks  medicines and food items. This will do more damage thn #coronavirus,Delhi,fear
2020-03-03,@narendramodi @PMOIndia @mlkhattar @anilvijminister @Dchautala @HMOIndia saddend that India have few cases of #coronavirus With our strong immunity and will power we will definitely beat this virus but we have to nab our social media as China did else rumors #Coronavirusindia,Delhi,surprise
2020-03-03,Two positive and seven suspected coronavirus cases in India in the last two days. At least two schools in a Delhi suburb are shut as panic growing. #Covid_19 #coronavirusindia #CoronaVirusUpdate #coronavirus,Delhi,fear
2020-03-03,Every where corona virus discussion what the hell is it ? #CoronaVirusSA #CoronaVirusUpdate #Coronavid19 #COVID2019 #coronavirus #Coronavirusnyc #saveearth #coronavirusindia @MSNBC @virusbtn @corona @COVID19Updates1 @COVID19Update,Delhi,neutral
2020-03-03,A high level committee of Health Ministry will review the preparedness of novel coronavirus outbreak on March 4. The committee will be chaired by @MoHFW_INDIA @drharshvardhan. Directors of AIIMS  Lady Harding Hospital  Safdarjung  RML  Chairman of civic bodies will attend.,Delhi,neutral
2020-03-03,Basic protective measures against #coronavirus #coronavirusindia . #CoronavirusReachesDelhi – at PG Men's Hostel,Delhi,joy
2020-03-03,If you thought 2020 was off to a bad start with all the coronavirus  recession  riots and whatnot.... Think again ,Delhi,joy
2020-03-03,What countries have been affected by the novel coronavirus known as COVID-19? How many cases are there in China? https://infographics.channelnewsasia.com/covid-19/map.html via @ChannelNewsAsia,Delhi,sadness
2020-03-03,Now even the death is ‘Made in China’  as well!!! It’s Scary. But Indian PM is busy with his PR strategies on Social Media. May God bless all fellow Indians. #CoronavirusReachesDelhi #coronavirusindia #COVID19india #Medical #Health #India #CoronaVirus #China #World @MoHFW_INDIA,Delhi,joy
2020-03-03,Guys do you know that the Crona virus has taken the whole world in its grip Is there any cure to avoid it Will our humanity be able to eliminate it from its roots? What will it not be able to do? I keep thinking about this disease day and night #coronavirus #saveearth,Delhi,sadness
2020-03-03,Guys do you know that the Crona virus has taken the whole world in its grip Is there any cure to avoid it Will our humanity be able to eliminate it from its roots? What will it not be able to do? I keep thinking about this disease day and night #coronavirus #saveearth,Delhi,sadness
2020-03-03,Guys do you know that the Crona virus has taken the whole world in its grip Is there any cure to avoid it Will our humanity be able to eliminate it from its roots? What will it not be able to do? I keep thinking about this disease day and night #coronavirus #saveearth,Delhi,sadness
2020-03-03,Thank you Sir. Such rallies have usually ended in a ruckus. Moreover  in the wake of Coronavirus spread  not granting permission to gather around in large numbers  would do more good than ever.,Delhi,sadness
2020-03-03,News on #hyderabad techie #coronavirusindia case. Read below ... If you are in the area.. or met people from around the area in the past 2-3 days .. do monitor your health. Stay safe. Remember #coronavirus is dangerous mostly in very old and those with preexisting conditions ,Delhi,joy
2020-03-03,Daily live video chats on corona virus there,Delhi,neutral
2020-03-03,Can #Coronavirus spell doom for #F1 and #MotoGP in 2020?,Delhi,joy
2020-03-03,@MoHFW_INDIA has set a helpline number for Coronavirus 011-23978046 - Please call them for any query regarding the virus. Common signs of infection include respiratory symptoms  fever  cough  shortness of breath and breathing difficulties. #COVID19 #MaintainHygiene,Delhi,joy
2020-03-03,In #Delhi  NCR  #Hyderabad  #Jaipur  Agra and #Bangalore.. If schools don't shut down by end of this week ...I find it prudent to tell parents to stop sending children to school from next Monday till we control #coronavirus wakeup to threat of #CoronaOutbreak #coronavirusindia,Delhi,sadness
2020-03-03,Nishtthayog is a direct answer to Corona Virus Panchaarakha technology #planetmanagement,Delhi,neutral
2020-03-03,Government of India: Six cases with high viral load have been detected during sample testing in Agra. These are the ones who have come in contact with the COVID-19 patient from Delhi  reported yesterday. They have been kept in isolation. Source @ANI #CoronaVirus,Delhi,surprise
2020-03-03,@kcvenugopalmp @shaktisinhgohil We should print leaflets to create awareness among our citizens across country for what precautions we should take from #coronavirus.Congress party must take initiative to set up control rooms in all PCC&amp;DCC.We should know which hospitals can help,Delhi,sadness
2020-03-03,Kind attention all my friends Anti - Corona virus spray available ,Delhi,joy
2020-03-03,Someone cursed us  Saruvati Bad news pe bad news.. Beyhadh 2 going off air from TV  Sabras news  Delhi riots.. And now first two cases of corona virus are from Hyderabad and Delhi ,Delhi,joy
2020-03-03,It was pleasure to meet Shri @milinddeora Ex-Minister and family friend discussed wide range of issues from Arctic Environment  Shipping  Mumbai Development  Emerging challenge of CORONAVIRUS and global issues as I had worked with him and his father in various MPs forums in past. ,Delhi,joy
2020-03-03,About Coronavirus (COVID-19) Stay safe everyone. ,Delhi,joy
2020-03-03,"No Need To Panic " Assures PM After 2 Fresh Cases Of Coronavirus - NDTV https://www.ndtv.com/india-news/pm-narendra-modi-on-coronavirus-no-need-to-panic-we-need-to-work-together-2189075  That's a great relief. Thank u PM.,Delhi,sadness
2020-03-03,Dear @PMOIndia @narendramodi ji Plz ban all social gathering this month. Lets do online #namaz this Friday &amp; let's also reduce gatherings in Holi. #holi can be major issue as infected #coronavirus droplet will mix with water &amp; then reach faces of healthy. Retweet if you agree,Delhi,anger
2020-03-03,Other brands should follow the same. Gathering a crowd to launch a product isn't a good idea when we are at the risk of CoronaVirus. ,Delhi,joy
2020-03-03,RBI on #CoronaVirus: monitoring the situation ,Delhi,neutral
2020-03-03,#GodMorningTuesday Animal birds live in dirt. Eat dirty They also have many diseases. By eating their flesh  those dirt and diseases come inside the human being. This is how the corona virus is spread in humans. Watch sadhana TV at 7:30 ,Delhi,surprise
2020-03-03,..@dmgbnagar Sir any update for Noida Schools on Corona Virus ... Kindly update. Rgds,Delhi,joy
2020-03-03,Guys follow the preventive measure and practice them regularly to ensure safety from Novel Coronavirus.. #CoronaOutbreak #CoronavirusReachesDelhi #CoronaVirusUpdate #CoronaVirusUpdates,Delhi,neutral
2020-03-03,And stop believing in all that cow dung rumors. Nothing of that sort is gona rotect you against #coronavirus.,Delhi,joy
2020-03-03,#GodMorningTuesday @SaintRampalJiM Eating meat is not a command of God and eating meat is a boon if we still do not follow the words of God  then corona virus and other terrible viruses can also arise. If we improve in time  everything can be fine. Watch sadhana TV at 7:30pm ,Delhi,neutral
2020-03-03,Precautions for "CORONA VIRUS" Wash your hands regularly Wash your hands for atleast 30 seconds Start wearing MASKS Avoid touching your Eyes  Nose &amp; Mouth Cover your Cough or Sneeze with a tissue  then throw tissue in trash #coronavirusindia #CoronavirusReachesDelhi,Delhi,joy
2020-03-03,#COVID_19 #CORONAVIRUS #Worldwide The Virus Has Infected Nearly 90 000 People In More Than 60 Nations. @drharshvardhan,Delhi,joy
2020-03-03,“No need to panic” - Says PM amid #Coronavirus #COVID19 #coronavirusindia scare. “It’s time to panic” - @nksingal Its better to panic  prepare  cautious and regret than to no panic  relax and watch the situation unfolding &amp; going out of hand.,Delhi,neutral
2020-03-03,Delhi CM @ArvindKejriwal has called an emergency meeting at 3pm to discuss preventive measures to contain #CoronaVirus in Delhi. Health minister @SatyendarJain  chief secretary and other officials of the health department to attend the meeting l #CoronaOutbreak,Delhi,joy
2020-03-03,Two private schools in Noida shut amid #coronavirus scare: officials,Delhi,neutral
2020-03-03,Delhi CM Arvind Kejriwal calls urgent meeting with Health Minister Satyendar Jain  officials on govt's preparations to deal with coronavirus,Delhi,joy
2020-03-03,@GovtOfIndia_ There are 4 immigration counters for corona virus affected country immigration. But there was only one officer(2 officers sit in one counter) available. We had to wait for almost 2 hours to get through the immigration process. People had to miss flights. #Fail – at Terminal 3,Delhi,surprise
2020-03-03,@dmgbnagar Sir  in view of current coronavirus scare in Noida  can you pls advice all schools to close classes upto grade 5 to prevent small children getting infected.,Delhi,surprise
2020-03-03,Will look ridiculous as a thought now but if #Coronavirus further spreads its tentacles  you may have to one day look at banning international travel across the world for a specific period of time. It now officially has imprints in all the continents - barring Antarctica. Scary,Delhi,joy
2020-03-03,#jaipur and #agra both have been exposed to #coronavirus due to an Italian tourist moving between them . #coronavirusindia,Delhi,joy
2020-03-03,#coronavirus shows how meaningless our differences of religions and left/right idelogies are... I remember what Dr. Kalam said seconds before he left life.. " youth must unite to fight our common enemy... Diseases  pollution and poverty" If this cannot unite us  nothing can. ,Delhi,sadness
2020-03-03,It works as an antidotes against coronavirus ? A virus being affected #coronavirusindia #coronabeervirus #coronavirus #COVID19 #coronaviruswuhan @WHO @USAndIndia @timesofindia @DDC_Delhi,Delhi,joy
2020-03-03,I would request the authorities to kindly order for school closure at least untill All is well. @dmgbnagar @myogiadityanath Coronavirus scare in Noida: Two schools shut http://toi.in/agP0Ua/a24gj via @timesofindia,Delhi,joy
2020-03-03,#Coronavirus #prevention : basic rule  wash hands more frequently  face mask for a healthy person may not necessarily help.,Delhi,neutral
2020-03-03,Better to know about corona virus Crisp and to the point. https://youtu.be/ujWFj_6FaMY @MoHFW_INDIA,Delhi,sadness
2020-03-03,BIG BREAKING: We also discussed about Corona Virus in the meeting with Prime Minister  it was agreed upon that both Centre and Delhi government will work together to tackle this deadly disease: @ArvindKejriwal,Delhi,anger
2020-03-03,#Assam | Suman Haripriya  a BJP MLA said  "#Coronavirus is an airborne disease and it can be cured by using 'gaumutra' (cow urine) and cow dung.",Delhi,fear
2020-03-03,A humble request to Indian media to not sensationalise and spread panic about Coronavirus  rather educate and spread awareness on precautions and when and how to report under identified symptoms. @sardesairajdeep @BDUTT @IndiaToday @ABPNews @ZeeNews @indiatvnews,Delhi,sadness
2020-03-03,@drharshvardhan Need to close all school of Delhi and NCR. Due to Corona virus emergency. Otherwise it will be panic. @PMOIndia ,Delhi,fear
2020-03-03,Just in: CM @ArvindKejriwal is discussing with Prime Minister  issues related to #DelhiViolence post violence rehabilitation and preparation for #CoronaVirus – at Parliament House,Delhi,joy
2020-03-03,No I think you are not aware that BJP MPs have already suggested the precautions to be taken in order to prevent Coronavirus and that is Cow Dung &amp; Urine,Delhi,sadness
2020-03-03,I think it’s about time that our govt books cover pages of all national and regional newspapers to EDUCATE people about #CoronaVirus. India is huge and preventing the spread is priority.,Delhi,anger
2020-03-03,@WHO Coronaviruses (CoV) are a large family of viruses that cause illness ranging from the common cold to more severe diseases. A novel coronavirus (nCoV) is a new strain that has not been previously identified in humans.,Delhi,sadness
2020-03-03,Eating meat is not a command of God and eating meat is a great sin  but if we do not follow the words of God then the corona virus and other dreaded viruses can also arise. Huh. If we improve in time  everything can be fine. Must watch SadhanaTV - 7:30pm ,Delhi,neutral
2020-03-03,Here we go .. Cow urine  dung can treat coronavirus  says Assam BJP MLA https://www.indiatoday.in/india/story/cow-urine-dung-can-treat-coronavirus-says-assam-bjp-mla-1651708-2020-03-02 via @indiatoday,Delhi,joy
2020-03-03,#Media Faces Challenges In Covering #Coronavirus Outbreak - @GeorgiaStateU @CNN @drsanjaygupta @nytimes @meslackman @NBCNews,Delhi,anger
2020-03-03,A few days back when the news about #CoronaVirus started doing rounds  I went to Aayu's school and asked the HOD to issue a circular to all the parents to get a test done after coming back from any International trip  to which she replied she will get back after a word with (1/5),Delhi,surprise
2020-03-03,As concerns and number infected from the #Coronavirus in India grows  we urge everyone to follow these precautionary measures and report to a hospital if Flu like symptoms persist for long. We all must ensure there is no panic. #COVID19,Delhi,sadness
2020-03-03,Reason #67 why India is late to see Corona virus cases. This is scary. ,Delhi,fear
2020-03-03,Very short story Lady Macbeth: marked safe from coronavirus,Delhi,anger
2020-03-03,Namaste In the times of Coronavirus  best form of greeting is our good old Namaste. Don’t shake hands  don’t insist on it. Wash your hands frequently  folks. Stay Safe India!,Delhi,joy
2020-03-03,#Coronavirus: Advisory Issued By The Ministry Of @moayush,Delhi,neutral
2020-03-03,Worst of #Coronavirus Is Yet to Come for U.S. Factories ,Delhi,surprise
2020-03-03,Welcome to the ever-growing EV Galaxy of Gowel . . . . . #Bestelectricscooterinindia #coronavirus #letindiabreathe #electricvehicle #scooterrider #greenindia #escooty #escooters,Delhi,neutral
2020-03-03,The infected guy’s kids in the same school as mine. Chaos. #coronavirus,Delhi,joy
2020-03-03,ओर कोई issue तो है ही नहीं देश में। Unemployment State of Economy Fiscal deficit Revenue shortfall Industrial slowdown Rupee crumbling GDP falling Bank NPAs Riots / bigotry Coronavirus Are not important. Social media is important. ,Delhi,sadness
2020-03-03,First Coronavirus case reported in Delhi.Genuine Virus Threat. The Government is monitoring the situation  detection and check the infection. Meet the growing challenge. The patient is stable  being closely monitored.,Delhi,joy
2020-03-03,Do not kill any life as the same life force pervades all. The sin of your actions will never leave you  even if you listen to millions of scriptures. Now we are facing worst result of eating meat in form of corona virus. #GodMorningTuesday,Delhi,sadness
2020-03-03,#GodMorningTuesday @Sanrampaljim Animal birds live in dirt. Eat dirty They also have many diseases. By eating their flesh  those dirt and diseases come inside the human being. This is how the corona virus is spread in humans. Watch sadhana TV at 7:30 ,Delhi,surprise
2020-03-03,Coronavirus in Hyderabad. Had to happen. No screening of passengers from affected countries. Please hear up GOI  @DGCAIndia and Health authorities.,Delhi,joy
2020-03-03,Stigmabase — What coronavirus teaches India about China's public-health system: India's management of public health is patchy at best. ... A higher percentage of educated people  especially women  in both urban and rural areas are ... View article... http://dlvr.it/RR77bd,Delhi,joy
2020-03-03,An @airindiain crew who had flown a Vienna-Delhi flight on February 25 have been asked to stay in isolation at their homes for 14 days due to one pax has infected with #coronavirus #CoronaOutbreak I report https://www.aninews.in/news/national/general-news/crew-members-on-feb-25-vienna-delhi-flight-to-self-quarantine-after-passenger-tested-positive-for-covid-1920200303003754/ (File Pic),Delhi,surprise
2020-03-03,Beware from #coronavirus !! How did you came so long !!,Delhi,surprise
2020-03-03,Outbreak of Corona Virus is starting in India also...please wear masks in public places... ,Delhi,joy
2020-03-03,A pertinent  well-discussed video on #Coronavirus in India by @MohanaBasu and @RuhiTewari. Answers many questions related to #COVID19. ,Delhi,joy
2020-03-03,Don't panic and be careful. #coronavirus #covid19 ,Delhi,neutral
2020-03-03,A strong editorial on the heels of the new cases of #COVID19 #coronavirusindia,Delhi,joy
2020-03-03,@OfficialDMRC Please check if gloves can be provided to all security staff for Coronavirus. Even they can be infected while checking people who are sneezing  coughing etc. This could be a small step by which we can minimize the risk for #COVID19,Delhi,anger
2020-03-03,@MoHFW_INDIA has set a helpline number for Coronavirus 011-23978046 - Please call them for any query regarding the virus. Common signs of infection include respiratory symptoms  fever  cough  shortness of breath and breathing difficulties. #COVID19 #MaintainHygiene,Delhi,joy
2020-03-03,Media/Experts be sensitive while reporting #COVID19. Words can perpetuate negative stereotypes. It can create widespread fear or dehumanise the sufferers. #Stigma can drive people away from seeking help by getting screened  tested &amp; quarantined. @UN @WHO @DrTedros @drharshvardhan – at AIIMS,Delhi,surprise
2020-03-03,How to handle the extremely serious threat of universe #COVID19 Wear mask Use alcohol based sanitiser Wash hands with hand wash Do ebola handshakes ( elbow bumps) Use knuckle to press elevator buttons Keep 6ft distance from affected people Let’s do it.,Delhi,joy
2020-03-03,BJP has taken upon itself to have the most uneducated leaders making foolish comments like their motto. Anything in the world can be cured by cow urine n dung. Like it's retarded really... #COVID19 #CoronaOutbreak #Assam,Delhi,surprise
2020-03-03,“No need to panic” - Says PM amid #Coronavirus #COVID19 #coronavirusindia scare. “It’s time to panic” - @nksingal Its better to panic  prepare  cautious and regret than to no panic  relax and watch the situation unfolding &amp; going out of hand.,Delhi,neutral
2020-03-03,Must read on the COVID19 ,Delhi,neutral
2020-03-03,The inability to conduct community surveillance may end up a shortcoming of India’s response to #COVID19. Also  the focus on airport screening when so many people are on the move crossing states by land. Who’s checking those porous borders? ,Delhi,anger
2020-03-03,It works as an antidotes against coronavirus ? A virus being affected #coronavirusindia #coronabeervirus #coronavirus #COVID19 #coronaviruswuhan @WHO @USAndIndia @timesofindia @DDC_Delhi,Delhi,joy
2020-03-03,This where our priorities need to lie. But when did rationality ever work. #PublicHealthEmergency #COVID19 #CoronaOutbreak,Delhi,neutral
2020-03-03,@PMOIndia @narendramodi @nsitharaman @PiyushGoyal @prahladspatel tourism business which was already in a bad shape is strongly impacted by Covid19  our business are washed out. We will collapse soon if there is no incentive or support from Govt. Millions of people will be jobless,Delhi,joy
2020-03-03,To prevent the 'virus from going viral' let's prevent 'rumours from going viral'. Let's behave responsibly. #Corona #COVID19 #Covid_19,Delhi,joy
2020-03-03,Noticed the staff outside isolation ward meant for #COVID19 patient not wearing mask properly  nose uncovered. In picture in this news item @IndiaToday @MoHFW_INDIA @drharshvardhan @WHOSEARO @NCDCgov @RemaNagarajan #corona #coronavirusindia @TelanganaCMO,Delhi,neutral
2020-03-03,As concerns and number infected from the #Coronavirus in India grows  we urge everyone to follow these precautionary measures and report to a hospital if Flu like symptoms persist for long. We all must ensure there is no panic. #COVID19 ,Delhi,sadness
2020-03-03,With #COVID19 at our doorstep  and the disruptions to daily life that it entails - our first line of defense is the network of Health and Wellness Centers. What is their preparedness @MoHFW_INDIA ? #PublicHealth,Delhi,joy
2020-03-03,I'm not worried about that we all will die together coz of #coronavirus. I'm just wondering about 'what will happen if me and my parents get to watch my paap wala flashback journey together featuring Yamraj' ???,Jaipur,neutral
2020-03-03,#coronavirusindia Indian government should cancel all international flights as precautionary measure for some days.Corona Virus epidemic is serious matter and its spreading should be stopped at any cost. Har Har Mahadev @narendramodi @PMOIndia,Jaipur,joy
2020-03-03,Corona virus epidemic is serious and its spreading in India  take it seriously. A ) Be cautious not 2 go at over crowded place B ) Don't shake hands C ) Be at home  else necessary to go out D) Any symptoms of fever   cold or cough Please consult Doctor Har Har Mahadev,Jaipur,sadness
2020-03-03,What countries have been affected by the novel coronavirus known as COVID-19? How many cases are there in China? https://infographics.channelnewsasia.com/covid-19/map.html via @ChannelNewsAsia,Jaipur,sadness
2020-03-03,Dear world  Let unite against #coronavirus and avoid handshake and start a new trend of #Namaste #CoronaOutbreak #coronavirusindia,Jaipur,joy
2020-03-03,#CoronaAlert Avoid taking non veg foods. This is one among the many reasons for easy communication of corona virus.,Chennai,sadness
2020-03-03,If one person is affected by Corona Virus in IPL match it may affect many @DhatchnaMaveri2 ,Chennai,joy
2020-03-03,Dear Rahul Gandhi  U & ur party r the biggest threat viruses of this nation & extinguish urself which ever way u want. The government is capable of eradicating Corona Virus. Work hard to accumulate all the viruses for 2024 &amp; Modiji will once again show the door to u &amp; the viruses,Chennai,joy
2020-03-03,Precautions to be taken to avoid Corona virus: 1. Don't make direct contact with anyone 2. Wash your hands for every 20-30 mins. After giving shakehand and before eating food etc 3. If you are having any cold symptoms  please contact nearest doctor 4. Avoid eating outside foods.,Chennai,joy
2020-03-03,What countries have been affected by the novel coronavirus known as COVID-19? How many cases are there in China? https://infographics.channelnewsasia.com/covid-19/map.html via @ChannelNewsAsia,Chennai,sadness
2020-03-03,The deadly corona virus in India is an Italian variant. Heard that it is more deadly than the Chinese virus. Can we investigate the source .,Chennai,neutral
2020-03-03,Reduce your risk from #coronavirus #coronavirusindia,Chennai,neutral
2020-03-03,Reduce your risk from #coronavirus,Chennai,neutral
2020-03-03,Poor fellow  he can't take vacation .. corona virus fear.,Chennai,joy
2020-03-03,#Coronavirus What countries have been affected by the novel coronavirus known as COVID-19? How many cases are there in China? https://infographics.channelnewsasia.com/covid-19/map.html via @ChannelNewsAsia #Covid_19 #CoronavirusIndia,Chennai,sadness
2020-03-03,You view and treat pro-pakistan organisers are less  less dangerous than corona virus !,Chennai,joy
2020-03-03,Debate  & you ? With whom? Yeah  of course you will viciously tweet & debate on how effectively you can drive the wedge of hate further  & how best to aggravate Corona virus into India. In any case there is no worry. Your hate &amp; cunningness is such  Corona will get infected.,Chennai,neutral
2020-03-03,Stay safe everyone. Follow basic hygiene . Avoid mass gatherings If you feel sick  stay indoors and seek medical consultation Avoid public transportation for non essential travel Wash hands for 30 seconds every 2-4 hours #COVD19 #Coronavirus 2/n,Chennai,disgust
2020-03-03,Stay safe everyone. Follow basic hygiene . Prevent Handshakes Use Elbows instead of fingers for opening doors  using lifts  etc. Drink water often  your throat should be moist to prevent pathogen entries Cook thoroughly and eat  avoid raw food #COVD19 #Coronavirus 1/n,Chennai,joy
2020-03-03,Only last night my brother in US told me that More& more Americans are greeting visitors with Namaste instead of a hand shake. A realisation after corona virus.,Chennai,joy
2020-03-03,Mind your own business. Take care of Coronavirus crises and other issues in your country and then pontificate to us Indians. Now Shooo!!,Chennai,neutral
2020-03-03,CORONA VIRUS hits ITALY. Avoid meeting any Italian anywhere including INDIA.,Chennai,anger
2020-03-03,Corona Virus: It’s not me. It’s you! #seo #Corona,Chennai,neutral
2020-03-03,If one #COVID19 affected person sneezes in a crowded place like a market  mall  railway station  religious place etc  and even if one person contracts it then that is enough to pass on to a family  neighbourhood  society  school  town  district  state  region  country...,Chennai,sadness
2020-03-03,Dear Faye  COVID19 may leave with 100 people of all religions in a couple months. But Modi and his Sangis will leave with crores of non Hindus and non Hindi population as Second Class citizens before 2024.,Chennai,neutral
2020-03-03,Can we set examples setting up a quick world-class facility to quarantine and treat Corona virus cases in New Town in case of someone getting affected here ? @debashis_ @HIDCO2018 @FirhadHakim,Kolkata,surprise
2020-03-03,#Tips to save lives from #CoronaVirus. Share with your #friends and #family. Stay safe. Maintain #hygiene. Wash your hands. Save #humanity. @MoHFW_INDIA #India #coronavirusindia #Epidemic #pandemic #PandemicPreparedness #SaveLives #BREAKING #BreakingNews #WashYourHands,Kolkata,joy
2020-03-03,If you are suffering from corona virus   you must quarantine yourself for a fortnight and secondly you should &amp; must not come to the contact of any person other than doctors. https://www.theguardian.com/world/2020/mar/03/what-is-coronavirus-symptoms-covid-19-wuhan-china?CMP=share_btn_tw,Kolkata,joy
2020-03-03,High alert! .. Coronavirus infecting many countries in the world. Antidotes is essential at this juncture.,Kolkata,neutral
2020-03-03,Six Americans have died in the US from corona virus. No of people infected in the US from Covid 19 has gone up to 100. Vice President  Pence has been asked by Trump to monitor the situation of Covid19 in the US. It seems. Japan may have to postpone the Olympics for few weeks.,Kolkata,surprise
2020-03-03,Covid 19 has now entered into India. However  India is well prepared to combat corona virus. So far no one has died from corona virus in India. Only six people have been infected in India so far . 3 out of 6 have been fully recovered &amp; other 3 are recovering &amp; are out of danger.,Kolkata,neutral
2020-03-03, *These medicines can be fight with the CORONA VIRUS  IF found any victim of CORONA VIRUS please must try.* *Thanks* ,Kolkata,joy
2020-03-03, *These medicines can be fight with the CORONA VIRUS  IF found any victim of CORONA VIRUS please must try.* *Thanks* ,Kolkata,joy
2020-03-03, *These medicines can be fight with the CORONA VIRUS  IF found any victim of CORONA VIRUS please must try.* *Thanks* ,Kolkata,joy
2020-03-03,When you have #coronavirus and your girlfriend kisses you anyway She: ,Kolkata,surprise
2020-03-03,Good one by Amul #coronavirus ,Kolkata,joy
2020-03-03,Reduce your risk from #coronavirus,Kolkata,neutral
2020-03-03,Artificial Intelligence to detect #Coronavirus ,Kolkata,neutral
2020-03-03,The virus in your brain is more dangerous than #coronavirus cuz it will destroy our nation. So think about it seriously.,Kolkata,sadness
2020-03-03,MEETING WITH RUSSIAN FOREIGN MINISTER IS GREAT CAUSE OF CONCERN FOR ISRAEL. WORLD POLITICS DOESN'T PROVIDE A CONGENIAL ATMOSPHERE. "CORONAVIRUS DECLARED WAR AGAINST HUMAN RACE." HUMANITY IS LOST IN MANY PARTS OF THE WORLD. NOW TIME TO UNITE TOGETHER.,Kolkata,neutral
2020-03-03,Medical task force is very essential to combat fatal coronavirus. It has turned epidemic  Infected about 25 countries  people r dying daily. China is in dire situation. Our Govt must take protection measures on war footing otherwise it would be as devastating as populated China,Kolkata,fear
2020-03-03,May God will give them the right way good thoughts and Power to prevent the sudden attact of Corona virus on nationwide and decreaseing economy also ....,Kolkata,sadness
2020-03-03,At a time when we should be debating how to repair fractured social relations  how prepared we are to deal with corona virus  how to revive the economy  we are now speculating why PM Modi may quit social media. Yeh hai ‘new’ politics  ‘new’ India  ‘new’ media! have a good time !,Kolkata,sadness
2020-03-03,Global Coronavirus Cases Reach 89 074 80 026 4 212 1 694 978 256 130 130 106 98 86 84 47 45 43 41 36 29 29 27 24 21 19 19 16 14 14 10 10 10 10 8 7 7 6 6 6 5 4 4,Kolkata,neutral
2020-03-03,I am suffering from Coronavirus  so its gonna be Parasite. ,Kolkata,sadness
2020-03-03,Stonks won't like this $SPX Exclusive: G7 draft statement on coronavirus response does not detail fiscal  monetary steps - source | Reuters ,Kolkata,neutral
2020-03-03,With a broken and highly ineffective healthcare system all that Indians can pray for is a scorching summer this year.45 degree tempratures might be our only defence against Corona Virus.,Kolkata,anger
2020-03-03,Please rejoin the Congress Party..It needs visible  sane and respected voices to balance the hate spewing out from infected people suffering from hatevirus.. And spreading faster than coronavirus,Kolkata,sadness
2020-03-03,Not shaking hands  don’t care who it is... #coronavirus good morning Sir ,Kolkata,joy
2020-03-03,The epidemic has exceeded 90 000 official cases. #COVID19 4 335 South Korea 2 036 Italy 1 501 Iran ,Kolkata,surprise
2020-03-03,Six Americans have died in the US from corona virus. No of people infected in the US from Covid 19 has gone up to 100. Vice President  Pence has been asked by Trump to monitor the situation of Covid19 in the US. It seems. Japan may have to postpone the Olympics for few weeks.,Kolkata,surprise
2020-03-03,To divert masses from other core issue  now Expect COVID19 will be strategically hyped in every Bjp ruled states...,Kolkata,neutral
2020-03-03,To divert masses from other core issue  now Expect COVID19 will be strategically hyped in every Bjp ruled states...,Kolkata,neutral
2020-03-03,#India suspends Visas/e-Visa of nationals from #Italy  #Iran  South Korea  #Japan which includes Visa On Arrival for Japan and South Korea due to emerging global scenarios regarding #CoronavirusReachesDelhi. Regular and E-Visa for China were suspended earlier. #COVID19 ,Kolkata,joy
2020-03-03,HIV docs at the center of the global #COVID19 response. Tells you everything about the need to invest in HIV/AIDS. ,Kolkata,neutral
2020-03-03,Remember The mask you are wearing to protect yourself from #coronavirus are all made in China. #CoronaOutbreak #coronavirusindia,Pune,anger
2020-03-03,Get immunity from all types of viruses including #coronavirus in 3 days. Start drinking water stored in Copper/bronze(pital)/Silver vessels for 6-8 hours or more. Daily. Sureshot. Not harmful. Better if taken some immediately after getting up in the morning also.,Pune,surprise
2020-03-03,Stay safe and Stay Healthy everyone and follow these basic hygiene factors #coronavirusindia #india #coronavirus #healthiswealth #stayhealthy,Pune,joy
2020-03-03,#coronavirus In order to increase immunity levels  Gurudev has said three things: 1) Take 3-4 Shakti drops  3 times a day 2) Use turmeric  alongwith a pinch of pepper in food daily 3) Take Amruth tablet daily Regards  Rajesh Jagasia,Pune,joy
2020-03-03,I think @tehseenp is really infected with Corona virus as @navikakumar rightly said.. Sawarkar's most famous poet is Ne Majasine parat Matrubhumila @ARanganathan72 @sambitswaraj,Pune,joy
2020-03-03,#BreakingNews: 7th case is reported of #coronavirusindia  as wife of an Italian tourist has been tested positive for the deadly #coronavirus. http://www.sakaltimes.com #CoronaOutbreak #CoronaVirusUpdate #CoronavirusReachesDelhi #news #SakalTimes #Sakal #Corona #viral,Pune,surprise
2020-03-03,#BreakingNews: 7th case is reported of #coronavirusindia  as wife of an Italian tourist has been tested positive for the deadly #coronavirus. http://www.esakal.com #CoronaOutbreak #CoronaVirusUpdate #CoronavirusReachesDelhi #news #SakalMedia #Sakal #Corona #viral,Pune,surprise
2020-03-03,Coronavirus first real impact to me: Office was unable to provide me a client configured laptop because lenovo China factory has been affected and instead of usual 2-3 days  they are taking &gt; 1 month to deliver.,Pune,sadness
2020-03-03,@IndiGo6E I have 3 return tickets including of my infant baby for Kerala(Kochi) but i want to cancel them due to Coronavirus outbreak. Can you help us here?,Pune,surprise
2020-03-03,"6 Coronavirus Myths and Facts That You Should Be Aware Of" by Dr. Diana Borgio ~ ,Pune,neutral
2020-03-03,6 Cases of #coronavirusus confirmed in India. Are we equipped to battle this out? Can the Government please release the list of Hospitals ready for this  across the nation please? #coronavirusindia #CoronavirusReachesDelhi #coronavirus,Pune,anger
2020-03-03,Vacate   immediately  Shaheen Baug to avoid corona virus.,Pune,neutral
2020-03-03,'We are in uncharted territory' said WHO head as number of coronavirus cases worldwide passes 90 000. With this lot of global conferences and meet-ups posted postponed notices. Human life is of paramount importance than anything else. #humanlife #digitallife,Pune,neutral
2020-03-03,They are not allowed to do test...hwevr if someone get fever ..he at least check his body n normal body test ....as people will take more precaution due to Corona Virus..,Pune,neutral
2020-03-03,States with highest foreign remittances are most vulnerable states in India for outbreak of #CoronaVirus . These states have highest number of Indians traveling in &amp;out. @drharshvardhan We can use remittance data to identify most vulnerable places! #coronavirusindia #Covid_19,Pune,joy
2020-03-03,Let's use this person for India's research & analysis on Coronavirus. Infect her &amp; then give cowdung / urine as cure.,Pune,neutral
2020-03-03,Sir thinks coronavirus spreads via social media contact... ,Pune,neutral
2020-03-03,#coronaalert if this virus is from animals  are pet owners more susceptible to Covid19?,Pune,neutral
2020-03-03,Economic Times: India did have an innate  natural shield against coronavirus  after all. https://economictimes.indiatimes.com/industry/healthcare/biotech/healthcare/india-did-have-an-innate-natural-shield-against-coronavirus-after-all/articleshow/74453719.cms via @GoogleNews,Hyderabad,neutral
2020-03-03,The Indian Express: Coronavirus: Sixth case confirmed  PM asks not to panic  visa suspended for 4 more nations. https://indianexpress.com/article/india/coronavirus-outbreak-india-updates-march-3-6297456/ via @GoogleNews,Hyderabad,neutral
2020-03-03,But how will it have an impact on coronavirus spread.nahi kharidna hai Nahi kharidna hai Nahi kharidna.vaccine aane ke baad kharidna http://hai.you are awesome sir,Hyderabad,surprise
2020-03-03,Reduce your risk from #coronavirus,Hyderabad,neutral
2020-03-03,This Homeo medicine is for preventive care only - gears up body immunity system to resist it - so Ppl need to use it along with safety precautions like Masks   Handwash etc only - it's not a full fledged Remedy when #coronavirus attacks a person,Hyderabad,neutral
2020-03-03,@narendramodi Sir  request you to make a video describing the precautions to be taken to prevent from Corona virus. This will help as people will take it seriously if you tell them personally. #coronavirus,Hyderabad,joy
2020-03-03,Coronavirus is Spreading all over India Again According to News.. Use Ginger garlic  amla  coconut oil lemon (Vitamin c)  this will boost up your immune system (main system to protect you from any kind of diseases or infection) use mask while going out.Wash your hand properly.,Hyderabad,joy
2020-03-03,#coronavirus #coronavirusindia #Corona With this Corona virus Swach Bharat can be seen. Now is the Best time to maintain cleanliness.,Hyderabad,joy
2020-03-03,Above 25°C #coronavirus Not survive   100% correct     Fareign Trips vesi ikkada ki Vache vaalle struggle chesthaaruu E problem   Don't worry Hyd people . ,Hyderabad,joy
2020-03-03, after knowing that coronavirus entered to India,Hyderabad,sadness
2020-03-03,@RGICS The corona virus is new and we need to be cautious and careful ,Hyderabad,fear
2020-03-03,#ଏବେଏବେ Message of Corona Virus : LOVE YOUR MOTHER LAND ! ,Hyderabad,joy
2020-03-03,Reduce your risk from #coronavirus,Hyderabad,neutral
2020-03-03,NDTV News: IndiGo Crew On Flight With Coronavirus Infected Hyderabad Man Quarantined At Home. https://www.ndtv.com/india-news/indigo-crew-on-flight-with-coronavirus-infected-hyderabad-man-quarantined-at-home-2189310 via @GoogleNews,Hyderabad,neutral
2020-03-03,Times of India: Emirates airline asks staff to take one month unpaid leave over coronavirus. https://timesofindia.indiatimes.com/business/international-business/emirates-airline-asks-staff-to-take-one-month-unpaid-leave-over-coronavirus/articleshow/74455408.cms? via @GoogleNews,Hyderabad,joy
2020-03-03,While the whole world is busy tackling Corona virus  Tokyo is tackling my belly rubs! #CatsOfTwitter #Persian #tokyo,Hyderabad,anger
2020-03-03,Reduce your risk from #coronavirus,Hyderabad,neutral
2020-03-03,Reduce your risk from #coronavirus,Hyderabad,neutral
2020-03-03,@DrSJaishankar @MEAIndia @ANI @aajtak @PMOIndia @etvbharatnews @narendramodi @UPGovt @CMOfficeUP hello sir these are my brothers who are working in iran. But now they are stuck on port of iran Due to Coronavirus. Please help. There contact- Utkarsh singh- 9005929771  8333376987 ,Hyderabad,neutral
2020-03-03,#coronavirus #CoronavirusReachesDelhi Corona virus affect showed the scientific nature of Hindu traditions. 1. Don't give shake hand say namaste. 2.Avoid close contact at public places 3. Dead bodies of virus effected are burned  not burried. #caronavirusoutbreak,Hyderabad,sadness
2020-03-03,This is #Coronavirus live count map. It keeps changing as and when it gets updated. This will give you an idea where the virus is spreading on daily basis and will help you plan your travel around the world. It will help people who travel a lot for work. ,Hyderabad,surprise
2020-03-03,Coronavirus start ainapati nundi intavaraku govts mida political comment evaru cheyaledu  Telangana BJP team e first time ani tweet pettaboya. Doubt ochi google chesa. just 2hrs back e cong kuda start chesinatundi. Adi Evaru chesina sare  not in good taste. Suggestions la unte ok ,Hyderabad,sadness
2020-03-03,Get a grip on yourself no one out there is justyfing that khatna will cure or prevent corona virus infection. On the contrary people (BJP MLA) is promoting use of gaumutra and cow dung to prevent and cure corona virus infection that is height of stupidity from them as well as u,Hyderabad,neutral
2020-03-03,Anna: Corona ward in Gandhi Hospital doesn't have Separate Toilet  patient was found using public toilet and people around are worried Is this preparation #coronavirus?? ,Hyderabad,joy
2020-03-03,Reduce your risk from #coronavirus,Hyderabad,neutral
2020-03-03,Reduce your risk from #coronavirus,Hyderabad,neutral
2020-03-03,Reduce your risk from #coronavirus,Hyderabad,neutral
2020-03-03,Reduce your risk from #coronavirus,Hyderabad,neutral
2020-03-03,Reduce your risk from #coronavirus,Hyderabad,neutral
2020-03-03,Reduce your risk from #coronavirus,Hyderabad,neutral
2020-03-03,Reduce your risk from #coronavirus,Hyderabad,neutral
2020-03-03,Reduce your risk from #coronavirus,Hyderabad,neutral
2020-03-03,PM Modi is busy distracting Indians by silly announcements like quitting social media instead of about - Measures taken against Corona Virus - GDP Growth falling to 4.7% - World condemning Delhi Violence - Hate Speech by BJP leaders like Mishra - Zero outcome of Trump's Visit ,Hyderabad,sadness
2020-03-03,If I were a chemist would have invent medicine to #coronavirus #coronavirusindia #BREAKING #AdoptVedicHoliPreventCorona,Hyderabad,surprise
2020-03-03,Most viral video https://youtu.be/Q7gLchluyRE via @YouTube #coronavirusindia #CoronavirusReachesDelhi #2019nCoV #AccessTheStars #YogiAdityanath #TrendingNow #viral #coronavirus,Hyderabad,joy
2020-03-03,Reduce the risk of Coronavirus infection. follow these important precautions. @NewsMeter_In @MusicThaman @harish2you @KTRTRS @timesofindia @Xpress_edex @musharraf_ias @MoHFW_INDIA @WHO @Andrew007Uk @DMHO_Rajanna @Collector_RSL,Hyderabad,joy
2020-03-03,#CoronaVirus Kante Danger ra babu #KalyanFans Inbuilt Addiction,Hyderabad,neutral
2020-03-03,Coronavirus Outbreak: Twitter Encourages All 5 000 Employees to Work From Home ,Hyderabad,neutral
2020-03-03,(3/3) concerned about #PSPK26FirstLook poster. PS: A lift has been dedicated to Corona virus patients at Gandhi Hospital #CoronaOutbreak #coronavirus #CoronaVirusUpdate #coronavirusindia #CoronavirusOutbreak #CoronavirusReachesDelhi #COVID2019 #COVID19 #COVID #COVID19india,Hyderabad,joy
2020-03-03,(2/3) #GandhiHospital in Hyderabad. He has been quarantined. He travelled by bus from #Bangalore to Hyderabad. Delhi is still burning  Punishment for #Nirbhaya convicts has been postponed  Corona virus has reached Hyderabad but #Telangana is only,Hyderabad,surprise
2020-03-03,Hyderabad has the first case of confirmed Corona Virus ( covid-19). The patient who has tested positive for Corona in #Hyderabad is a resident of #MahindraHills near #Secunderabad. He got admitted in #ApolloHospitals and then was later shifted to corona isolation ward in (1/3),Hyderabad,surprise
2020-03-03,What countries have been affected by the Novel coronavirus? How many cases are there in China? Real-time updates on the number of cases worldwide. https://infographics.channelnewsasia.com/covid-19/map.html via @ChannelNewsAsia,Hyderabad,joy
2020-03-03,How can gandhi hosp staff allow Corona virus patient come out from secured isolation ward n use public toilet @KTRTRS you ppl ve to take strict action. Okka saari antukunte  we can't stop it,Hyderabad,joy
2020-03-03,@aimim_national President @asadowaisi Says About #Corona Virus In India. @asadowaisi Says Center Government have to Save People Of This Virus.* He Aslo give Suggestions to wash Hand Time to time. @imtiaz_jaleel @Akbar_Owaisi @ImJaffarHussain @ABPNews @aajtak #Hyderabad #MP,Hyderabad,surprise
2020-03-03,@asadowaisi Says About #Corona Virus In India. @asadowaisi Says Center Government have to Save People Of This Virus. He Aslo Suggested to wash Hand Time to time. @aajtak @ntdailyonline @ABPNews @aimim_national @4tvhyd @ZeeNews @NaseerGiyas @imtiaz_jaleel,Hyderabad,surprise
2020-03-03,Finally corona virus's medicine invented #coronavirusindia #VakeelSaab #IWillAlsoLeaveTwitter #Nokuthula #PMModi,Hyderabad,neutral
2020-03-03,#Karuna means Compassion ! It's gives http://compassion.to environment as reported by #NASA . #CoronaVirus ,Hyderabad,neutral
2020-03-03,At a time when we should be debating how to repair fractured social relations  how prepared we are to deal with corona virus  how to revive the economy  we are now speculating why PM Modi may quit social media. Yeh hai ‘new’ politics  ‘new’ India  ‘new’ media! have a good day!,Hyderabad,sadness
2020-03-03,A little birdie from Delhi tells me dat corona virus can be treated for free at all mohalla clinics in Delhi.,Hyderabad,neutral
2020-03-03,@KTRTRS @hydcitypolice sir  Since v hv a cnfirmed case of Coronavirus in Hyd  how abt your team strts organizing public awareness campaigns related 2 it in d metro/bus/rlvy stns schools clgs&amp;workplaces.Orgnized Dstribtion of N95 masks in pblc plcs vil also work. #coronavirus – at Hyderabad,Hyderabad,joy
2020-03-03, profound and also can prevent #CoronaOutbreak to an extent. #coronavirus ,Hyderabad,neutral
2020-03-03,Follow this thread to know more about the Coronavirus case reported in Hyderabad. Let's be more cautious and stop it's spread further. Basic protective measures. Check this @WHO's link on a regular basis to know more. https://www.who.int/emergencies/diseases/novel-coronavirus-2019/advice-for-public @HiHyderabad #coronavirusindia,Hyderabad,sadness
2020-03-03,Ok the positive side  47 000+ folks have recovered from #COVID19,Hyderabad,surprise
2020-03-03,#LifeChangingBook_JeeneKiRaah #coronavirusindia True worship can cure incurable diseases like Cancer  Aids  #COVID19 etc. Saint Rampal Ji Maharaj is the one who provides true worship. More Information... - Must Watch Sadhna TV 07:30PM (IST). Please Read – at School of life sciences  HCU,Hyderabad,neutral
2020-03-03,(3/3) concerned about #PSPK26FirstLook poster. PS: A lift has been dedicated to Corona virus patients at Gandhi Hospital #CoronaOutbreak #coronavirus #CoronaVirusUpdate #coronavirusindia #CoronavirusOutbreak #CoronavirusReachesDelhi #COVID2019 #COVID19 #COVID #COVID19india,Hyderabad,joy
2020-03-03,"Tokyo 2020 could be postponed amid coronavirus outbreak  Olympic minister suggests" ,Bangalore,neutral
2020-03-03,Sir please tell the Indian government to stop the people entering in india from China South Korea an some more country's because of this #coronavirus ya Allah please please please keep every indian save from this #coronavirus #StopCoronaVirus entering in our country ,Bangalore,joy
2020-03-03,CORONA VIRUS IS LATEST. FALL IN ECONOMY IS GRADUALLY INCREASING FROM SOME YEARS.,Bangalore,neutral
2020-03-03,What countries have been affected by the novel coronavirus known as COVID-19? How many cases are there in China? https://infographics.channelnewsasia.com/covid-19/map.html via @ChannelNewsAsia,Bangalore,sadness
2020-03-03,#coronavirus Latest cancellation - the year 2020! Let’s just all take the remaining 10 months off and start afresh in 2021 - world should be a better place by then and all our batteries will be recharged!,Bangalore,joy
2020-03-03,Hahahahahaha look who's talking. For all u know  you must be thinking #CoronaVirus is coming from #CoronaBeer ..idiot.,Bangalore,sadness
2020-03-03,@Nammabescom1 We are in dark since 8pm this evening. Is it due to Corona virus? At Ashwath Nagar  Marathahalli. Please restore power ASAP.,Bangalore,sadness
2020-03-03,Hey #coronavirus beware  Sudhir is coming. #coronavirusindia #CoronavirusReachesDelhi #CoronaVirusUpdates,Bangalore,surprise
2020-03-03,Reduce your risk from #coronavirus,Bangalore,neutral
2020-03-03,India #BJP's Belief &amp; faith Novel Coronavirus can be cured with gaumutra(Cow Urine) Gobar(Cow Dung) claims Assam BJP MLA SumanHaripriya (PM Modi's party is BJP) Another BJP leader Dilip Ghosh says  Cows of Other than India are not Mothers but Aunties ,Bangalore,neutral
2020-03-03,Corona virus is transmitted by droplets by sneezing or coughing  fever  dry cough and fatigue are the symptoms rest is plain flu or sore throat only.,Bangalore,joy
2020-03-03,What countries have been affected by the novel coronavirus known as COVID-19? How many cases are there in China? https://infographics.channelnewsasia.com/covid-19/map.html via @ChannelNewsAsia,Bangalore,sadness
2020-03-03,Stay informed  Stay protected! #COVID19 #coronavirus ,Bangalore,joy
2020-03-03,Reduce your risk from #coronavirus,Bangalore,neutral
2020-03-03,Reduce your risk from #coronavirus,Bangalore,neutral
2020-03-03,Reduce your risk from #coronavirus,Bangalore,neutral
2020-03-03,Coronavirus in Seattle! ,Bangalore,neutral
2020-03-03,#coronavirus to Indian: ,Bangalore,neutral
2020-03-03,Reduce your risk from #coronavirus,Bangalore,neutral
2020-03-03,Reduce your risk from #coronavirus,Bangalore,neutral
2020-03-03,Hey @makemytrip   we are trying to reschedule our international flight on 5th March due to Corona Virus advisory but not able to reach to the flight team for the last 5 hours..please help us...,Bangalore,neutral
2020-03-03,Now the Intel associate is sick and has gone for coronovirus test.. They have used ecospace cafeteria as well... #coronavirus,Bangalore,disgust
2020-03-03,Thread! High alert in Bengaluru. #coronavirus The techie from Bengaluru belongs to Jain heights apartment on Sarjapur Road stayed one night with his room mate and left to Hyderabad ...so room mate is also under observation ..,Bangalore,joy
2020-03-03,Read my story on isolation wards for Coronavirus patients in Bangalore! http://newsnet.iijnm.org/isolated-wards-set-up-for-coronavirus-patients/,Bangalore,neutral
2020-03-03,Reduce your risk from #coronavirus,Bangalore,neutral
2020-03-03,Reduce your risk from #coronavirus,Bangalore,neutral
2020-03-03,I just watched the State department's press conference about the Iranian coronavirus outbreak and was shocked by the severe tone of the state apartment official. However  this all made sense to me after reading the history of the conflicts between the Islamic Republic of (1/5),Bangalore,anger
2020-03-03,#coronavirus #COVID19 Sensitise and not sensationalise! 1. Hygiene 2. Do not panic 3. Follow official instructions Follow @WHO for reliable and sensible advice,Bangalore,neutral
2020-03-03,Exactly! Best way to handle corona virus!!! ,Bangalore,joy
2020-03-03,Jain heights #SarjapurRoad residents briefed by GoK docs on #Coronavirus symptoms precaution etc.There is nothing to worry lets ensure we keep our hands clean don't touch/eyes nose &amp; mouth &amp; avoid contacts. #DontPanic on symptoms avoid office visit doc keep.mask handy! #DontPanic – at Jain Heights,Bangalore,sadness
2020-03-03,“Seriously people!STOP BUYING MASKS!”the surgeon Jerome Adams said in a tweet on Saturday.They are NOT effective in preventing general public from catching #Coronavirus but if health care providers can’t get them to care for sick patients it puts them and our communities at risk! ,Bangalore,joy
2020-03-03,You said it. It's curing Coronavirus these days.,Bangalore,neutral
2020-03-03,Interactive Town Hall meeting at Dynamatic Aerotropolis. @UTobyM spoke on Quality  Company  Coronavirus and on how we each can be better citizens. ,Bangalore,joy
2020-03-03,Today's true leaders are doing the rounds of Malaysia  Indonesia and other places. They seem to have families there. Also today's leaders have dual passport and have benami businesses in UK . Hard to focus on crisis by Corona virus. Regret for the same. ,Bangalore,surprise
2020-03-03,We called the Coronavirus helpline number and here is what happened | India News The Indian Express ,Bangalore,joy
2020-03-03,so the corona virus was detected at a jain apartment on sarjapur road and guy worked in ecospace. be safe,Bangalore,joy
2020-03-03,Reduce your risk from #coronavirus,Bangalore,neutral
2020-03-03,A brief information on DO's & DON'Ts that can be followed to prevent yourself from the pandemic #Coronavirus. #2019nCoV #Staysafe #COVID2019 #Safetytips #coronavirusindia,Bangalore,neutral
2020-03-03,You are more dangerous than Corona virus. Fake news manufacturer ,Bangalore,sadness
2020-03-03,Safety first! #CoronaOutbreak #coronavirus #corona,Bangalore,sadness
2020-03-03,Hope corona virus goes off soon ,Bangalore,anger
2020-03-03,Coronavirus: Visas Issued To Citizens Of 4 Nations By March 3 Suspended https://www.ndtv.com/india-news/visas-issued-by-march-3-to-citizens-of-4-nations-who-havent-entered-india-suspended-2189094 Shared via NDTV News App (Android - http://ndtv.com/android | iPhone - http://ndtv.com/iPhone ),Bangalore,neutral
2020-03-03,@BeCureFit In the wake of corona virus in Bangalore  what are the precautions which has been taken at cult centres. Yesterday in the yoga class  I saw a client sneezing and coughing through the session.,Bangalore,joy
2020-03-03,If @narendramodi had responded in tackling Communal virus as readily as he is the Corona virus .... (fill in),Bangalore,joy
2020-03-03,Honestly  in India there is a greater chance of being killed by a rioter/ hater than by the coronavirus. At least medical personnel are sympathetic. Police look the other way.,Bangalore,joy
2020-03-03,Coronavirus: Karnataka govt tracks all primary contacts of #Bengaluru techie @IndianExpress Read: https://bit.ly/38eu1mJ,Bangalore,neutral
2020-03-03,Reduce your risk from #coronavirus,Bangalore,neutral
2020-03-03,True in case of corona virus this sharing of inf shall help in co raining the spread of virus as public may take precaution s,Bangalore,joy
2020-03-03,In these days of Coronavirus  they should probably have sent him a Whatsapp instead ,Bangalore,joy
2020-03-03,All employees in India to have paid mandatory leave to avoid the spread of the COVID-19 novel coronavirus starting from March 5  2020. Offices will resume after 2 weeks of the mandatory closure. Read the full article here: https://external-preview.redd.it/vxPXEGgL4v8mCGw06IFGsmJNtqWQg-z60xQQ79dHKPY.jpg?auto=webp&amp;s=db7685262e9b352a4888e547f52a244e2ea2cb9f,Bangalore,neutral
2020-03-03,"India now has three more cases of coronavirus  including an Italian national" ,Bangalore,neutral
2020-03-03,"#Coronavirus: Global death toll surpasses 3 000 as cases soar" ,Bangalore,neutral
2020-03-03,In fact the real threat to spread of Coronavirus is not from China...!! It is from India! The Sanghis &amp; their Cowdung science is an effective organic for the spread of Coronavirus globally...!! Of all the persons this entity talks about de-stressing the mind...!!! ,Bangalore,sadness
2020-03-03,Reporting on suspected cases of Coronavirus! At the moment  there is no +ve case. @iijnmbangalore #journalistlife – at SDS TB &amp; Rajiv Gandhi Institute of Chest Diseases,Bangalore,neutral
2020-03-03,Since October  25 million Americans have been infected by this virus & over 10 000 have aready died. The culprit : seasonal flu Useful & instructive video on Coronavirus ,Bangalore,surprise
2020-03-03,So if someone thinks they have the CoronaVirus in India  which of the diagnostic clinics can test for COVID19? @Thyrocare @HospitalsApollo @WockhardtHosp @fortis_hospital @lalpathlabs,Bangalore,neutral
2020-03-03,What countries have been affected by the novel coronavirus known as COVID-19? How many cases are there in China? https://infographics.channelnewsasia.com/covid-19/map.html via @ChannelNewsAsia,Bangalore,sadness
2020-03-03,Finally after years of mom telling me to wash hands frequently  regularly  properly.............. coronavirus has made it happen,Bangalore,anger
2020-03-03,Bengaluru techie the latest confirmed case of coronavirus. Good news is that this narrows down the scope to EVERYONE IN BENGALURU,Bangalore,sadness
2020-03-03,Informstive thread reg Corona Virus ,Bangalore,neutral
2020-03-03,What countries have been affected by the Novel coronavirus? How many cases are there in China? Real-time updates on the number of cases worldwide. #RealTime #CoronaOutbreak #CoronaVirusUpdate #coronavirusindia https://infographics.channelnewsasia.com/covid-19/map.html via @ChannelNewsAsia,Bangalore,joy
2020-03-03,3 cases of Corona virus in India. Be careful guys. Could spread fast because of our population &amp; unfortunately unhygienic surroundings/habits a lot of people have.,Bangalore,joy
2020-03-03,@SadhguruJV What do you think? #Coronavirus ,Bangalore,fear
2020-03-03,I’ve lost my peace of mind because of the corona virus crisis that is heavily prevalent in my office. Just don’t touch anybody  let alone yourselves. #coronavirusindia,Bangalore,sadness
2020-03-03,For protection against coronavirus  eat two cloves of garlic and a raw onion every morning and evening.And don’t brush your teeth! It's basically useless  but will keep everyone at a safe distance #coronavirusindia,Bangalore,joy
2020-03-03,Which court can stop if these rapists die due to coronavirus. ,Bangalore,joy
2020-03-03,#coronavirus Karnataka health minister Sriramulu called a emergency meeting of officers,Bangalore,joy
2020-03-03,*sits bolt upright* ARE THEY GOING TO CANCEL EUROVISION? #coronavirus #Eurovision,Bangalore,joy
2020-03-03,#NoSir #coronavirus doesn't spread through social media ! ,Bangalore,neutral
2020-03-03,Humans think they can Lord over nature and they can dominate thinking they are the most powerful beings on earth but the creator lets you know that they are as vulnerable as any other living being on this Earth. Nobody is above Mother nature.#Coronavirus,Bangalore,sadness
2020-03-03,People lined up to purchase coronavirus protection masks in Seoul. South Korea is the hardest-hit country outside China. ,Bangalore,neutral
2020-03-03,It’s high time companies stopped ALL travel  from anywhere to anywhere! #Coronavirus spreads like wildfire. Travel boosts community wide transmission. In Hyderabad case even just 1 case has led to 80 being suspected for it. #Scary,Bangalore,joy
2020-03-03,Best way to kill #COVID19 is washing... ,Bangalore,joy
2020-03-03,#covid19 India killer is here – at LIC Colony Park,Bangalore,neutral
2020-03-03,Stay informed  Stay protected! #COVID19 #coronavirus,Bangalore,joy
2020-03-03,If one tiniest virus can disrupt the entire world trade and normal life across globe  just imagine what will happen if we don’t address climate change. Our natural resources are getting exploited limitlessly. It’s a wake up call. #ClimateChange #COVID19,Bangalore,neutral
2020-03-03,#coronavirus #COVID19 Sensitise and not sensationalise! 1. Hygiene 2. Do not panic 3. Follow official instructions Follow @WHO for reliable and sensible advice,Bangalore,neutral
2020-03-03,#COVID19 Stay Safe and Healthy ! ,Bangalore,neutral
2020-03-03,@BeCureFit in the wake of COVID-19  what precautions are cult fitness taking to ensure we don’t get infected due to the format being community classes! What measures are u taking for equipment like weights  Mats fingerprint scanners are disinfected? #COVID19 #coronavirusindia,Bangalore,joy
2020-03-03,#Alert: Bengaluru’s Jain Heights Altura apartment on Sarjapur Road has come under the Health department’s scanner for #COVID19. ,Bangalore,surprise
2020-03-03,So if someone thinks they have the CoronaVirus in India  which of the diagnostic clinics can test for COVID19? @Thyrocare @HospitalsApollo @WockhardtHosp @fortis_hospital @lalpathlabs,Bangalore,neutral
2020-03-03,Simple and relatable ideas for multi-location teams and gig economy worker orgs! In the age of #COVID19 hell yeah it’s relevant for everyone! ,Bangalore,neutral
2020-03-03,#Google officially canceled #io2020 event  it’s annual #developer’s conference amid concerns over the ongoing COVID-19 (#coronavirus) global outbreak. The event was scheduled to take place on May 12-14  but has apparently been canceled with no immediate plans to reschedule.,Ahmedabad,sadness
2020-03-03,Google cancels physical I/O 2020 due to coronavirus concerns. #io20 #googleio #googleio2020,Ahmedabad,joy
2020-03-03,@CDCgov : To prevent Corona Virus Disease stay home  avoid physical contact and don't go into large crowds. Schools and Colleges: ,Ahmedabad,joy
2020-03-03,What about the other side  our currency value is related lots of parameters The whole world economy is down due to several reasons and major reason is #coronavirus  At this time as a opposition you need to support the government and give the advice how we over come this situation,Ahmedabad,joy
2020-03-03,Coronavirus: South Korea declares 'war' on outbreak as cases surge over 5 000 ,Ahmedabad,joy
2020-03-03,@qatarairways as there is outbreak of coronavirus in the whole world will there be refund on ticket cancellation if departure date is after one month?,Ahmedabad,neutral
2020-03-03,New treatment for corona virus.... Rate cut ,Ahmedabad,disgust
2020-03-03,Sir... #coronavirus is become dominant on human being in entire world... From my research  it is mainly due to high acidic environment of mankind... 1) due to high stress 2) intake of RO water which ph is around 4... 3)nutrition deficient diet which we take... &amp; many more...,Ahmedabad,joy
2020-03-03,Precautions from #Covid_19 @COVID19Update #coronavirus following this steps if any further information in following contact to phone no  email and @MoHFW_INDIA Do not but ,Ahmedabad,sadness
2020-03-03,It's sad to see #India's politicians squabbling over petty issues when the threat of #coronavirus #Covid_19 has become a scary reality in India. #CoronavirusReachesIndia,Ahmedabad,fear
2020-03-03,@Alitalia I have flight booking from rome to new delhi..I have to cancel the same due to corona virus condition. I am not able to get in touch with your customer care. Can you help me with the same ?,Ahmedabad,neutral
2020-03-03,Interesting Thread #coronavirus ,Ahmedabad,joy
2020-03-03,Good morning Sir... After a lots of research  i have found the treatment for #nCoV19 ( #coronavirus) It is very difficult to treat the infection... But by giving the treatment with #nutrients  #herbs in proper dosage at cellular level  we can treat it... @PMOIndia,Ahmedabad,surprise
2020-03-03,#COVID19 Stay Safe  Protect and Prevent #India ,Ahmedabad,neutral
2020-03-03,@jairamthakurbjp Sir  Are our hospitals ready with all needed to Handle CoVID19 ? If detected? Are we ready?,Ahmedabad,neutral
2020-03-03,Reduce your risk from #coronavirus,Visakhapatnam,neutral
2020-03-03,Reduce your risk from #coronavirus,Visakhapatnam,neutral
2020-03-03,Reduce your risk from #coronavirus,Visakhapatnam,neutral
2020-03-03,Reduce your risk from #coronavirus,Tirupati,neutral
