Tweet Posted Time (UTC),Tweet Content,Tweet Location,Emotion
2020-03-10,Yes   But Pharmas the world over will make 5 trillion $. Thats the deal. !!! After that CoronaVirus will be gone ! #COVID2019 #CoronavirusOutbreak #Quarantined,Goa,anger
2020-03-10,Pranayama with Yoga best to keep away any respiratory related ailment. By doing Yoga and Pranayama regularly your respiratory system gets strong #coronavirus #COVID19 #CoronavirusOutbreak #coronavirusindia,Karnataka,surprise
2020-03-10,Pranayama with Yoga best to keep away any respiratory related ailment. By doing Yoga and Pranayama regularly your respiratory system gets strong #coronavirus #COVID19 #CoronavirusOutbreak #coronavirusindia,Karnataka,surprise
2020-03-10,My coronavirus anxiety score makes me Somewhat Coronaphobic (54%). https://www.idrlabs.com/coronaphobia/54/result.php via @idr_labs,Manipur,anger
2020-03-10,China Govt. Restricted to read HoLy Quraan and after Corona Virus Govt. Supplying Quraan to read. What a amazing miracle of ALLAH and Quraan. ,Punjab,surprise
2020-03-10,Allah hae na: weather is turning hot and kill #Coronavirus for Punjabis just like cold weather rescues them from dengue mosquitoes.On a serious note  crisis is serious as 15 of 19 cases are being reported in Sindh. Fail to understand y PSL matches r not being shifted from Karachi ,Punjab,sadness
2020-03-10,The West had been a disappointment dealing with Coronavirus ,Punjab,joy
2020-03-10,JUST IN: Nine new cases of #coronavirus in #Brazil,Punjab,joy
2020-03-10,BREAKING: 74 new cases of #coronavirus and 2 new deaths in King County  #Washington. Total reaches to 236 confirmed cases and 25 deaths.,Punjab,anger
2020-03-10,BREAKING: Two new #coronavirus deaths in Washington state.,Punjab,neutral
2020-03-10,BREAKING: An Israeli that tested positive for #Coronavirus visited the US embassy in Tel Aviv 5 days ago according to the Israeli health ministry. All those in the building are going to be Quarantined for 14 days.,Punjab,joy
2020-03-10,What's the status of corona virus in Israel!?,Punjab,neutral
2020-03-10,#coronavirus in USA: 26th January: 2 cases 16th February: 16 cases 27th February: 60 cases 4th March: 137 cases  9 deaths 7th March: 327 cases  16 deaths 10th March: 787 cases  27 deaths,Punjab,neutral
2020-03-10,#Coronavirus Fatality Rate: World: 0-3 % China: 3.88 % Italy: 6.2 %,Punjab,neutral
2020-03-10,#Coronavirus in Denmark: 9th March 2020: 90 Confirmed cases 10th March 2020: 262 confirmed cases Situation in whole of Europe in one Tweet.,Punjab,neutral
2020-03-10,@MashwaniAzhar @naikrooh @Lalika79 yar do something about @geonews_urdu. Zafar sb starts with tweet number 243 and geo ticker showing it as number of Corona virus cases in Pakistan. ,Punjab,surprise
2020-03-10,BREAKING: 977 new cases of #coronavirus today and 168 new deaths in Italy. total reaches to 10 149 cases and 631 dead.,Punjab,anger
2020-03-10,BREAKING: 1 new case of #coronavirus in Pakistan. Pakistan’s total reaches 20 Patient is from Quetta  Pakistan and is a 12 year old boy.,Punjab,anger
2020-03-10,BREAKING: JUST IN: 106 new cases of #coronavirus in Denmark. Total reaches 262,Punjab,anger
2020-03-10,Most cases spreading from Sindh earlier many Aids cases reported also from Sindh please check their control & capabilities to control Corona Virus. @ImranKhanPTI @Dr_YasminRashid @BakhtawarBZ @SyedaShehlaRaza,Punjab,joy
2020-03-10,Sindh took lead in spreading Aids now they are spreading Corona Virus in the country. @MalickViews @RealWaqarMaliks @BakhtawarBZ @AsifabhuttoZar1 @KlasraRauf @MoeedNj,Punjab,sadness
2020-03-10,Question to all the ultra-libertarians and anarcho-marxists who want elimination of the state: what to do you do when you a global pandemic like the current coronavirus? How do you deal with that problem with no organized state or government at the top? .@Taimur_Laal,Punjab,neutral
2020-03-10,123 #coronavirus cases reported in #Switzerland taking total cases to 497 66 cases reported in #Denmark taking total to 156 65 cases reported in #Sweden taking total to 325 61 new cases reported in the #Netherlands taking the total to 382,Punjab,joy
2020-03-10,BREAKING: 5th #coronavirus case in Malta,Punjab,neutral
2020-03-10,BREAKING: Harvard University cancels all in-person classes due to #coronavirus. All classes to be held Online now.,Punjab,neutral
2020-03-10,BREAKING: NUMBER OF CONFIRMED #CORONAVIRUS CASES IN U.K RISES TO 373 - U.K HEALTH MINISTRY. #WakeUp,Punjab,neutral
2020-03-10,BREAKING: Polish MOD announces that The General Commander of The Polish Armed Forces  Lt. General Jaroslaw Mika  has been infected with #Coronavirus. He recently returned from Germany.,Punjab,joy
2020-03-10,#Engro corporation shuts down its office in #Karachi after one of its employees contracted the novel #coronavirus virus.,Punjab,joy
2020-03-10,No need to panic  situation is under control  says CM Sindh as #coronavirus tally hits 15 in Sindh.,Punjab,anger
2020-03-10,#coronavirus in the last hour: - 415 new cases in spain and 5 new deaths taking the total number of confirmed cases to 1646 cases and 35 deaths - 60 new cases in Stockholm  Sweden - Sixth Death in UK - Spain Parliament suspended for 1 week after MP tested positive #CoronaVirus,Punjab,joy
2020-03-10,BREAKING: 391 new #coronavirus cases in Spain taking the country’s total to 1 622,Punjab,joy
2020-03-10,BREAKING: Sixth death in UK due to #coronavirus,Punjab,neutral
2020-03-10,BREAKING: 60 new cases of #coronavirus in Stockholm  Sweden. Total reaches 325.,Punjab,anger
2020-03-10,Hahaha #coronavirus ,Punjab,neutral
2020-03-10,Sindh Health Department in the Sindh Province of Pakistan has recommended the Provincial Govt of Sindh to extend the School  collages  universities closure for a further 1 month due to #coronavirus. This comes after 8 new cases were detected overnight in the largest city Karachi.,Punjab,joy
2020-03-10,BREAKING: 2 new cases of #coronavirus in Pakistan. Total reaches 18 Both of the 2 cases are from the Sindh province and total in Sindh alone reaches 15.,Punjab,anger
2020-03-10,ARAMCO's Agreemnt btw SaudiArabia and US.SDisposal of Saudi assets and investments in US.Saudi Arabia's pivotal position among muslim countries and arrangemnts for Haj and alltmnt of Haj quotas each yr..What happens to performance of Haj on acct of Coronavirus this yr.,Punjab,neutral
2020-03-10,No sorry bhanssa creature ، #KhalilUrRahmanQamar didn't insult women but you &amp; you deserved @marvisirmed Chimpanzee  #coronavirus human faced. #AuratMarch,Punjab,sadness
2020-03-10,Engro takes immediate action in light of an employee who tested positive for the Coronavirus in Karachi. ,Punjab,joy
2020-03-10,Suspected case of Corona Virus at Engro corporation. Immediate steps taken at their offices. Responsible behaviour should be appreciated. ,Punjab,joy
2020-03-10,Simple Solution of Corona Virus. #CoronaVirusPakistan,Punjab,neutral
2020-03-10,Premier League needs to be suspended as well...for multiple reasons. Including Corona virus  of course. ,Punjab,joy
2020-03-10,8th cases of #coronavirus in Karachi making us more panic. Hub city which is adjacent to Karachi  each day multiple people go and come to Karachi on a daily basis it also holds also various industries  government take a precautionary measurement. @LiaquatShahwani @jam_kamal,Punjab,anger
2020-03-10,Nine more coronavirus cases emerge from Karachi  raises Pakistan's toll to 16 ,Punjab,neutral
2020-03-10,Nine more coronavirus cases emerge from Karachi  raises Pakistan's toll to 16 ,Punjab,neutral
2020-03-10,@PMOIndia @AmitShah Awareness of the coronavirus on everyone's mobile phone is demanding that he make a change in his state language,Tamil Nadu,anger
2020-03-10,I love my Life So im very careful with my health #coronavirus #Corona #WashYourHands,Uttar Pradesh,joy
2020-03-10,Someone: Corona virus is the most annoying thing these days. Me: Didn't you come across that caller tune?! #CoronaIntroSucks,Uttar Pradesh,neutral
2020-03-10,Everyone should avoid colourful Holi today due to CORONA Virus. Wish you all happy Holi from myself and my family members.,Uttar Pradesh,joy
2020-03-10,#HappyHoli to @ManUtd and to all of my Red devils family..My dear frnds  stay blessed all &amp; be safe from #coronavirus.. Next yr will b ours #GGMU,West Bengal,anger
2020-03-10,@PMOIndia @AmitShah Awareness of the coronavirus on everyone's mobile phone is demanding that he make a change in his state language,Tamil Nadu,anger
2020-03-10,@JM_Scindia took the #coronavirus threat pretty seriously by cutting all ties with #Italians !! PS- I still believe this drama is far from over yet.,Chandigarh,joy
2020-03-10,Did it burn Corona Virus eventually?,Chandigarh,neutral
2020-03-10,#CoronavirusOutbreak The Coronavirus- Watch Full Video On my YouTube Channel. https://youtu.be/fICtCxjbjQ4,Chandigarh,neutral
2020-03-10,#Coronavirus in India,Chandigarh,neutral
2020-03-10,Update on South Asia #Coronavirus 24 hrs later India: 61 (increase ) Pakistan: 19 (increase ) Afghanistan: 7 (increase ) Bangladesh:3 Maldives: 6 (increase ) Sri Lanka:1 Bhutan:1 Nepal:1 ,Delhi,neutral
2020-03-10,What the hell is going on? Is this how #Coronavirus will be tackled? Is this a virus or some political leader that minister n his troupe are asking him to go back? ,Delhi,joy
2020-03-10,That's why there is no Corona virus cases found in bankok !! ,Delhi,neutral
2020-03-10,Well frankly  anyone can spend as much billion of dollars as within their powers  the only solution to bring back normalcy is to come up with a vaccine for #Coronavirus or in case otherwise  it decides go away by itself (don't know if we can wait that long). @_nirajshah,Delhi,sadness
2020-03-10,Pls save yourself from #corona Virus.... credit @michelepetrelli Precautions are must for everyone  everywhere in the world. . . . . . . #coronavirüsü #coronavirusitalianews #coronaindia #coronainindia #news… https://www.instagram.com/p/B9j9-Axlafv/?igshid=1v2gk9urtmok9,Delhi,joy
2020-03-10,Indian Citizens are advised to avoid non essential travel abroad: Indian Health Ministry #Coronavirus ,Delhi,neutral
2020-03-10,@goibibo Dear sir  We want to cancel our delhi Kochi and Kochi delhi tickets due to corona virus As I talked with vistara airlines they allow us the refund full fare .Kindly tell me your charges for cancellation by goibibo,Delhi,joy
2020-03-10,Plz remove that coughing from our phone calls. It’s worse like a Corona virus ,Delhi,joy
2020-03-10,2003-SARS is going to kill us 2005-Bird Flu 2009-Swine Flu 2012-Mayan calendar predicts d world endin 2013-NKorea wil cause WWIII 2014-Ebola Virus 2016-Zika Virus 2019-US Iran war 2020-Corona Virus is goin to kil us *Truth is FEAR is killing us* Be cautious but dont panic,Delhi,sadness
2020-03-10,The world needs to know which research led to novel coronavirus. @WHO @UNOCHA @COVID19Update @StateDept @XHNews @TimesNow @HRDMinistry,Delhi,sadness
2020-03-10,Excellent thread to read on CoronaVirus.. Some positives finally!! ,Delhi,neutral
2020-03-10,Coronavirus India updates March 9: Cases count rises to 47 https://indianexpress.com/article/india/coronavirus-outbreak-india-updates-march-9-6306322/ via @IndianExpress @POTUS @UN @EU_Commission @MFAThai @govsingapore @ItalyMFA the Chinese need to be banned from all future travels. Very soon they will start eating their own shit !!!,Delhi,surprise
2020-03-10,How faith/religions fights #Corona Virus ? #CoronavirusOutbreak #coronavirus #CoronaVirusitaly #coronavirusuk #CoronaVirusIndonesia #COVID2019 #COVID19NL,Delhi,neutral
2020-03-10,India Advisory on #Coronavirus: All passengers with travel history to China  Hong Kong  South Korea  Japan  Italy  Thailand  Singapore  Iran  Malaysia  France  Spain &amp; Germany to undergo self-imposed quarantine for a period of 14 days from the date of their arrival ,Delhi,joy
2020-03-10,@ArvindKejriwal @msisodia Coronavirus in Kerala: Six more test positive  number of cases rises to 15; CM orders total shutdown. Prevention is better as there's no cure. https://timesofindia.indiatimes.com/city/thiruvananthapuram/coronavirus-in-kerala-six-more-test-positive-number-of-cases-rises-to-15-cm-orders-total-shutdown/articleshow/74562236.cms?utm_campaign=andapp&amp;utm_medium=referral&amp;utm_source=native_share_tray Download the TOI app now: https://timesofindia.onelink.me/efRt/installtoi,Delhi,sadness
2020-03-10,Key messages and actions for coronavirus disease (COVID-19) prevention and control in schools @unicef https://shar.es/aHbxxe @UNICEFIndia,Delhi,joy
2020-03-10,50 cases of #Coronavirus in India. 34 case are Indians  rest Italian tourist: Health Ministry ,Delhi,neutral
2020-03-10,This is not breaking. Breaking news is 56 people getting coronavirus.,Delhi,neutral
2020-03-10,SAVE MONEY Coronavirus outbreak: Want to reschedule or cancel air ticket? Here's what airlines are offering @moneycontrolcom,Delhi,joy
2020-03-10,We need to eradicate the racist mainlanders first. Virus can be cured but the prejudice won't. #India #Racists #Mainland #Northeast #CoronaVirus,Delhi,sadness
2020-03-10,Is that Corona virus affected Jio network also @reliancejio,Delhi,joy
2020-03-10,Hahaha this is funny. People burnt coronavirus effigy for real? Brilliant. Humour is verywhere  some found on Air some here. Apni Marzi Apna Swaad. Lage Raho.,Delhi,surprise
2020-03-10,@ArvindKejriwal after waiting for half an hour to find a suitable place to pee.... Found this amazing public toilet with locks at IIT Delhi...This is how we will create public hygiene and fight with Corona Virus.... ,Delhi,surprise
2020-03-10,BREAKING: UK reports 46 new cases of coronavirus  319 cases in total. 61 cases in London.,Delhi,neutral
2020-03-10,We understood about #coronavirus . No need to play 30 seconds long 'hello tune' before every call. Its irritating now. @narendramodi @MoHFW_INDIA @SatyendarJain @AAPDelhi @ArvindKejriwal #StopCoronaVirusHelloTune,Delhi,sadness
2020-03-10,The advantage of flying during coronavirus times ... four seats to myself #FlutePainter #WouterKellerman #Coronavirus #COVID #NiceStretch,Delhi,neutral
2020-03-10,JUST IN: India reports 13 new cases of coronavirus in the last 24 hours. Raising country's total to 56 cases,Delhi,joy
2020-03-10,AFP news agency reports 54 new #Coronavirus deaths in Uran |highest death toll in a day . #irancoronavirus #coronavirusindia @MoHFW_INDIA @ArvindKejriwal @drharshvardhan @vijayanpinarayi,Delhi,neutral
2020-03-10,India now has 56 cases of the corona virus. U would think it’s doomsday here.,Delhi,neutral
2020-03-10,Is it a coincidence that the anagram for corona virus is carnivorous? We know it started from eating wild animals - but which animal is not wild ? Maneka Sanjay Gandhi #CoronavirusOutbreak #COVID2019 #CoronaVirusUpdate #coronavirusindia #Corona #coronavirus,Delhi,neutral
2020-03-10,If I don’t die of coronavirus  I’ll probably die of an overdose of listening to the forced coronavirus ringtone. #coronavirusinindia,Delhi,neutral
2020-03-10,#coronavirus Is it a coincidence that the anagram for corona virus is carnivorous? We know it started from eating wild animals - but which animal is not wild ? -Maneka Sanjay Gandhi,Delhi,neutral
2020-03-10,@drharshvardhan speaks to @shailajateacher to take stock of #CoronaVirus situation in Kerala. #CoronaVirusUpdate #COVID19 – at Nirman Bhavan,Delhi,joy
2020-03-10,Headlines in the Time of Coronavirus   ,Delhi,neutral
2020-03-10,Happy Holi everyone. Stay away from public gathering drink corona but don't infect from Corona Virus. #happyholi #holiathome #safeholi @Gurdwara Sri Guru Singh Sabha Saket https://www.instagram.com/p/B9jMB1EnVXO/?igshid=vkropvayf3yr,Delhi,joy
2020-03-10,Stay safe.. stay aware .. 10 reasons why you don’t need to panic about coronavirus https://theprint.in/health/10-reasons-why-you-dont-need-to-panic-about-coronavirus/378204/ via @ThePrintIndia,Delhi,neutral
2020-03-10,@PMOIndia @narendramodi @HMOIndia @DrSJaishankar Spain's condition is becoming similar to Italy in terms of Corona virus lots of spanish tourists are coming to India  please take note of this. ,Delhi,sadness
2020-03-10,NEW: First cases of coronavirus confirmed in Panama and Mongolia.,Delhi,sadness
2020-03-10,The best way to fight #coronavirus ,Delhi,joy
2020-03-10,In the midst of Corona virus advisor  congress started doing Namaste but BJP continued hugging.,Delhi,surprise
2020-03-10,Qatar has banned entry of people from India  amid Corona Virus suspiscion. What are we waiting for? Why aren't we banning travel to Dubai  when we knw tht people are bringing Corona Virus frm Dubai. @MEAIndia @PMOIndia,Delhi,surprise
2020-03-10,I wish all my follower very happy Holi with lots of colors and happiness. Let us spread true love every where Chinese corona virus will get killed automatically. Spread love among all humans . Kill all inhumane  terror spreading people  anti national and their thoughts.,Delhi,surprise
2020-03-10,@goibibo @AirAsiaSupport @AirAsiaIndian @AirAsia Due to corona virus everybody helping because of safety reasons. I have booked my father ticket Delhi to Malaysia round trip 15th March onward and return 10th April but I am getting error non refundable ticket.,Delhi,neutral
2020-03-10,Cases in India crosses 50 with Kerala confirming 6 cases  Karnataka confirming 3 cases. #Coronavirus ,Delhi,anger
2020-03-10,Kerala Chief Minister Pinarayi Vijayan: Six More Cases Of #Coronavirus Have Been Confirmed In Kerala @vijayanpinarayi @KeralaTourism @CMOKerala @dr_maheshsharma @COVID19Update #coronavirusinindia #CoronavirusOutbreak @MoHFW_INDIA @drharshvardhan,Delhi,surprise
2020-03-10,@SHEIN_official will you please reply urgently. I had ordered a short with you. I get delivery yesterday ane i was worry about #coronavirus. I opened packet and found poly where printed MADE IN CHINA. Can u assure me that i can open and use product. Reply immediately.,Delhi,surprise
2020-03-10,First sensible piece on #coronavirus that I’ve read - “The moral action at the moment appears to be to sit at home and be fearful. In due course this is an action which will be revealed as neither moral nor practical.” We can’t stop living with the fear of catching some bug. ,Delhi,neutral
2020-03-10,Maldives Govt's response to @WIONews question on its handling of #coronavirus crisis. ,Delhi,neutral
2020-03-10,To assume that summer may help tackle virus isn't sensible.Nobody has the evidence to back this up. Better we don't believe this "false hope" Chinese analysts are giving us. Till then follow the general advisory given by top health organisations & be safe!! #coronavirus,Delhi,joy
2020-03-10,how did corona virus spread in Italy so much.,Delhi,neutral
2020-03-10,If you are sick of the Corona virus caller tune before every call- just hit the #button. It will skip the tune and connect directly ,Delhi,disgust
2020-03-10,IAF C-17 returned from Iran to Hindan airbase this morning with 58 Indian citizens onboard. The passengers included 25 men  31 women and 2 children. The aircraft also carried 529 samples for investigation: Air Force Statement on #Coronavirus evacaution from Iran ,Delhi,joy
2020-03-10,PM: No Holi Milan this time in view of Corona Virus. Ghaziabad folks: ,Delhi,neutral
2020-03-10,Airlines are now flying between Chennai to Bangalore at a price which is slightly more than a sleeper  volvo bus #aviation #coronavirus ,Delhi,neutral
2020-03-10,Whole Italy under lockdown for #coronavirus. All 60 million in their homes. Unreal,Delhi,neutral
2020-03-10,Indian aviation at first thought to be insulated against #coronavirus outbreak is now bleeding- The robust domestic market is now seeing a dip in occupancy by 15 % prompting fear that aircraft will be grounded soon rather than flying at loss #aviation,Delhi,sadness
2020-03-10,#HappyHoli2020 May the colours of Holi bring cheer and happiness to your life - posting a slightly dated picture of #Holi celebration before #coronavirus Things are quite muted today in #Delhi,Delhi,surprise
2020-03-10,Wishing everyone a #HappyHoli! Let us make this Holi memorable by splashing colors of love on each other. Dont forget to stay safe &amp; secure from #Coronavirus. #2020 ,Delhi,anger
2020-03-10,The diversity. #coronavirus ,Delhi,neutral
2020-03-10,Delhi police claimed that there is evidence  suggest that Danish was playing a key role in funding the #DelhiRiots2020 and the #AntiCAAProtests . It's clear that their propaganda is to unstable the govt. and spread communal hatred. #MeraRangMeriHoli #coronavirus #DelhiViolence – at Shahdara,Delhi,anger
2020-03-10,@IITKanpur @karandi65 Sir  as a precaution  kindly check all students and faculty for any symptom of Coronavirus when they come back to campus after mid semester break.,Delhi,joy
2020-03-10,Coronavirus is threatening to prevent  excuse the pun  Liverpool's Coronation. Even Coronavirus can't prevent them from winning the title this year The Long Age of Defiance is finally ending. Coronavirus will look like Moronavirus &amp; Liverpool will be CHAMPIONS OF ENGLAND. ,Delhi,joy
2020-03-10,I was one of the new customer of your airline but due to coronavirus cancelled ticket as I was traveling with my family. If you value my decision to safe by family and society in getting infacted from this virus  you will consider your customers request. Hoping u will rethink ,Delhi,surprise
2020-03-10,Coronavirus update  Asia: - Iran: 595 new cases - South Korea: 165 new cases - China: 40 new cases - Bahrain: 24 new cases - Malaysia: 18 new cases - UAE: 14 new cases - Philippines: 14 new cases - Indonesia: 13 new cases - Singapore: 10 new cases - India: 4 new cases,Delhi,neutral
2020-03-10,Coronavirus update  Iran: - 595 new cases today - 7 161 cases in total - 2 394 recovered - 237 deaths - nearly 10% of parliament infected,Delhi,joy
2020-03-10,Holi in the times of coronavirus: Avoid pool parties  doctors advise https://indianexpress.com/article/cities/chandigarh/avoid-holi-celebration-in-pool-parties-doctors-advise-6307500/ via @IndianExpress #MeraRangMeriHoli,Delhi,neutral
2020-03-10,Pre recorded corona virus audio msgs before every call in India should be @MoHFW_INDIA @drharshvardhan @TRAI @rsprasad @rsprasad @MIB_India @GoI_MeitY @DoT_India,Delhi,neutral
2020-03-10,Kirkland nursing home  Washington state: - 19 deaths linked to coronavirus - 55 residents remained - 65 test kits received - 31 residents tested positive - 20 residents waiting for results - 70 employees showing symptoms,Delhi,joy
2020-03-10,Wish you a very Happy & Safe #Holi #Holi2020 #Colours #Festival #LathmaarHoli #Bhang #FestivalOfColours #Tradition #Occasion #Gathering #India #holihai #coronavirus #CoronaAlert #CoronavirusOutbreak #holi #happyholi… https://www.instagram.com/p/B9iSHp6Jnnj/?igshid=91ien54ocyt,Delhi,joy
2020-03-10,I think a separate way of spreading awareness on corona virus should be devised instead of painfully long pre connection audio message which most of the ppl are anyways not listening &amp; it compromises other emergency situations like medical or urgency calls @MoHFW_INDIA @TRAI,Delhi,sadness
2020-03-10,JUST IN: France's culture minister tests positive for coronavirus.,Delhi,joy
2020-03-10,NEW: France reports 286 new cases of coronavirus today and 11 new deaths. A total of 1 412 cases and 30 deaths.,Delhi,neutral
2020-03-10,NEW: First two deaths from coronavirus reported in Germany.,Delhi,sadness
2020-03-10,Now  no country remain unaffected. Can India monitor/#Quarantine all air-travel passengers coming from abroad for at least 2 weeks? It would be better strategy rather than reaching the stage of lockdown of town/cities? @MoHFW_INDIA @WHO #coronavirusindia #COVID2019 #coronavirus ,Delhi,sadness
2020-03-10,BREAKING: Italy reports 1 797 new cases of coronavirus and 97 new deaths. A total of 9 172 cases and 463 deaths.,Delhi,neutral
2020-03-10,State of emergency due to coronavirus: - Ohio - Illinois - New York - Rhode Island - New Jersey - Utah - Kentucky - Pennsylvania - Indiana - Maryland - California - Florida - Washington,Delhi,neutral
2020-03-10,BREAKING: New Jersey  Rhode Islands  Illinois  and Ohio declaring state of emergency over coronavirus.,Delhi,neutral
2020-03-10,If you all are getting a bit annoyed by the new corona virus advisory every time making a call  press #the message will stop and the call will go thru. #COVID2019 #Mobile #Announcement #coronavirusindia,Delhi,neutral
2020-03-10,Sir  If you all are getting a bit annoyed by the new corona virus advisory every time making a call  press #the message will stop and the call will go thru. #COVID2019 #Mobile #Announcement #coronavirusindia #followformore,Delhi,neutral
2020-03-10,If you all are getting a bit annoyed by the new corona virus advisory every time making a call  press #the message will stop and the call will go thru. #COVID2019 #Mobile #Announcement #coronavirusindia,Delhi,neutral
2020-03-10,If you all are getting a bit annoyed by the new corona virus advisory every time making a call  press #the message will stop and the call will go thru.Cheers :) #COVID2019 #Mobile #Announcement #coronavirusindia #followformore,Delhi,neutral
2020-03-10,Try alcohol... Will help kill corona virus,Delhi,joy
2020-03-10,For folks in Kashmir this narration by @SaqibManzur (good job Saqib ) on COVID-19 should be in every WhatsApp Group. DO NOT PANIC  maintain good hygiene! #COVID19 #CoronavirusOutbreak #India #Kashmir,Delhi,joy
2020-03-10,We are supporting Government of India who is doing a great job re/ #COVID19 we want everyone to stay safe.,Delhi,joy
2020-03-10,Let's learn from #Rwanda @MoHFW_INDIA @drharshvardhan #COVID2019 #COVID19 #CoronavirusOutbreak #CoronaVirusUpdate #Corona,Delhi,neutral
2020-03-10,@drharshvardhan speaks to @shailajateacher to take stock of #CoronaVirus situation in Kerala. #CoronaVirusUpdate #COVID19 – at Nirman Bhavan,Delhi,joy
2020-03-10,Im kinda scared it’s gonna triggered a new round of #COVID19 cases,Delhi,fear
2020-03-10,How has South Korea managed to keep #COVID19 deaths so low  while Italy is struggling? Both have similar number of confirmed cases. Any insights from @WHO ? Lessons for us @MoHFW_INDIA .,Delhi,sadness
2020-03-10,I wouldn’t say we are after Holi  however let’s have a healthy and safe Holi this year. #COVID19 means we need to change some of our activities at this time to keep everyone safe.,Delhi,joy
2020-03-10,Good morning and Happy Holi! As we enjoy the colourful festival of #Holi   simple steps will protect us and others from #COVID19. Correct information eliminates rumors. Share the below link with your family and friends to be their helpdesk today. https://wa.me/919321398773?text=hi,Delhi,joy
2020-03-10,Doesn’t it make sense to screen before security/at check-in rather than flying & landing(increasing the chances of contamination?)Just thinking out loud. @DGCAIndia @LiveFromALounge @TheSanjivKapoor @DelhiAirport @BLRAirport @CDCemergency @WHO #COVID2019 #coronavirus @JFKairport,Pondicherry,anger
2020-03-10,Ravan’s face = coronavirus ,Pondicherry,neutral
2020-03-10, Corona Virus Effects ,Pondicherry,neutral
2020-03-10,Don't hate someone just like coronavirus.,Jaipur,anger
2020-03-10,A guy just sneezed at the back of my head. India  PLEASE  understand how lethal #coronavirus is!!,Jaipur,joy
2020-03-10,What is the actual about corona spread in USA.. I n last 50 yrs I have never seen world most powerful countries are feeling so helpless. Better seek help from PM Modi..our Aurvadic treatment is very effective in fighting from corona virus.,Jaipur,sadness
2020-03-10,#India has first time used HIV drugs on Italian couple suffering from #coronavirus in #Jaipur. http://www.esakal.com #Sakal #SakalNews #viral #news #SakalMedia #coronavirusindia #Coronavid19 #COVID19 #CoronaVirusUpdate,Jaipur,sadness
2020-03-10,#India has first time used HIV drugs on Italian couple suffering from #coronavirus in #Jaipur. http://www.esakal.com #Sakal #SakalNews #viral #news #SakalMedia #coronavirusindia #Coronavid19 #COVID19 #CoronaVirusUpdate,Jaipur,sadness
2020-03-10,Stanford cancels classes in response to novel coronavirus outbreak http://dlvr.it/RRdYkH,Chennai,neutral
2020-03-10,Only for Airtel Network : To remove the coronavirus awareness audio permanently. Dial *646*224#and press 1 to deactivate.,Chennai,anger
2020-03-10,The Corona Virus phone awareness is a very good initiative taken by the govt of India. However to serve the purpose it should have been done in respective regional languages.. : @soundar4uall,Chennai,joy
2020-03-10,All we need to do is relax and stay safe These are some factors to take care according to UNICEF. Let's fight this and stay strong! #corona #covıd19 #coronavirus #staysafe #coronasafety #covid2019 #covidprevention #coronavirusindia #covidindia,Chennai,joy
2020-03-10,The Corona Virus phone awareness is a very good initiative taken by the govt of India. However to serve the purpose it should have been done in respective regional languages @onlynikil,Chennai,joy
2020-03-10,PRESS 1 to bypass/skip #coronavirus message on Airtel  Jio  and Vodafone,Chennai,neutral
2020-03-10,The bespoke virus effect: Apple and the coronavirus http://dlvr.it/RRbS1s,Chennai,neutral
2020-03-10,Issued in Public Interest @TheDeverakonda lists out Dos and Don'ts in the outbreak of #Coronavirus Need not panic about #Corona,Chennai,neutral
2020-03-10,@sardesairajdeep Don't you think freedom to do what one wants as treatment is missing in the country? Can we see a discussion in @IndiaToday ? Man under observation for coronavirus goes missing from Karnataka hospital - India News ,Chennai,joy
2020-03-10,The #coronavirus is closer to causing a pandemic  but outbreaks in countries can still be controlled through a combination of containment and mitigation measures  the #WorldHealthOrganization (WHO) said on Monday.,Chennai,joy
2020-03-10,Indian Wells cancelled due to Corona Virus. No Federer. No Indian Wells #Fedoracle.,Chennai,neutral
2020-03-10,Those who started the whole 'Press 1 to avoid the Coronavirus audio recording' info and gave false hope deserve a special place in Hell,Chennai,surprise
2020-03-10,Hello @Airtel_Presence we need an option to skip the coronavirus message can’t keep listening to it endlessly. Please fix this. #TRAI,Chennai,joy
2020-03-10,All we need to do is relax and stay safe These are some factors to take care according to UNICEF. Let's fight this and stay strong! #corona #covıd19 #coronavirus #staysafe #coronasafety #covid2019 #covidprevention #coronavirusindia #covidindia,Chennai,joy
2020-03-10,Debuted same time but there is a huge wealth difference in these actresses  see list https://www.timesofhindustan.in/2020/01/04/debuted-same-time-but-there-is-a-huge-wealth-difference-in-these-actresses-see-list/ via @The Times of Hindustan,Kolkata,joy
2020-03-10,Our pm is really hard _ working. Closely monitoring Corona _ virus  horse_trading to form govt in MP. Meanwhile Yes Bank sank thanks to Anil bhai  subhash ..A virus more dangerous than the deadly virus.,Kolkata,joy
2020-03-10,Is Corona virus is end of human life after all nature is giving us punishment ,Kolkata,neutral
2020-03-10,Sanjeeva Kumar  Special Secretary (Health)  Union Health Ministry: e-Visas and existing visas for France  Germany and Spain are suspended with immediate effect in addition to Italy  Iran  Republic of Korea  Japan and China. #coronavirusindia #coronavirus ,Kolkata,neutral
2020-03-10,Coronavirus came to India  now it has signed up as a delivery boy for a start up.,Kolkata,neutral
2020-03-10,But so what ? In Madhya Pradesh Corona virus won. Meanwhile states like Kerala do their best to fight the Corona virus. The greatest danger to India is from Sanghi virus.,Kolkata,joy
2020-03-10,The states with any good infrastructure about health like Kerala all ready and fighting with what can happen due to Corona virus. Meanwhile a Cong leader whose father was such a super human even going against his mother. I think buying legislators more imp Jyoti sindhya God bless,Kolkata,joy
2020-03-10,Dilip : I'm infected with Corona virus... Amit: Stay away... Dilip Bhakts : ,Kolkata,neutral
2020-03-10,Statements on coronavirus show Donald Trump can't handle the truth and neither can America's right-wingers ,Kolkata,joy
2020-03-10,It's not right time to pass the buck to other  rather WC must make a conserted effort to fight out Coronavirus. ,Kolkata,neutral
2020-03-10,Corona virus outbreak in #Corona Bulgeria https://www.arijitbhattacharyya.com/blog-coronavirus-outbrea-Bulgaria.html #virus #bulgeria,Kolkata,neutral
2020-03-10,No other News is as good as this. #teheran #indian #coronavirus ,Kolkata,joy
2020-03-10,Wish you all a very happy and prosperous Holi #smilengo Waiting for motivated volunteers. Please follow WHO guidelines about Corona Virus &amp; stay healthy. http://www.smilengo.org  http://www.workcampindia.org  http://www.volunteerwork.in  http://www.volunteerservices.net,Kolkata,joy
2020-03-10,The work-from-home and #coronavirus era.... ,Kolkata,neutral
2020-03-10,Play Safe Be Safe "Two tests positive for Coronavirus in Pune  total cases rise to 47" ,Kolkata,joy
2020-03-10,I wasn't the Coronavirus scare. Nor was it the Delhi riots that got the Bengali bhadralok's goat. It was four words painted on the backs of four college girls that shook up the Bengali Bhadralok  as they celebrated Basanta Utsav [Spring Festival] at the Rabindra Bharati Univty. ,Kolkata,surprise
2020-03-10,Israel Helps Evacuate Tourists in Bethlehem Amid Coronavirus Outbreak https://www.jerusalemonline.com/israel-helps-evacuate-tourists-in-bethlehem-amid-coronavirus-outbreak/ via @JOL,Kolkata,neutral
2020-03-10,Strange coincidence that all worst affected -@Covid19 cases are along the same @Latitude40ํ : From left: France Italy Iran Wuhan S.Korea Japan Seattle Washington NewYork Received through WA,Kolkata,joy
2020-03-10,She : I am a Wanderlust COVID19 : #COVID19 #covid19india #coronavirusindia,Kolkata,neutral
2020-03-10,But so what ? In Madhya Pradesh Corona virus won. Meanwhile states like Kerala do their best to fight the Corona virus. The greatest danger to India is from Sanghi virus.,Kolkata,joy
2020-03-10,Please cancel or postpone such activity due to #coronavirus in pune.,Pune,joy
2020-03-10,@Two People Test Positive In Pune Two people from Pune in##Maharashtra ##tested positive for novel @coronavirus infection on Monday evening  a health official said. Samples of a man and a woman having a history of travelling to Dubai tested positive in the evenings – at Panchshil  Wagholi,Pune,sadness
2020-03-10,You might be right but this time it has stayed for long in more people. No 1 seems to be able to get rid of the coughing. The corona virus part is diff issue maybe  yet I'm convinced that our screenings R so limited that the number coming out is negligible from actually infected,Pune,surprise
2020-03-10,#COVID2019 #coronavirus We are build to Last. Fear is the deadliest virus. @SwarajyaMag,Pune,joy
2020-03-10,During the Coronavirus outbreak amputees are the safest.,Pune,neutral
2020-03-10,#COVID2019 It's important to differentiate between #Facts and #Opinions. With so much information - news  articles  tweets floating around  the key to consume any information is to apply the filter of #rationale. #coronavirus #COVID19 #COVID19india #COVID,Pune,sadness
2020-03-10,Almost everyone (say 70% folks) I know in #Pune r coughing since a month. No #medicines are working only anti allergy medications are working. Don't know if mutated #coronavirus strain is already around. Tens of thousands of people in Pune must be already infected by #coronavirus,Pune,sadness
2020-03-10,Corona virus as it come across me..... China Japan Korea European countries UK and Italy India Hyderabad Rajasthan Pune Sinhagad road.. hope it stops here.. #coronavirusindia,Pune,joy
2020-03-10,Hello Punekar’s Alert.. 2 coronavirus cases confirmed in Pune.. Stay safe  stay protected  stay alert...,Pune,joy
2020-03-10,What if the online delivery guy has corona virus ,Pune,surprise
2020-03-10,Bull of Dalal street and other market around the world got corona virus ,Pune,surprise
2020-03-10,It'll be no brainer if #VIVOIPL completely get shelved due to #coronavirus outbreak! @BCCI &amp;other broadcasters already making enough revenue by digital rights through TV&amp; online platforms just make an assurance of safety of players  will get enough spectacors on online platforms!,Pune,neutral
2020-03-10,Maharashtra & Karnataka Governments denies to host IPL matches due to coronavirus scares! #IPLT20 #IPL2020 #coronavirus #COVID2019 #CoronavirusOutbreak #BCCI #Coronavid19 #IPL,Pune,fear
2020-03-10,Modi's ministers are taking very high efforts to vanish #coronavirus from India. I hope they succeed. @RamdasAthawale – at New Pune Bakety,Pune,joy
2020-03-10,Blast from the past . . Throwing it back to the day we spent soaking in comforts of a sustainable home stay ecohamletpune and natural beauty surrounding it. Amidst the anxious times due to the Coronavirus… https://www.instagram.com/p/B9jC4MXlT3K/?igshid=1pdx6og4irm1g,Pune,joy
2020-03-10,@Airtel_Presence It’s impossible to confirm that other person’s mobile phone ranged or not due to forced corona virus alert audio message. I’m highly annoyed with this.,Pune,neutral
2020-03-10,Cooling system like AC should be shut down in public places  public transport  (temperature should be high) cold chain for food supplies should be monitored it will certainly stop the spread in our climate #coronavirus @abpmajhatv @MoHFW_INDIA,Pune,sadness
2020-03-10,If corona virus is not controlled as soon as possible it will have major effects on economy. And it can also lead to significant loss of life. Economic condition like 2008 may also occur.We r already facing financial crisis so if this crisis comes then there is a possibility 1/3,Pune,neutral
2020-03-10,When the entire world is fighting for #coronavirus   our politicians are busy in deals .#whatashame .Jyotiraditya Scindia may be inducted into Modi govt  get BJP's backing for Rajya Sabha berth | via @IndiaTVNews,Pune,joy
2020-03-10,I think even HIV left us #coronavirus #COVID19,Pune,joy
2020-03-10,Fantastic initiative by most #Indian International #airports to scan/test every traveler flying in from a different country in the wake of the #coronavirus outbreak. Yes  it takes times and yes  you may have to wait in line after a long flight but safety always comes first.,Pune,surprise
2020-03-10,An uniquely Chinese way of fighting the coronavirus. Impossible to reproduce in India. ,Pune,neutral
2020-03-10,#HappyHoli Take proper precautions no need to panic. Pls take care from #Coronavirus #COVID19. Forget all your problems &amp; enjoy this Holi with the brightest colours.Wishing you &amp; your loved ones a very bright life ahead as bright &amp; colourful as Holi colours itself. Play safe holi,Pune,sadness
2020-03-10,Avoid girls who love traveling. #COVID19,Pune,joy
2020-03-10,#COVID2019 It's important to differentiate between #Facts and #Opinions. With so much information - news  articles  tweets floating around  the key to consume any information is to apply the filter of #rationale. #coronavirus #COVID19 #COVID19india #COVID,Pune,sadness
2020-03-10,And this is not a panic tweet probably we are already showing resistance to the virus. #COVID19 #COVID19india #coronavirusindia #CoronaVirusUpdate #CoronavirusOutbreak #Coronavid19 #Corona,Pune,neutral
2020-03-10,I think even HIV left us #coronavirus #COVID19 ,Pune,joy
2020-03-10,My whole building is colourless  no one is playing Holi. #COVID19,Pune,sadness
2020-03-10,#Covid19 - is one of top ten butterfly effects ; how one man eats bat in #China throws the world in recession,Pune,surprise
2020-03-10,#HappyHoli Take proper precautions no need to panic. Pls take care from #Coronavirus #COVID19. Forget all your problems &amp; enjoy this Holi with the brightest colours.Wishing you &amp; your loved ones a very bright life ahead as bright &amp; colourful as Holi colours itself. Play safe holi ,Pune,sadness
2020-03-10,Times of India: 14 more coronavirus cases in Kerala  Karnataka  Pune; 58 Indians brought back from Iran. https://timesofindia.indiatimes.com/india/12-more-coronavirus-cases-in-kerala-karnataka-pune-58-indians-brought-back-from-iran/articleshow/74566386.cms? via @GoogleNews,Hyderabad,surprise
2020-03-10,8 new #coronavirus cases in Kerala; theatres  colleges closed till April. ,Hyderabad,joy
2020-03-10,58 Coronavirus Cases Diagnosed in #Israel  Tel Aviv Airport Limits Operations. #COVID19 #COVID2019 #COVID2019 #CoronaVirusUpdate,Hyderabad,neutral
2020-03-10,#we #indians have one of the toughest #immunesystem #coronavirus #CoronaVirusUpdate #coronavirusindia #Coronavid19 #COVID2019 #COVID,Hyderabad,sadness
2020-03-10,IAF rescues 58 Indians stranded in Iran amid #coronavirus outbreak An #IAF aircraft  carrying mostly #pilgrims and #students  landed at #Ghaziabad's Hindon #airbase just before 10 am Tuesday morning. An estimated 1 200 #Indians remain in #Iran.,Hyderabad,joy
2020-03-10,CoronaVirus Caller Tune Affected on @Google How to stop #CoronaVirusCallerTune ? #Google @ANI @PTI_News @CNNnews18 @IndianExpress @the_hindu @DeccanChronicle @TheHansIndiaWeb @thenewsminute,Hyderabad,joy
2020-03-10,Nt a sngle Company is supporting in tough situation like CORONA by providing free MASK & SANITIZER 2 the needy/poor people. boycott for conecntrting nly on money. Neva gonna shp 4m thm #coronavirus #coronavirusindia @ts_health @amazonIN @Flipkart @TelanganaCMO,Hyderabad,sadness
2020-03-10,Hyderabad: First ever #coronavirus positive patient who is in isolation ward of Gandhi Hospital has been tested negative for 1 of the 2 tests  2nd test result is to come tomorrow. @Eatala_Rajender,Hyderabad,surprise
2020-03-10,Why coronavirus testing takes 15 minutes in China and a day in India https://m.hindustantimes.com/india-news/here-s-why-coronavirus-testing-takes-15-minutes-in-china-and-a-day-in-india/story-nefuBjex5oSLXy8WbLPqVL.html?utm_campaign=fullarticle&amp;utm_medium=referral&amp;utm_source=inshorts #COVID2019 #coronavirus,Hyderabad,joy
2020-03-10,Due to the Impact on #COVID2019 #coronavirus . Saudi Arabia cuts the Oil prices. It's the major relirf to the INDIAN Economy. @KiranKS @Swamy39,Hyderabad,disgust
2020-03-10,#COVID2019 #coronavirus #whatsapp I never tag any one but wants ask few of my friends have you expected this? @nidhi_budha @drgynaec @srrashmi1 @itishreena,Hyderabad,sadness
2020-03-10,#Italy locking down the entire country of 60mn is probably needed  but it is incredible  drastic and close to illegal(?) ... Never thought west could do east ! #COVID2019 #italylockdown #coronavirus ... Where will all this end ??,Hyderabad,sadness
2020-03-10,I'm not a Congress supporter but i believe Congress is million times better than BJP. Congress never harmed the ethos of the country. BJP is the worst than corona virus #MadhyaPradeshCrisis,Hyderabad,sadness
2020-03-10,#Coronavirus latest: -Cases surpass 113 000 worldwide; deaths exceed 3 900 -South Korea reports 131 new cases -Italy to become the first country to attempt a nationwide lockdown -Infections top 1 000 each in France  Spain and Germany. #COVID2019,Hyderabad,surprise
2020-03-10,Public Safety Announcement Fighting #CoronaVirus. @TheDeverakonda,Hyderabad,neutral
2020-03-10,Public Safety Announcement Fighting #CoronaVirus. We have to do this together. Wishing good health to all of you! Love  #VijayDeverakonda.,Hyderabad,sadness
2020-03-10,This year  as an initiative towards saving water and taking all safety measures against #coronavirus  the residents of Vamsi Paradise came up with a special theme for Holi - "Healthy Haldi Holi"! We played holi… https://www.instagram.com/p/B9jIQWkJ7U0/?igshid=1sgtb9vrcxtwe,Hyderabad,joy
2020-03-10,Best way of being safe from corona virus by @RamdasAthawale. Go corona ,Hyderabad,joy
2020-03-10,Hope this epidemic ends soon. No major damage in India and I hope it stays that way. #coronavirus ,Hyderabad,joy
2020-03-10,@hvgoenka new mantra from our honarable MP #coronavirus Bhago ,Hyderabad,neutral
2020-03-10,Ur expression when you hear #coronavirus alert on phone. ,Hyderabad,joy
2020-03-10,You can betray your nation in many ways. These kind of people are more dangerous than #CoronaVirus #COVID2019,Hyderabad,sadness
2020-03-10,The World Health Organisation warned on Monday there was now a "very real" threat that the global outbreak of the new deadly coronavirus will become a pandemic  but stressed the virus could still be controlled. #WHO #COVID2019,Hyderabad,neutral
2020-03-10,With #Coronavirus being a global concern  all social platforms are doing their best to limit the spread of harmful misinformation. If you’re looking for accurate information related to COVID-19  @Twitter is pointing us in the direction of these accounts @who @cdcgov – at Mumbai Central,Hyderabad,joy
2020-03-10,COVID19 AINT JOKE  SCREWING UP EVRYTHING ,Hyderabad,neutral
2020-03-10,58 Coronavirus Cases Diagnosed in #Israel  Tel Aviv Airport Limits Operations. #COVID19 #COVID2019 #COVID2019 #CoronaVirusUpdate,Hyderabad,neutral
2020-03-10,The easiest way to remind our ss to keep safe is to make them part of the campaign. Instead of just sharing various ways to greet people  I suggested for all elementary ss & ts to create our own PSA against #COVID19 using #Clips #everyonecancreate #ISHVipers #AppleTeacher – at ICRISAT,Hyderabad,anger
2020-03-10,Infrastructure placed without accountability! I am positive will come once COVID19 monitoring starts! ,Hyderabad,surprise
2020-03-10,Okay  so #SerieA is suspended and most of the other league games are being played behind closed doors. We all know how important fans are to a football game. If you were a footballer what would you rather prefer? #Coronavirus #LaLiga #UCL #Football,Bangalore,sadness
2020-03-10,Mbappe's coronavirus test turned out to be negative.,Bangalore,surprise
2020-03-10,“They saw that I had Mongoloid features after I took off my pollution mask. After that they screamed  ‘Aye  coronavirus!’ I was too shocked to react ” one of the women  who studies at Hansraj College  said. ,Bangalore,joy
2020-03-10,Shake less hands and make more connections!! Maintain hygine and stop the spread of coronavirus #handshake #coronavirus #events #event #fieldmarketing #habits #culture #covid19 #washyourhands #greeting #meetings… https://www.instagram.com/p/B9kJdu7nrz1/?igshid=1lc759j6954tx,Bangalore,anger
2020-03-10,This is ridiculous.. Coronavirus is not a virus but it is a business,Bangalore,joy
2020-03-10,I sincerely hope the Karnataka gov is being proactive on #COVID19 . proactive tracking and quarantine can halt the #corona virus spread and beat it . @sriramulubjp @BSYBJP @BBMPCOMM @krishnabgowda @thenewsminute @tv9kannada,Bangalore,neutral
2020-03-10,#coronavirusindia Just few cases of Corona virus in India and people are crazy for mask. Daily Hundreds suffer due to road crashes still no one is crazy for Helmets. #coronavirusbangalore #COVID19,Bangalore,neutral
2020-03-10,Solution for #Corona #Virus. Tips to Gain #Immunity Power. #COVID19india #COVID19 #ChinaVirus #CoronavirusOutbreak #Karnataka #CoronaVirusBangalore @PMOIndia @narendramodi #CoronaMedicine #StopCOVID19,Bangalore,neutral
2020-03-10,Restaurants and pubs in the city suffer losses due to Corona virus. https://youtu.be/MOemftcKCs0 via @YouTube,Bangalore,neutral
2020-03-10,Should I cancel my travel plans in light of the coronavirus outbreak? https://www.lonelyplanet.com/articles/should-i-cancel-travel-plans-coronavirus @lonelyplanet,Bangalore,neutral
2020-03-10,NAMO has got full knowledge on CORONAVIRUS He is giving preventative measures !!,Bangalore,neutral
2020-03-10,Yes @airtelindia @Airtel_Presence i am aware of corona virus! I live in a digital age. Now will you stop bugging me every time i make a phone call!?,Bangalore,anger
2020-03-10,@CBrotastic nice episode #nowplaying #podcast Outbreak Cinema and the Coronavirus - CB - S3EP02 - - Cinematic Brotastic Movie Podcast [Podcast: https://www.podcastrepublic.net/podcast/1423385575]  [Episode: https://anchor.fm/cinematic-brotastic1/episodes/Outbreak-Cinema-and-the-Coronavirus---CB---S3EP02---ebc7rl]  [Media: https://anchor.fm/s/593e6f8/podcast/play/10935605/sponsor/a98olt/https%3A%2F%2Fd3ctxlq1ktw2nl.cloudfront.net%2Fstaging%2F2020-03-09%2Faf4f1976af34cc748dee3c931ed17ecb.m4a] Listen on Podcast Republic @CastRepublic,Bangalore,neutral
2020-03-10,Since number of people being isolated is skyrocketing  here's how the first coronavirus patients in the country survived isolation. By @dhanyarajendran and @Sreedevi_Jay,Bangalore,sadness
2020-03-10,Dell asks employees in one Bengaluru office to work from home as staffer has COVID-19. One of the 4 coronavirus cases in Bengaluru ,Bangalore,joy
2020-03-10,Everyone is aware of how severe the Coronavirus is. It’s important to take care &amp; wash your hands with soap every now &amp; then Many of us can be impatient so we thought it would be easier if you could sing along to an #NCT song while doing it! Stay Safe &amp; hope this helps!,Bangalore,sadness
2020-03-10,Coronavirus: Why Britain could be only weeks away from an Italian-style lockdown ,Bangalore,neutral
2020-03-10,Karnataka government asks companies not to send employees abroad over coronavirus cases. ,Bangalore,sadness
2020-03-10,Live updates: Coronavirus death toll passes 4 000 worldwide ,Bangalore,surprise
2020-03-10,Instead of seeing the Coronavirus epidemic as a business opportunity I wish more and more people would see it as a way of giving back to the society by not marking up prices of essentials. #CoronavirusOutbreak,Bangalore,sadness
2020-03-10,10 Days No Food 99 Injections 232 Cylines 300 Tablets Final Stage Of Corona Virus Ayna parle #Prabhas Anna kosam Trend Chesthunna Jai Prabhas Anna #GetReadyForPrabhas20,Bangalore,neutral
2020-03-10,Thanks to corona virus  my niece's exams are cancelled &amp; she'll be going from class 1 to 2 without having the need to study. My bro &amp; niece are super happy &amp; SIL is worried that she'll drive everyone crazy staying at home. Pity my parents.,Bangalore,joy
2020-03-10,How many kits do we have sir @sriramulubjp ? @BSYBJP https://jio.publicvibe.com/redirect.php?postId=1583837301014812299 #coronavirusindia #CoronavirusOutbreak #Coronavid19 #coronavirusinindia #coronavirus,Bangalore,surprise
2020-03-10,I had booked an international flight to Dubai for an exam  being a student and using all my savings. Amid this coronavirus fear  unfortunately the exam got cancelled 24 hours before my departure and all I'm left with a non refundable flight costing 61k with @emirates booking made,Bangalore,neutral
2020-03-10,People of #India please relax and don't get so panicky cuz corona virus is not even as dangerous as your cancer. It is recoverable  60 000 people have recovered already. ,Bangalore,neutral
2020-03-10,W.H.O. Let the Dogs Out #coronavirus woof woof @sjalan @nandieux,Bangalore,surprise
2020-03-10,@VodafoneIN Ru fed up of the cough that u get to when ur making a call.. To remove the coronavirus awareness audio permanently. Dial *646*224#and press 1 to deactivate. IS IT REAL ?,Bangalore,anger
2020-03-10,Aintree Hospital staff member diagnosed with coronavirus ,Bangalore,neutral
2020-03-10,#Coronavirus callertune is the reason I have switched to WhatsApp calling!,Bangalore,joy
2020-03-10,Karnataka chief minister @BSYBJP has called an emergency meeting with health minister B Sriramulu &amp; medical education minister Sudhakar along with top health department officials on Tuesday afternoon following 4 positive cases of novel coronavirus in the state. @IndianExpress,Bangalore,sadness
2020-03-10,Christian missionaries have found a cure for Corona virus. ,Bangalore,surprise
2020-03-10,Six new coronavirus cases in Kerala. All of them were in contact with the family from Italy who concealed the place of arrival #COVID19india #COVID2019 #Covid19Kerala,Bangalore,neutral
2020-03-10,@MoHFW_INDIA pls restrict the corona virus awareness while we make calls to thrice or twice in a day  it's very irritating to listen to it every time. We do have taken steps at our offices ti maintain hygiene. Thanks. @airtelindia,Bangalore,anger
2020-03-10,Oh no  this is worse than the Corona virus caller tune ,Bangalore,joy
2020-03-10,Corona virus will die  if it's in the room.,Bangalore,fear
2020-03-10,CORONAVIRUS voice message is not getting STOPPED even after Pressing 1 as soon as the message STARTS . #CoronavirusOutbreak,Bangalore,neutral
2020-03-10,All districts in Karnataka not equipped with medical kits to detect the corona virus. @mla_sudhakar @BSYBJP @siddaramaiah Where is your preparedness sir? It took 4 months to enter india  this time was not enough for preparation? #CoronavirusOutbreak #COVID19india #coronavirus,Bangalore,sadness
2020-03-10,@airtelindia @VodafoneIN @BSNL_KTK please stop this rubbish awareness programme. The irritation ofnur awareness is more dangerous than the Corona virus.@BSYBJP @PMOIndia,Bangalore,joy
2020-03-10,The one way to avoid the default Coronavirus message for outgoing calls is to press #as soon as message starts blaring. The message will end immediately upon pressing #&amp; call will go through.,Bangalore,joy
2020-03-10,If you are getting a bit annoyed by the new corona virus advisory  every time making a call. press #The message will stop and the call will go through.,Bangalore,neutral
2020-03-10,Everyone: Yar pareshan ho gaye hai ye Mukesh wale ad se! Corona virus coughing man: Hold my N95 mask..,Bangalore,anger
2020-03-10,Indian airport authority checking travellers from abroad for Corona Virus. ,Bangalore,anger
2020-03-10,.@MoHFW_INDIA @narendramodi @PMOIndia @AmitShah Humbly requesting you to stop corona virus caller tune I have strong hope that we will not get affected by corona virus but we will surely get affected mentally by corona caller tune. #coronavirus,Bangalore,neutral
2020-03-10,I sincerely hope & pray anti-Coronavirus measures in India is not going Beti Padav  Beti Bachav way - more on propaganda  less on containment of deadly virus...!! Given the history of this govt....?! ,Bangalore,sadness
2020-03-10,Don't you think @RahulGandhi should ask resignation of Italian PM..? #CoronaVirus,Bangalore,joy
2020-03-10,Amazing thread that explains how soap kills the #Coronavirus ,Bangalore,surprise
2020-03-10,If ipl is cancelled everyone should get corona virus. It’s not worth living then. ,Bangalore,neutral
2020-03-10,The entire episode of coronavirus restores the ideology that preservation of human life is the ultimate goal often disguised as a lost cause until you find yourself as a close victim to any similar crisis. Markets/economies are simply non linear functions #COVID19 #pandemic,Bangalore,sadness
2020-03-10,Shake less hands and make more connections!! Maintain hygine and stop the spread of coronavirus #handshake #coronavirus #events #event #fieldmarketing #habits #culture #covid19 #washyourhands #greeting #meetings… https://www.instagram.com/p/B9kJdu7nrz1/?igshid=1lc759j6954tx,Bangalore,anger
2020-03-10,I sincerely hope the Karnataka gov is being proactive on #COVID19 . proactive tracking and quarantine can halt the #corona virus spread and beat it . @sriramulubjp @BSYBJP @BBMPCOMM @krishnabgowda @thenewsminute @tv9kannada,Bangalore,neutral
2020-03-10,#coronavirusindia Just few cases of Corona virus in India and people are crazy for mask. Daily Hundreds suffer due to road crashes still no one is crazy for Helmets. #coronavirusbangalore #COVID19,Bangalore,neutral
2020-03-10,Route map published by Kerala State Gov detailing #COVID19 affected persons travel n places they visited last week. Brilliant job collating this data and being proactive to track aggressively.@PMOIndia @CMOKerala @BSYBJP,Bangalore,joy
2020-03-10,And I don't think we are worried enough  scared enough  or prepared enough. Stocking up masks & hand sanitizers isn't going to help. We need large scale measures immediately  officially and individually. We need to take this FAR more seriously. Hope we all stay safe. #COVID19,Bangalore,neutral
2020-03-10,I genuinely don't think a 50-60 number is an accurate representation of the number of #Covid19 infected patients in India. Either we haven't fully grasped or measured the breadth of the outbreak yet or we are purposely not letting out the real numbers.,Bangalore,neutral
2020-03-10,As over 50 cases are confirmed  my worries about #COVID19 scare are: 1. There are hundreds of cases that haven't been found yet because we aren't testing at the level of other countries 2. There are hundreds of cases not being reported to avoid creating panic #coronavirusindia,Bangalore,sadness
2020-03-10,@JM_Scindia thank you for giving some new news to us.. we were tired of discussing #COVID19,Bangalore,fear
2020-03-10,Solution for #Corona #Virus. Tips to Gain #Immunity Power. #COVID19india #COVID19 #ChinaVirus #CoronavirusOutbreak #Karnataka #CoronaVirusBangalore @PMOIndia @narendramodi #CoronaMedicine #StopCOVID19,Bangalore,neutral
2020-03-10,Why have Indian news channels completely forgotten about the rising #COVID19 cases in the country. #media,Bangalore,disgust
2020-03-10,You should read up on the theory of cities along a particular band of longitude being the main epicentres of the spread. #COVID19 ,Bangalore,neutral
2020-03-10,#IHaveNoClarity #COVID2019 #COVID19 #COVID2019uk #COVID #WHO tell us the truth The war on corona is a diplomatic &amp; at the same time a deceptive one B/n 2 extremes #MasksShortage vs #MaskTruth #ProtectMarket vs #ProtectLives #science vs #Politics #Pretension Vs #prevention,Bangalore,joy
2020-03-10,#IHaveClarity #COVID2019 #COVID19 #COVID2019uk #COVID It’s a diplomatic and at the same time a deceptive war between #MasksShortage vs #MaskTruth #ProtectMarket vs #ProtectLives #science vs #Politics,Bangalore,joy
2020-03-10,India handles humongous population as a country. This means we need to be more careful & sensitive than Rest of the World. #COVID19 #India,Bangalore,joy
2020-03-10,Don't think I've retweeted anything from this man before. But here  he just makes sense! #covid19 ,Bangalore,anger
2020-03-10,The entire episode of coronavirus restores the ideology that preservation of human life is the ultimate goal often disguised as a lost cause until you find yourself as a close victim to any similar crisis. Markets/economies are simply non linear functions #COVID19 #pandemic,Bangalore,sadness
2020-03-10,Wow!!! India’s social justice minister offers a lesson to fight #coronavirus. @DilliDurAst @binotiamam,Ahmedabad,sadness
2020-03-10,The delivery guy would be avoiding the #coronavirus route #coronavirusindia,Ahmedabad,neutral
2020-03-10,Let's avoid spreading misinformation about corona #coronavirus #coronavirusindia #CoronavirusOutbreak #medtwitter,Ahmedabad,neutral
2020-03-10,But Italy lockeddown #coronavirus ,Ahmedabad,neutral
2020-03-10,#coronavirus might commit suicide after seeing this! Prayers of Corona go!!! ,Ahmedabad,joy
2020-03-10,Shares of #Gujarat #firms see 8-11% fall... ... click below link to read full report below: https://ahmedabadmirror.indiatimes.com/ahmedabad/others/shares-of-guj-firms-see-8-11-fall/articleshow/74558682.cms #coronavirus #stockmarketcrash #banking #yesbankcrisis #CrudeOil,Ahmedabad,joy
2020-03-10,Love the German approach to coronavirus!,Ahmedabad,joy
2020-03-10,Friendly reminder! #COVID19 ,Ahmedabad,joy
2020-03-10,He is more dangerous than corona virus ,Visakhapatnam,sadness
2020-03-10,Travel safe with precautions... Be cautious from #corona #virus Tirupati Ananthpur @Tirupati https://www.instagram.com/p/B9ix1EYnixl/?igshid=1nuich37t43fk,Tirupati,joy
